"Date de résultat du test","Tests négatifs","Tests positifs","Pourcentage de positivité","Annotations 1"
"2020-01-23 00:00:00",2,0,0
"2020-01-24 00:00:00",0,0,0
"2020-01-25 00:00:00",0,0,0
"2020-01-26 00:00:00",0,0,0
"2020-01-27 00:00:00",0,0,0
"2020-01-28 00:00:00",0,0,0
"2020-01-29 00:00:00",0,0,0
"2020-01-30 00:00:00",1,0,0
"2020-01-31 00:00:00",0,0,0
"2020-02-01 00:00:00",0,0,0
"2020-02-02 00:00:00",0,0,0
"2020-02-03 00:00:00",1,0,0
"2020-02-04 00:00:00",0,0,0
"2020-02-05 00:00:00",0,0,0
"2020-02-06 00:00:00",0,0,0
"2020-02-07 00:00:00",2,0,0
"2020-02-08 00:00:00",0,0,0
"2020-02-09 00:00:00",0,0,0
"2020-02-10 00:00:00",1,0,0
"2020-02-11 00:00:00",2,0,0
"2020-02-12 00:00:00",2,0,0
"2020-02-13 00:00:00",1,0,0
"2020-02-14 00:00:00",2,0,0
"2020-02-15 00:00:00",0,0,0
"2020-02-16 00:00:00",0,0,0
"2020-02-17 00:00:00",5,0,0
"2020-02-18 00:00:00",0,0,0
"2020-02-19 00:00:00",2,0,0
"2020-02-20 00:00:00",1,0,0
"2020-02-21 00:00:00",1,0,0
"2020-02-22 00:00:00",0,0,0
"2020-02-23 00:00:00",0,0,0
"2020-02-24 00:00:00",6,0,0
"2020-02-25 00:00:00",5,0,0
"2020-02-26 00:00:00",13,0,0
"2020-02-27 00:00:00",6,0,0
"2020-02-28 00:00:00",8,0,0
"2020-02-29 00:00:00",12,0,0
"2020-03-01 00:00:00",12,0,1.12
"2020-03-02 00:00:00",8,0,1.12
"2020-03-03 00:00:00",9,0,1.12
"2020-03-04 00:00:00",9,0,1.12
"2020-03-05 00:00:00",16,0,1.12
"2020-03-06 00:00:00",20,1,1.12
"2020-03-07 00:00:00",14,0,1.12
"2020-03-08 00:00:00",13,0,0.95
"2020-03-09 00:00:00",29,0,0.95
"2020-03-10 00:00:00",67,0,0.95
"2020-03-11 00:00:00",88,2,0.95
"2020-03-12 00:00:00",99,1,0.95
"2020-03-13 00:00:00",64,1,0.95
"2020-03-14 00:00:00",164,1,0.95
"2020-03-15 00:00:00",152,2,4.57
"2020-03-16 00:00:00",204,5,4.57
"2020-03-17 00:00:00",154,2,4.57
"2020-03-18 00:00:00",400,7,4.57
"2020-03-19 00:00:00",633,28,4.57
"2020-03-20 00:00:00",686,28,4.57
"2020-03-21 00:00:00",1115,88,4.57
"2020-03-22 00:00:00",874,93,9.13
"2020-03-23 00:00:00",933,128,9.13
"2020-03-24 00:00:00",1476,121,9.13
"2020-03-25 00:00:00",2159,144,9.13
"2020-03-26 00:00:00",1972,170,9.13
"2020-03-27 00:00:00",1992,283,9.13
"2020-03-28 00:00:00",1881,195,9.13
"2020-03-29 00:00:00",2534,265,13.94
"2020-03-30 00:00:00",2723,296,13.94
"2020-03-31 00:00:00",2192,338,13.94
"2020-04-01 00:00:00",1565,321,13.94
"2020-04-02 00:00:00",1864,375,13.94
"2020-04-03 00:00:00",1697,297,13.94
"2020-04-04 00:00:00",1632,410,13.94
"2020-04-05 00:00:00",1146,259,20.62
"2020-04-06 00:00:00",1233,345,20.62
"2020-04-07 00:00:00",1658,440,20.62
"2020-04-08 00:00:00",1322,330,20.62
"2020-04-09 00:00:00",1576,473,20.62
"2020-04-10 00:00:00",1310,335,20.62
"2020-04-11 00:00:00",1257,287,20.62
"2020-04-12 00:00:00",1720,434,21.06
"2020-04-13 00:00:00",2615,507,21.06
"2020-04-14 00:00:00",2276,640,21.06
"2020-04-15 00:00:00",1653,478,21.06
"2020-04-16 00:00:00",1639,522,21.06
"2020-04-17 00:00:00",1715,509,21.06
"2020-04-18 00:00:00",1338,366,21.06
"2020-04-19 00:00:00",1357,386,19.83
"2020-04-20 00:00:00",1230,358,19.83
"2020-04-21 00:00:00",1570,406,19.83
"2020-04-22 00:00:00",1890,460,19.83
"2020-04-23 00:00:00",1829,414,19.83
"2020-04-24 00:00:00",1886,474,19.83
"2020-04-25 00:00:00",1561,302,19.83
"2020-04-26 00:00:00",1549,310,18.58
"2020-04-27 00:00:00",1356,325,18.58
"2020-04-28 00:00:00",1809,459,18.58
"2020-04-29 00:00:00",2170,506,18.58
"2020-04-30 00:00:00",2050,461,18.58
"2020-05-01 00:00:00",2185,467,18.58
"2020-05-02 00:00:00",1751,408,18.58
"2020-05-03 00:00:00",1368,322,15.44
"2020-05-04 00:00:00",1477,282,15.44
"2020-05-05 00:00:00",2227,490,15.44
"2020-05-06 00:00:00",2423,457,15.44
"2020-05-07 00:00:00",2470,448,15.44
"2020-05-08 00:00:00",2436,358,15.44
"2020-05-09 00:00:00",2150,299,15.44
"2020-05-10 00:00:00",1986,263,9.89
"2020-05-11 00:00:00",1827,276,9.89
"2020-05-12 00:00:00",2844,351,9.89
"2020-05-13 00:00:00",3004,333,9.89
"2020-05-14 00:00:00",3826,388,9.89
"2020-05-15 00:00:00",3408,304,9.89
"2020-05-16 00:00:00",3322,303,9.89
"2020-05-17 00:00:00",2944,293,8.03
"2020-05-18 00:00:00",2287,257,8.03
"2020-05-19 00:00:00",3524,359,8.03
"2020-05-20 00:00:00",3546,312,8.03
"2020-05-21 00:00:00",3981,329,8.03
"2020-05-22 00:00:00",3637,238,8.03
"2020-05-23 00:00:00",3255,234,8.03
"2020-05-24 00:00:00",3455,203,5.11
"2020-05-25 00:00:00",2695,155,5.11
"2020-05-26 00:00:00",3079,185,5.11
"2020-05-27 00:00:00",3820,204,5.11
"2020-05-28 00:00:00",3559,181,5.11
"2020-05-29 00:00:00",3695,181,5.11
"2020-05-30 00:00:00",3519,174,5.11
"2020-05-31 00:00:00",2443,106,3.4
"2020-06-01 00:00:00",2090,94,3.4
"2020-06-02 00:00:00",3275,120,3.4
"2020-06-03 00:00:00",3701,107,3.4
"2020-06-04 00:00:00",3125,110,3.4
"2020-06-05 00:00:00",3287,100,3.4
"2020-06-06 00:00:00",2678,88,3.4
"2020-06-07 00:00:00",2032,62,2.22
"2020-06-08 00:00:00",2159,45,2.22
"2020-06-09 00:00:00",3375,72,2.22
"2020-06-10 00:00:00",2978,72,2.22
"2020-06-11 00:00:00",2727,69,2.22
"2020-06-12 00:00:00",2916,56,2.22
"2020-06-13 00:00:00",2440,47,2.22
"2020-06-14 00:00:00",1782,34,1.66
"2020-06-15 00:00:00",2001,49,1.66
"2020-06-16 00:00:00",2923,54,1.66
"2020-06-17 00:00:00",2875,46,1.66
"2020-06-18 00:00:00",3164,50,1.66
"2020-06-19 00:00:00",2974,37,1.66
"2020-06-20 00:00:00",1993,29,1.66
"2020-06-21 00:00:00",1465,26,1.48
"2020-06-22 00:00:00",1425,28,1.48
"2020-06-23 00:00:00",2146,33,1.48
"2020-06-24 00:00:00",2336,34,1.48
"2020-06-25 00:00:00",2326,37,1.48
"2020-06-26 00:00:00",2541,28,1.48
"2020-06-27 00:00:00",2177,30,1.48
"2020-06-28 00:00:00",1560,16,0.9
"2020-06-29 00:00:00",1545,6,0.9
"2020-06-30 00:00:00",2510,35,0.9
"2020-07-01 00:00:00",2269,20,0.9
"2020-07-02 00:00:00",1727,15,0.9
"2020-07-03 00:00:00",2227,20,0.9
"2020-07-04 00:00:00",1976,14,0.9
"2020-07-05 00:00:00",1748,12,1.1
"2020-07-06 00:00:00",1750,13,1.1
"2020-07-07 00:00:00",2410,27,1.1
"2020-07-08 00:00:00",2989,43,1.1
"2020-07-09 00:00:00",2943,37,1.1
"2020-07-10 00:00:00",2872,38,1.1
"2020-07-11 00:00:00",2621,22,1.1
"2020-07-12 00:00:00",2063,21,1.68
"2020-07-13 00:00:00",2734,74,1.68
"2020-07-14 00:00:00",3607,52,1.68
"2020-07-15 00:00:00",4547,88,1.68
"2020-07-16 00:00:00",5243,78,1.68
"2020-07-17 00:00:00",5458,74,1.68
"2020-07-18 00:00:00",4939,101,1.68
"2020-07-19 00:00:00",3680,41,1.27
"2020-07-20 00:00:00",3446,54,1.27
"2020-07-21 00:00:00",5139,55,1.27
"2020-07-22 00:00:00",4996,84,1.27
"2020-07-23 00:00:00",5431,78,1.27
"2020-07-24 00:00:00",4978,50,1.27
"2020-07-25 00:00:00",3681,41,1.27
"2020-07-26 00:00:00",3705,32,1.04
"2020-07-27 00:00:00",4043,40,1.04
"2020-07-28 00:00:00",3933,37,1.04
"2020-07-29 00:00:00",5669,78,1.04
"2020-07-30 00:00:00",5319,62,1.04
"2020-07-31 00:00:00",4556,38,1.04
"2020-08-01 00:00:00",4130,44,1.04
"2020-08-02 00:00:00",3010,36,1.03
"2020-08-03 00:00:00",3544,48,1.03
"2020-08-04 00:00:00",4850,52,1.03
"2020-08-05 00:00:00",4258,40,1.03
"2020-08-06 00:00:00",4871,35,1.03
"2020-08-07 00:00:00",4771,44,1.03
"2020-08-08 00:00:00",3888,48,1.03
"2020-08-09 00:00:00",2649,31,0.81
"2020-08-10 00:00:00",3304,31,0.81
"2020-08-11 00:00:00",4475,44,0.81
"2020-08-12 00:00:00",4879,36,0.81
"2020-08-13 00:00:00",4817,35,0.81
"2020-08-14 00:00:00",3698,24,0.81
"2020-08-15 00:00:00",3012,18,0.81
"2020-08-16 00:00:00",2424,7,0.64
"2020-08-17 00:00:00",3135,22,0.64
"2020-08-18 00:00:00",3886,25,0.64
"2020-08-19 00:00:00",4100,24,0.64
"2020-08-20 00:00:00",4562,38,0.64
"2020-08-21 00:00:00",4003,30,0.64
"2020-08-22 00:00:00",3381,17,0.64
"2020-08-23 00:00:00",2526,16,0.93
"2020-08-24 00:00:00",2725,17,0.93
"2020-08-25 00:00:00",4240,47,0.93
"2020-08-26 00:00:00",3944,49,0.93
"2020-08-27 00:00:00",4565,32,0.93
"2020-08-28 00:00:00",4350,46,0.93
"2020-08-29 00:00:00",3045,31,0.93
"2020-08-30 00:00:00",2329,22,1.17
"2020-08-31 00:00:00",3036,26,1.17
"2020-09-01 00:00:00",4114,47,1.17
"2020-09-02 00:00:00",4471,60,1.17
"2020-09-03 00:00:00",4868,48,1.17
"2020-09-04 00:00:00",4629,43,1.17
"2020-09-05 00:00:00",3636,75,1.17
"2020-09-06 00:00:00",3386,63,1.55
"2020-09-07 00:00:00",3560,54,1.55
"2020-09-08 00:00:00",4552,62,1.55
"2020-09-09 00:00:00",6162,83,1.55
"2020-09-10 00:00:00",6064,90,1.55
"2020-09-11 00:00:00",6125,105,1.55
"2020-09-12 00:00:00",5740,102,1.55
"2020-09-13 00:00:00",4605,81,1.85
"2020-09-14 00:00:00",4767,61,1.85
"2020-09-15 00:00:00",5666,103,1.85
"2020-09-16 00:00:00",6173,93,1.85
"2020-09-17 00:00:00",6612,123,1.85
"2020-09-18 00:00:00",8407,168,1.85
"2020-09-19 00:00:00",5589,159,1.85
"2020-09-20 00:00:00",6309,170,3.37
"2020-09-21 00:00:00",5357,151,3.37
"2020-09-22 00:00:00",6550,178,3.37
"2020-09-23 00:00:00",7299,262,3.37
"2020-09-24 00:00:00",7435,259,3.37
"2020-09-25 00:00:00",7171,295,3.37
"2020-09-26 00:00:00",7164,335,3.37
"2020-09-27 00:00:00",5903,284,4.59
"2020-09-28 00:00:00",6390,302,4.59
"2020-09-29 00:00:00",8061,356,4.59
"2020-09-30 00:00:00",7860,324,4.59
"2020-10-01 00:00:00",8097,420,4.59
"2020-10-02 00:00:00",8374,471,4.59
"2020-10-03 00:00:00",6370,297,4.59
"2020-10-04 00:00:00",6070,318,4.22
"2020-10-05 00:00:00",5673,260,4.22
"2020-10-06 00:00:00",8016,312,4.22
"2020-10-07 00:00:00",7230,278,4.22
"2020-10-08 00:00:00",8483,340,4.22
"2020-10-09 00:00:00",6113,266,4.22
"2020-10-10 00:00:00",5592,306,4.22
"2020-10-11 00:00:00",4530,257,4.6
"2020-10-12 00:00:00",4046,187,4.6
"2020-10-13 00:00:00",5626,292,4.6
"2020-10-14 00:00:00",6048,247,4.6
"2020-10-15 00:00:00",6362,264,4.6
"2020-10-16 00:00:00",5450,303,4.6
"2020-10-17 00:00:00",4885,233,4.6
"2020-10-18 00:00:00",3923,232,4.38
"2020-10-19 00:00:00",4237,204,4.38
"2020-10-20 00:00:00",6380,314,4.38
"2020-10-21 00:00:00",6166,274,4.38
"2020-10-22 00:00:00",6569,239,4.38
"2020-10-23 00:00:00",6070,237,4.38
"2020-10-24 00:00:00",5011,256,4.38
"2020-10-25 00:00:00",4320,259,4.05
"2020-10-26 00:00:00",3809,175,4.05
"2020-10-27 00:00:00",6145,267,4.05
"2020-10-28 00:00:00",6129,209,4.05
"2020-10-29 00:00:00",6883,222,4.05
"2020-10-30 00:00:00",5843,222,4.05
"2020-10-31 00:00:00",5334,270,4.05
"2020-11-01 00:00:00",4302,210,4.51
"2020-11-02 00:00:00",3971,182,4.51
"2020-11-03 00:00:00",5804,251,4.51
"2020-11-04 00:00:00",6918,293,4.51
"2020-11-05 00:00:00",6541,301,4.51
"2020-11-06 00:00:00",5843,287,4.51
"2020-11-07 00:00:00",5159,297,4.51
"2020-11-08 00:00:00",4489,260,5.02
"2020-11-09 00:00:00",4367,312,5.02
"2020-11-10 00:00:00",5965,313,5.02
"2020-11-11 00:00:00",6331,321,5.02
"2020-11-12 00:00:00",6684,295,5.02
"2020-11-13 00:00:00",6958,350,5.02
"2020-11-14 00:00:00",6010,306,5.02
"2020-11-15 00:00:00",4575,271,4.22
"2020-11-16 00:00:00",4559,252,4.22
"2020-11-17 00:00:00",6289,246,4.22
"2020-11-18 00:00:00",6835,267,4.22
"2020-11-19 00:00:00",6958,286,4.22
"2020-11-20 00:00:00",7320,282,4.22
"2020-11-21 00:00:00",6012,269,4.22
"2020-11-22 00:00:00",4947,330,5.3
"2020-11-23 00:00:00",3748,247,5.3
"2020-11-24 00:00:00",6673,289,5.3
"2020-11-25 00:00:00",7524,355,5.3
"2020-11-26 00:00:00",7017,393,5.3
"2020-11-27 00:00:00",6438,406,5.3
"2020-11-28 00:00:00",6267,364,5.3
"2020-11-29 00:00:00",4754,393,6.53
"2020-11-30 00:00:00",4500,350,6.53
"2020-12-01 00:00:00",6985,493,6.53
"2020-12-02 00:00:00",6721,407,6.53
"2020-12-03 00:00:00",8529,516,6.53
"2020-12-04 00:00:00",7269,480,6.53
"2020-12-05 00:00:00",7388,583,6.53
"2020-12-06 00:00:00",6336,488,6.88
"2020-12-07 00:00:00",5289,406,6.88
"2020-12-08 00:00:00",7822,576,6.88
"2020-12-09 00:00:00",8353,599,6.88
"2020-12-10 00:00:00",8801,637,6.88
"2020-12-11 00:00:00",9689,622,6.88
"2020-12-12 00:00:00",7566,652,6.88
"2020-12-13 00:00:00",6472,604,7.77
"2020-12-14 00:00:00",6327,610,7.77
"2020-12-15 00:00:00",8381,614,7.77
"2020-12-16 00:00:00",8140,676,7.77
"2020-12-17 00:00:00",11194,870,7.77
"2020-12-18 00:00:00",9671,800,7.77
"2020-12-19 00:00:00",8202,747,7.77
"2020-12-20 00:00:00",7989,730,8.96
"2020-12-21 00:00:00",7821,719,8.96
"2020-12-22 00:00:00",9451,755,8.96
"2020-12-23 00:00:00",9636,759,8.96
"2020-12-24 00:00:00",9550,933,8.96
"2020-12-25 00:00:00",7000,817,8.96
"2020-12-26 00:00:00",5373,878,8.96
"2020-12-27 00:00:00",5428,827,11.96
"2020-12-28 00:00:00",5258,758,11.96
"2020-12-29 00:00:00",8783,1185,11.96
"2020-12-30 00:00:00",9103,1035,11.96
"2020-12-31 00:00:00",6662,821,11.96
"2021-01-01 00:00:00",6476,949,11.96
"2021-01-02 00:00:00",5362,818,11.96
"2021-01-03 00:00:00",5539,897,10.79
"2021-01-04 00:00:00",5992,881,10.79
"2021-01-05 00:00:00",8209,878,10.79
"2021-01-06 00:00:00",8972,934,10.79
"2021-01-07 00:00:00",9741,1152,10.79
"2021-01-08 00:00:00",9088,1018,10.79
"2021-01-09 00:00:00",6768,807,10.79
"2021-01-10 00:00:00",6356,861,8.95
"2021-01-11 00:00:00",5106,628,8.95
"2021-01-12 00:00:00",7996,786,8.95
"2021-01-13 00:00:00",9457,754,8.95
"2021-01-14 00:00:00",9358,847,8.95
"2021-01-15 00:00:00",8812,796,8.95
"2021-01-16 00:00:00",8449,786,8.95
"2021-01-17 00:00:00",5786,553,7.18
"2021-01-18 00:00:00",5274,552,7.18
"2021-01-19 00:00:00",8665,648,7.18
"2021-01-20 00:00:00",8403,657,7.18
"2021-01-21 00:00:00",10413,670,7.18
"2021-01-22 00:00:00",8632,602,7.18
"2021-01-23 00:00:00",7519,547,7.18
"2021-01-24 00:00:00",5316,473,6.22
"2021-01-25 00:00:00",6061,452,6.22
"2021-01-26 00:00:00",9597,594,6.22
"2021-01-27 00:00:00",8699,486,6.22
"2021-01-28 00:00:00",9420,567,6.22
"2021-01-29 00:00:00",8326,512,6.22
"2021-01-30 00:00:00",7330,546,6.22
"2021-01-31 00:00:00",5465,414,6.25
"2021-02-01 00:00:00",5848,428,6.25
"2021-02-02 00:00:00",8742,567,6.25
"2021-02-03 00:00:00",8250,511,6.25
"2021-02-04 00:00:00",9040,487,6.25
"2021-02-05 00:00:00",8736,590,6.25
"2021-02-06 00:00:00",6820,530,6.25
"2021-02-07 00:00:00",5218,405,5.68
"2021-02-08 00:00:00",4816,338,5.68
"2021-02-09 00:00:00",8535,422,5.68
"2021-02-10 00:00:00",8112,573,5.68
"2021-02-11 00:00:00",8301,439,5.68
"2021-02-12 00:00:00",8607,497,5.68
"2021-02-13 00:00:00",6701,356,5.68
"2021-02-14 00:00:00",4813,340,5.15
"2021-02-15 00:00:00",5359,326,5.15
"2021-02-16 00:00:00",8278,399,5.15
"2021-02-17 00:00:00",7289,349,5.15
"2021-02-18 00:00:00",8783,370,5.15
"2021-02-19 00:00:00",7226,400,5.15
"2021-02-20 00:00:00",6291,426,5.15
"2021-02-21 00:00:00",4632,362,5.15
"2021-02-22 00:00:00",5677,270,5.15
"2021-02-23 00:00:00",8271,401,5.15
"2021-02-24 00:00:00",8074,413,5.15
"2021-02-25 00:00:00",7209,382,5.15
"2021-02-26 00:00:00",7921,433,5.15
"2021-02-27 00:00:00",5532,310,5.15
"2021-02-28 00:00:00",4543,259,4.83
"2021-03-01 00:00:00",5306,228,4.83
"2021-03-02 00:00:00",7850,428,4.83
"2021-03-03 00:00:00",7020,335,4.83
"2021-03-04 00:00:00",7274,354,4.83
"2021-03-05 00:00:00",6756,324,4.83
"2021-03-06 00:00:00",6176,353,4.83
"2021-03-07 00:00:00",4390,252,4.75
"2021-03-08 00:00:00",5285,289,4.75
"2021-03-09 00:00:00",7314,332,4.75
"2021-03-10 00:00:00",7226,331,4.75
"2021-03-11 00:00:00",8447,440,4.75
"2021-03-12 00:00:00",7337,368,4.75
"2021-03-13 00:00:00",5811,272,4.75
"2021-03-14 00:00:00",4820,256,4.09
"2021-03-15 00:00:00",6430,273,4.09
"2021-03-16 00:00:00",9918,466,4.09
"2021-03-17 00:00:00",8746,395,4.09
"2021-03-18 00:00:00",9183,373,4.09
"2021-03-19 00:00:00",9135,303,4.09
"2021-03-20 00:00:00",6019,247,4.09
"2021-03-21 00:00:00",5048,225,4.18
"2021-03-22 00:00:00",8741,436,4.18
"2021-03-23 00:00:00",9191,358,4.18
"2021-03-24 00:00:00",9624,380,4.18
"2021-03-25 00:00:00",7707,315,4.18
"2021-03-26 00:00:00",7883,329,4.18
"2021-03-27 00:00:00",6077,324,4.18
"2021-03-28 00:00:00",5970,304,4.37
"2021-03-29 00:00:00",6962,345,4.37
"2021-03-30 00:00:00",9822,456,4.37
"2021-03-31 00:00:00",9010,377,4.37
"2021-04-01 00:00:00",9656,388,4.37
"2021-04-02 00:00:00",8911,377,4.37
"2021-04-03 00:00:00",6528,353,4.37
"2021-04-04 00:00:00",5955,317,4.33
"2021-04-05 00:00:00",6343,294,4.33
"2021-04-06 00:00:00",8554,379,4.33
"2021-04-07 00:00:00",11530,421,4.33
"2021-04-08 00:00:00",11891,528,4.33
"2021-04-09 00:00:00",9510,467,4.33
"2021-04-10 00:00:00",7843,380,4.33
"2021-04-11 00:00:00",6161,328,3.94
"2021-04-12 00:00:00",7491,330,3.94
"2021-04-13 00:00:00",10296,386,3.94
"2021-04-14 00:00:00",10185,366,3.94
"2021-04-15 00:00:00",11623,458,3.94
"2021-04-16 00:00:00",9419,381,3.94
"2021-04-17 00:00:00",7814,332,3.94
"2021-04-18 00:00:00",6606,233,3.07
"2021-04-19 00:00:00",8076,277,3.07
"2021-04-20 00:00:00",10269,335,3.07
"2021-04-21 00:00:00",11203,284,3.07
"2021-04-22 00:00:00",10834,328,3.07
"2021-04-23 00:00:00",9264,312,3.07
"2021-04-24 00:00:00",6949,233,3.07
"2021-04-25 00:00:00",6750,263,3.17
"2021-04-26 00:00:00",7581,247,3.17
"2021-04-27 00:00:00",10274,335,3.17
"2021-04-28 00:00:00",10801,347,3.17
"2021-04-29 00:00:00",11100,325,3.17
"2021-04-30 00:00:00",9825,331,3.17
"2021-05-01 00:00:00",7673,250,3.17
"2021-05-02 00:00:00",5745,242,2.68
"2021-05-03 00:00:00",9247,253,2.68
"2021-05-04 00:00:00",10124,240,2.68
"2021-05-05 00:00:00",10501,238,2.68
"2021-05-06 00:00:00",10988,267,2.68
"2021-05-07 00:00:00",8841,303,2.68
"2021-05-08 00:00:00",7690,198,2.68
"2021-05-09 00:00:00",5530,190,2.68
"2021-05-10 00:00:00",7864,212,2.68
"2021-05-11 00:00:00",10649,244,2.68
"2021-05-12 00:00:00",10645,266,2.68
"2021-05-13 00:00:00",10380,299,2.68
"2021-05-14 00:00:00",8191,245,2.68
"2021-05-15 00:00:00",6967,204,2.68
"2021-05-16 00:00:00",5987,187,2.61
"2021-05-17 00:00:00",7593,199,2.61
"2021-05-18 00:00:00",9236,220,2.61
"2021-05-19 00:00:00",9887,269,2.61
"2021-05-20 00:00:00",8411,202,2.61
"2021-05-21 00:00:00",7244,202,2.61
"2021-05-22 00:00:00",5802,173,2.61
"2021-05-23 00:00:00",4845,131,2.15
"2021-05-24 00:00:00",5197,146,2.15
"2021-05-25 00:00:00",7708,170,2.15
"2021-05-26 00:00:00",7458,158,2.15
"2021-05-27 00:00:00",7327,159,2.15
"2021-05-28 00:00:00",6260,124,2.15
"2021-05-29 00:00:00",5890,94,2.15
"2021-05-30 00:00:00",4667,75,1.39
"2021-05-31 00:00:00",6689,85,1.39
"2021-06-01 00:00:00",7556,122,1.39
"2021-06-02 00:00:00",7218,98,1.39
"2021-06-03 00:00:00",7529,87,1.39
"2021-06-04 00:00:00",5170,84,1.39
"2021-06-05 00:00:00",5018,67,1.39
"2021-06-06 00:00:00",4212,61,1.07
"2021-06-07 00:00:00",5796,51,1.07
"2021-06-08 00:00:00",6553,63,1.07
"2021-06-09 00:00:00",6049,47,1.07
"2021-06-10 00:00:00",5770,64,1.07
"2021-06-11 00:00:00",5013,63,1.07
"2021-06-12 00:00:00",4476,59,1.07
"2021-06-13 00:00:00",4203,43,0.83
"2021-06-14 00:00:00",5388,37,0.83
"2021-06-15 00:00:00",6835,47,0.83
"2021-06-16 00:00:00",6075,49,0.83
"2021-06-17 00:00:00",5865,62,0.83
"2021-06-18 00:00:00",5498,54,0.83
"2021-06-19 00:00:00",4557,29,0.83
"2021-06-20 00:00:00",4289,31,0.62
"2021-06-21 00:00:00",5445,31,0.62
"2021-06-22 00:00:00",6397,41,0.62
"2021-06-23 00:00:00",5647,25,0.62
"2021-06-24 00:00:00",5097,34,0.62
"2021-06-25 00:00:00",4961,29,0.62
"2021-06-26 00:00:00",4750,37,0.62
"2021-06-27 00:00:00",4043,18,0.57
"2021-06-28 00:00:00",5690,33,0.57
"2021-06-29 00:00:00",5432,42,0.57
"2021-06-30 00:00:00",5240,29,0.57
"2021-07-01 00:00:00",4960,26,0.57
"2021-07-02 00:00:00",4029,20,0.57
"2021-07-03 00:00:00",3623,20,0.57
"2021-07-04 00:00:00",3817,15,0.52
"2021-07-05 00:00:00",4640,32,0.52
"2021-07-06 00:00:00",5523,34,0.52
"2021-07-07 00:00:00",5736,35,0.52
"2021-07-08 00:00:00",5979,22,0.52
"2021-07-09 00:00:00",4600,22,0.52
"2021-07-10 00:00:00",4462,21,0.52
"2021-07-11 00:00:00",4220,26,0.65
"2021-07-12 00:00:00",4771,27,0.65
"2021-07-13 00:00:00",5783,33,0.65
"2021-07-14 00:00:00",5085,40,0.65
"2021-07-15 00:00:00",5057,33,0.65
"2021-07-16 00:00:00",5406,34,0.65
"2021-07-17 00:00:00",3831,32,0.65
"2021-07-18 00:00:00",3568,24,0.87
"2021-07-19 00:00:00",4684,39,0.87
"2021-07-20 00:00:00",5486,46,0.87
"2021-07-21 00:00:00",5521,48,0.87
"2021-07-22 00:00:00",5461,53,0.87
"2021-07-23 00:00:00",5580,48,0.87
"2021-07-24 00:00:00",4315,46,0.87
"2021-07-25 00:00:00",3626,28,1.03
"2021-07-26 00:00:00",4842,43,1.03
"2021-07-27 00:00:00",4909,44,1.03
"2021-07-28 00:00:00",5316,44,1.03
"2021-07-29 00:00:00",5032,47,1.03
"2021-07-30 00:00:00",5068,86,1.03
"2021-07-31 00:00:00",4178,51,1.03
"2021-08-01 00:00:00",4178,45,1.3
"2021-08-02 00:00:00",4962,48,1.3
"2021-08-03 00:00:00",6497,64,1.3
"2021-08-04 00:00:00",6544,88,1.3
"2021-08-05 00:00:00",6860,107,1.3
"2021-08-06 00:00:00",6751,92,1.3
"2021-08-07 00:00:00",5257,95,1.3
"2021-08-08 00:00:00",4933,66,1.89
"2021-08-09 00:00:00",5839,85,1.89
"2021-08-10 00:00:00",6465,98,1.89
"2021-08-11 00:00:00",6893,140,1.89
"2021-08-12 00:00:00",6861,143,1.89
"2021-08-13 00:00:00",6463,148,1.89
"2021-08-14 00:00:00",5435,148,1.89
"2021-08-15 00:00:00",5410,142,2.77
"2021-08-16 00:00:00",5638,147,2.77
"2021-08-17 00:00:00",6671,160,2.77
"2021-08-18 00:00:00",7280,191,2.77
"2021-08-19 00:00:00",6825,204,2.77
"2021-08-20 00:00:00",5432,208,2.77
"2021-08-21 00:00:00",5299,161,2.77
"2021-08-22 00:00:00",3640,114,2.99
"2021-08-23 00:00:00",5352,131,2.99
"2021-08-24 00:00:00",6676,201,2.99
"2021-08-25 00:00:00",6821,236,2.99
"2021-08-26 00:00:00",6869,229,2.99
"2021-08-27 00:00:00",6256,188,2.99
"2021-08-28 00:00:00",5258,160,2.99
"2021-08-29 00:00:00",5517,140,3.46
"2021-08-30 00:00:00",5943,177,3.46
"2021-08-31 00:00:00",6852,264,3.46
"2021-09-01 00:00:00",6274,250,3.46
"2021-09-02 00:00:00",6854,261,3.46
"2021-09-03 00:00:00",6215,233,3.46
"2021-09-04 00:00:00",5206,209,3.46
"2021-09-05 00:00:00",4729,177,3.57
"2021-09-06 00:00:00",5492,188,3.57
"2021-09-07 00:00:00",5873,206,3.57
"2021-09-08 00:00:00",6691,224,3.57
"2021-09-09 00:00:00",8123,306,3.57
"2021-09-10 00:00:00",6519,273,3.57
"2021-09-11 00:00:00",6334,246,3.57
"2021-09-12 00:00:00",5526,219,3.36
"2021-09-13 00:00:00",6717,242,3.36
"2021-09-14 00:00:00",7802,249,3.36
"2021-09-15 00:00:00",8386,322,3.36
"2021-09-16 00:00:00",8584,270,3.36
"2021-09-17 00:00:00",7975,258,3.36
"2021-09-18 00:00:00",6958,247,3.36
"2021-09-19 00:00:00",5511,212,2.91
"2021-09-20 00:00:00",6979,217,2.91
"2021-09-21 00:00:00",7395,217,2.91
"2021-09-22 00:00:00",9401,248,2.91
"2021-09-23 00:00:00",8564,222,2.91
"2021-09-24 00:00:00",8131,243,2.91
"2021-09-25 00:00:00",6325,206,2.91
"2021-09-26 00:00:00",5376,138,2.29
"2021-09-27 00:00:00",6685,144,2.29
"2021-09-28 00:00:00",7989,190,2.29
"2021-09-29 00:00:00",8289,234,2.29
"2021-09-30 00:00:00",7935,185,2.29
"2021-10-01 00:00:00",7048,144,2.29
"2021-10-02 00:00:00",5983,120,2.29
"2021-10-03 00:00:00",4574,132,2.14
"2021-10-04 00:00:00",6834,133,2.14
"2021-10-05 00:00:00",7832,129,2.14
"2021-10-06 00:00:00",7484,181,2.14
"2021-10-07 00:00:00",7645,161,2.14
"2021-10-08 00:00:00",7446,167,2.14
"2021-10-09 00:00:00",5751,139,2.14
"2021-10-10 00:00:00",4302,92,2.27
"2021-10-11 00:00:00",5619,130,2.27
"2021-10-12 00:00:00",6778,157,2.27
"2021-10-13 00:00:00",7159,144,2.27
"2021-10-14 00:00:00",8055,188,2.27
"2021-10-15 00:00:00",7178,202,2.27
"2021-10-16 00:00:00",6016,137,2.27
"2021-10-17 00:00:00",4585,101,1.85
"2021-10-18 00:00:00",6528,133,1.85
"2021-10-19 00:00:00",7143,135,1.85
"2021-10-20 00:00:00",7009,136,1.85
"2021-10-21 00:00:00",6211,91,1.85
"2021-10-22 00:00:00",6312,119,1.85
"2021-10-23 00:00:00",5314,97,1.85
"2021-10-24 00:00:00",4804,106,2.11
"2021-10-25 00:00:00",5611,104,2.11
"2021-10-26 00:00:00",7752,149,2.11
"2021-10-27 00:00:00",6901,135,2.11
"2021-10-28 00:00:00",6973,173,2.11
"2021-10-29 00:00:00",6150,128,2.11
"2021-10-30 00:00:00",5434,145,2.11
"2021-10-31 00:00:00",4768,149,2.32
"2021-11-01 00:00:00",6309,122,2.32
"2021-11-02 00:00:00",6988,112,2.32
"2021-11-03 00:00:00",6868,175,2.32
"2021-11-04 00:00:00",7462,152,2.32
"2021-11-05 00:00:00",6939,167,2.32
"2021-11-06 00:00:00",6223,203,2.32
"2021-11-07 00:00:00",5299,181,2.79
"2021-11-08 00:00:00",6538,158,2.79
"2021-11-09 00:00:00",7609,237,2.79
"2021-11-10 00:00:00",7513,220,2.79
"2021-11-11 00:00:00",6802,189,2.79
"2021-11-12 00:00:00",7411,207,2.79
"2021-11-13 00:00:00",5636,150,2.79
"2021-11-14 00:00:00",4615,143,3.13
"2021-11-15 00:00:00",6260,162,3.13
"2021-11-16 00:00:00",8190,259,3.13
"2021-11-17 00:00:00",7235,233,3.13
"2021-11-18 00:00:00",6567,193,3.13
"2021-11-19 00:00:00",6426,250,3.13
"2021-11-20 00:00:00",5931,221,3.13
"2021-11-21 00:00:00",5049,188,3.32
"2021-11-22 00:00:00",6332,194,3.32
"2021-11-23 00:00:00",7963,243,3.32
"2021-11-24 00:00:00",7352,273,3.32
"2021-11-25 00:00:00",8857,299,3.32
"2021-11-26 00:00:00",7882,279,3.32
"2021-11-27 00:00:00",6031,224,3.32
"2021-11-28 00:00:00",5240,219,4.17
"2021-11-29 00:00:00",7039,291,4.17
"2021-11-30 00:00:00",8528,355,4.17
"2021-12-01 00:00:00",9121,401,4.17
"2021-12-02 00:00:00",8563,362,4.17
"2021-12-03 00:00:00",9006,373,4.17
"2021-12-04 00:00:00",7227,381,4.17
"2021-12-05 00:00:00",6137,344,5.06
"2021-12-06 00:00:00",7794,359,5.06
"2021-12-07 00:00:00",8216,403,5.06
"2021-12-08 00:00:00",9825,517,5.06
"2021-12-09 00:00:00",9485,576,5.06
"2021-12-10 00:00:00",9034,499,5.06
"2021-12-11 00:00:00",8830,465,5.06
"2021-12-12 00:00:00",7704,430,9
"2021-12-13 00:00:00",9305,709,9
"2021-12-14 00:00:00",10372,890,9
"2021-12-15 00:00:00",10053,983,9
"2021-12-16 00:00:00",10419,1148,9
"2021-12-17 00:00:00",10305,1118,9
"2021-12-18 00:00:00",11302,1588,9
"2021-12-19 00:00:00",9603,1452,19.82
"2021-12-20 00:00:00",10862,2115,19.82
"2021-12-21 00:00:00",10911,2508,19.82
"2021-12-22 00:00:00",12665,3242,19.82
"2021-12-23 00:00:00",11749,3172,19.82
"2021-12-24 00:00:00",11414,3298,19.82
"2021-12-25 00:00:00",9096,3074,19.82
"2021-12-26 00:00:00",8461,3146,29.97
"2021-12-27 00:00:00",9580,4011,29.97
"2021-12-28 00:00:00",10314,4616,29.97
"2021-12-29 00:00:00",10255,4488,29.97
"2021-12-30 00:00:00",10275,4230,29.97
"2021-12-31 00:00:00",9242,4140,29.97
"2022-01-01 00:00:00",8377,3835,29.97
"2022-01-02 00:00:00",8592,3978,29.52
"2022-01-03 00:00:00",8600,3555,29.52
"2022-01-04 00:00:00",8720,4318,29.52
"2022-01-05 00:00:00",10705,4401,29.52,"<a style="color:white" href="/covid-19/donnees/methodologie?accordeon=depistage1&ancre=acces-restreint">Dépistage restreint</a>"
"2022-01-06 00:00:00",9702,4017,29.52
"2022-01-07 00:00:00",9479,3816,29.52
"2022-01-08 00:00:00",8214,2724,29.52
"2022-01-09 00:00:00",9046,3491,19.8
"2022-01-10 00:00:00",7482,2733,19.8
"2022-01-11 00:00:00",8690,2199,19.8
"2022-01-12 00:00:00",8379,2099,19.8
"2022-01-13 00:00:00",10381,1935,19.8
"2022-01-14 00:00:00",9282,1596,19.8
"2022-01-15 00:00:00",9423,1419,19.8
"2022-01-16 00:00:00",6772,1201,12.25
"2022-01-17 00:00:00",6875,1002,12.25
"2022-01-18 00:00:00",8719,1312,12.25
"2022-01-19 00:00:00",9243,1194,12.25
"2022-01-20 00:00:00",7644,1017,12.25
"2022-01-21 00:00:00",7278,955,12.25
"2022-01-22 00:00:00",6181,678,12.25
"2022-01-23 00:00:00",3998,539,10.28
"2022-01-24 00:00:00",5857,675,10.28
"2022-01-25 00:00:00",6418,751,10.28
"2022-01-26 00:00:00",6544,756,10.28
"2022-01-27 00:00:00",5588,608,10.28
"2022-01-28 00:00:00",5398,572,10.28
"2022-01-29 00:00:00",4737,514,10.28
"2022-01-30 00:00:00",3740,387,9.42
"2022-01-31 00:00:00",5275,527,9.42
"2022-02-01 00:00:00",5958,665,9.42
"2022-02-02 00:00:00",5537,638,9.42
"2022-02-03 00:00:00",5074,525,9.42
"2022-02-04 00:00:00",4780,433,9.42
"2022-02-05 00:00:00",3705,370,9.42
"2022-02-06 00:00:00",3205,338,8.38
"2022-02-07 00:00:00",4913,512,8.38
"2022-02-08 00:00:00",5545,521,8.38
"2022-02-09 00:00:00",4626,394,8.38
"2022-02-10 00:00:00",4389,409,8.38
"2022-02-11 00:00:00",4603,383,8.38
"2022-02-12 00:00:00",3308,242,8.38
"2022-02-13 00:00:00",3138,257,6.25
"2022-02-14 00:00:00",4428,305,6.25
"2022-02-15 00:00:00",4189,276,6.25
"2022-02-16 00:00:00",4365,283,6.25
"2022-02-17 00:00:00",4278,297,6.25
"2022-02-18 00:00:00",3577,207,6.25
"2022-02-19 00:00:00",3373,198,6.25
"2022-02-20 00:00:00",3213,152,4.96
"2022-02-21 00:00:00",4298,258,4.96
"2022-02-22 00:00:00",4225,213,4.96
"2022-02-23 00:00:00",3727,229,4.96
"2022-02-24 00:00:00",4180,219,4.96
"2022-02-25 00:00:00",3764,165,4.96
"2022-02-26 00:00:00",3201,154,4.96
"2022-02-27 00:00:00",2949,119,5.06
"2022-02-28 00:00:00",3684,188,5.06
"2022-03-01 00:00:00",3684,206,5.06
"2022-03-02 00:00:00",2660,144,5.06
"2022-03-03 00:00:00",2714,157,5.06
"2022-03-04 00:00:00",2143,130,5.06
"2022-03-05 00:00:00",2186,123,5.06
"2022-03-06 00:00:00",2076,122,5.71
"2022-03-07 00:00:00",2510,159,5.71
"2022-03-08 00:00:00",2862,161,5.71
"2022-03-09 00:00:00",2724,162,5.71
"2022-03-10 00:00:00",2292,146,5.71
"2022-03-11 00:00:00",2180,154,5.71
"2022-03-12 00:00:00",2061,107,5.71
"2022-03-13 00:00:00",1664,71,6.82
"2022-03-14 00:00:00",2453,175,6.82
"2022-03-15 00:00:00",2353,167,6.82
"2022-03-16 00:00:00",2721,231,6.82
"2022-03-17 00:00:00",2522,201,6.82
"2022-03-18 00:00:00",1959,154,6.82
"2022-03-19 00:00:00",1919,143,6.82
"2022-03-20 00:00:00",1657,150,12.02
"2022-03-21 00:00:00",2282,230,12.02
"2022-03-22 00:00:00",2600,375,12.02
"2022-03-23 00:00:00",2750,418,12.02
"2022-03-24 00:00:00",2477,388,12.02
"2022-03-25 00:00:00",2519,388,12.02
"2022-03-26 00:00:00",2082,287,12.02
"2022-03-27 00:00:00",2165,311,15.25
"2022-03-28 00:00:00",2843,504,15.25
"2022-03-29 00:00:00",3251,560,15.25
"2022-03-30 00:00:00",3242,649,15.25
"2022-03-31 00:00:00",3296,580,15.25
"2022-04-01 00:00:00",3014,586,15.25
"2022-04-02 00:00:00",2378,444,15.25
"2022-04-03 00:00:00",2462,472,15.29
"2022-04-04 00:00:00",3071,607,15.29
"2022-04-05 00:00:00",3576,709,15.29
"2022-04-06 00:00:00",3833,701,15.29
"2022-04-07 00:00:00",3706,636,15.29
"2022-04-08 00:00:00",3507,560,15.29
"2022-04-09 00:00:00",3119,517,15.29
"2022-04-10 00:00:00",2685,440,13.72
"2022-04-11 00:00:00",3313,527,13.72
"2022-04-12 00:00:00",3648,643,13.72
"2022-04-13 00:00:00",4517,765,13.72
"2022-04-14 00:00:00",4133,602,13.72
"2022-04-15 00:00:00",2813,427,13.72
"2022-04-16 00:00:00",2523,353,13.72
"2022-04-17 00:00:00",2023,252,12.04
"2022-04-18 00:00:00",2607,363,12.04
"2022-04-19 00:00:00",3320,492,12.04
"2022-04-20 00:00:00",3960,572,12.04
"2022-04-21 00:00:00",3493,442,12.04
"2022-04-22 00:00:00",3107,463,12.04
"2022-04-23 00:00:00",2896,347,12.04
"2022-04-24 00:00:00",2536,300,10
"2022-04-25 00:00:00",3043,347,10
"2022-04-26 00:00:00",3777,428,10
"2022-04-27 00:00:00",3283,381,10
"2022-04-28 00:00:00",3465,401,10
"2022-04-29 00:00:00",3076,328,10
"2022-04-30 00:00:00",2308,203,10
"2022-05-01 00:00:00",2249,203,8.18
"2022-05-02 00:00:00",2836,332,8.18
"2022-05-03 00:00:00",3456,327,8.18
"2022-05-04 00:00:00",3526,269,8.18
"2022-05-05 00:00:00",3059,280,8.18
"2022-05-06 00:00:00",2678,205,8.18
"2022-05-07 00:00:00",2204,166,8.18
"2022-05-08 00:00:00",2266,164,6.82
"2022-05-09 00:00:00",2570,196,6.82
"2022-05-10 00:00:00",3045,240,6.82
"2022-05-11 00:00:00",3213,251,6.82
"2022-05-12 00:00:00",2871,182,6.82
"2022-05-13 00:00:00",2468,175,6.82
"2022-05-14 00:00:00",2481,177,6.82
"2022-05-15 00:00:00",1949,137,5.11
"2022-05-16 00:00:00",2864,177,5.11
"2022-05-17 00:00:00",3133,147,5.11
"2022-05-18 00:00:00",2814,131,5.11
"2022-05-19 00:00:00",2561,115,5.11
"2022-05-20 00:00:00",1991,122,5.11
"2022-05-21 00:00:00",1879,97,5.11
"2022-05-22 00:00:00",1781,94,5.15
"2022-05-23 00:00:00",2208,111,5.15
"2022-05-24 00:00:00",2567,144,5.15
"2022-05-25 00:00:00",2793,160,5.15
"2022-05-26 00:00:00",2525,139,5.15
"2022-05-27 00:00:00",2187,107,5.15
"2022-05-28 00:00:00",1958,114,5.15
"2022-05-29 00:00:00",2055,106,5.99
"2022-05-30 00:00:00",2355,151,5.99
"2022-05-31 00:00:00",2682,172,5.99
"2022-06-01 00:00:00",2684,221,5.99
"2022-06-02 00:00:00",2352,130,5.99
"2022-06-03 00:00:00",2201,138,5.99
"2022-06-04 00:00:00",1851,113,5.99
"2022-06-05 00:00:00",2001,88,6.79
"2022-06-06 00:00:00",2449,183,6.79
"2022-06-07 00:00:00",2686,186,6.79
"2022-06-08 00:00:00",2602,211,6.79
"2022-06-09 00:00:00",2506,212,6.79
"2022-06-10 00:00:00",2051,148,6.79
"2022-06-11 00:00:00",1629,132,6.79
"2022-06-12 00:00:00",1377,97,8.23
"2022-06-13 00:00:00",2056,164,8.23
"2022-06-14 00:00:00",2283,180,8.23
"2022-06-15 00:00:00",2061,198,8.23
"2022-06-16 00:00:00",1936,180,8.23
"2022-06-17 00:00:00",1633,196,8.23
"2022-06-18 00:00:00",1465,134,8.23
"2022-06-19 00:00:00",1488,148,11.68
"2022-06-20 00:00:00",2030,227,11.68
"2022-06-21 00:00:00",2150,265,11.68
"2022-06-22 00:00:00",2002,323,11.68
"2022-06-23 00:00:00",2038,272,11.68
"2022-06-24 00:00:00",1344,215,11.68
"2022-06-25 00:00:00",1498,210,11.68
"2022-06-26 00:00:00",1501,208,14.12
"2022-06-27 00:00:00",2065,307,14.12
"2022-06-28 00:00:00",2285,359,14.12
"2022-06-29 00:00:00",2281,409,14.12
"2022-06-30 00:00:00",1928,376,14.12
"2022-07-01 00:00:00",1647,272,14.12
"2022-07-02 00:00:00",1575,252,14.12
"2022-07-03 00:00:00",1591,237,14.69
"2022-07-04 00:00:00",2220,549,14.69
"2022-07-05 00:00:00",2842,439,14.69
"2022-07-06 00:00:00",2756,478,14.69
"2022-07-07 00:00:00",2486,387,14.69
"2022-07-08 00:00:00",2344,384,14.69
"2022-07-09 00:00:00",1792,287,14.69
"2022-07-10 00:00:00",1747,264,14.3
"2022-07-11 00:00:00",2532,458,14.3
"2022-07-12 00:00:00",2977,502,14.3
"2022-07-13 00:00:00",2721,513,14.3
"2022-07-14 00:00:00",2581,392,14.3
"2022-07-15 00:00:00",2272,390,14.3
"2022-07-16 00:00:00",2197,322,14.3
"2022-07-17 00:00:00",1758,241,12.37
"2022-07-18 00:00:00",2485,427,12.37
"2022-07-19 00:00:00",3230,529,12.37
"2022-07-20 00:00:00",2984,423,12.37
"2022-07-21 00:00:00",2880,434,12.37
"2022-07-22 00:00:00",2750,305,12.37
"2022-07-23 00:00:00",2753,300,12.37
"2022-07-24 00:00:00",1880,250,10.17
"2022-07-25 00:00:00",3046,346,10.17
"2022-07-26 00:00:00",2981,361,10.17
"2022-07-27 00:00:00",2901,315,10.17
"2022-07-28 00:00:00",2943,325,10.17
"2022-07-29 00:00:00",2641,289,10.17
"2022-07-30 00:00:00",2078,205,10.17
"2022-07-31 00:00:00",2036,209,8.87
"2022-08-01 00:00:00",2546,278,8.87
"2022-08-02 00:00:00",2895,312,8.87
"2022-08-03 00:00:00",3011,294,8.87
"2022-08-04 00:00:00",2884,213,8.87
"2022-08-05 00:00:00",2514,246,8.87
"2022-08-06 00:00:00",2227,211,8.87
"2022-08-07 00:00:00",2055,188,7.95
"2022-08-08 00:00:00",2752,233,7.95
"2022-08-09 00:00:00",2646,234,7.95
"2022-08-10 00:00:00",2724,249,7.95
"2022-08-11 00:00:00",2797,267,7.95
"2022-08-12 00:00:00",2564,195,7.95
"2022-08-13 00:00:00",2086,157,7.95
"2022-08-14 00:00:00",2039,132,7.19
"2022-08-15 00:00:00",2656,216,7.19
"2022-08-16 00:00:00",3002,288,7.19
"2022-08-17 00:00:00",2828,227,7.19
"2022-08-18 00:00:00",2577,202,7.19
"2022-08-19 00:00:00",2486,189,7.19
"2022-08-20 00:00:00",2380,139,7.19
"2022-08-21 00:00:00",1997,149,6.26
"2022-08-22 00:00:00",2308,147,6.26
"2022-08-23 00:00:00",2936,222,6.26
"2022-08-24 00:00:00",3078,187,6.26
"2022-08-25 00:00:00",2549,145,6.26
"2022-08-26 00:00:00",2270,167,6.26
"2022-08-27 00:00:00",2135,136,6.26
"2022-08-28 00:00:00",1870,82,6.2
"2022-08-29 00:00:00",2499,139,6.2
"2022-08-30 00:00:00",2560,209,6.2
"2022-08-31 00:00:00",2671,206,6.2
"2022-09-01 00:00:00",2836,176,6.2
"2022-09-02 00:00:00",2284,166,6.2
"2022-09-03 00:00:00",1819,116,6.2
"2022-09-04 00:00:00",2146,94,5.76
"2022-09-05 00:00:00",2363,122,5.76
"2022-09-06 00:00:00",2859,230,5.76
"2022-09-07 00:00:00",2965,188,5.76
"2022-09-08 00:00:00",2541,176,5.76
"2022-09-09 00:00:00",2550,158,5.76
"2022-09-10 00:00:00",2352,118,5.76
"2022-09-11 00:00:00",2011,105,5.41
"2022-09-12 00:00:00",2805,148,5.41
"2022-09-13 00:00:00",3235,197,5.41
"2022-09-14 00:00:00",2853,166,5.41
"2022-09-15 00:00:00",2763,166,5.41
"2022-09-16 00:00:00",2557,166,5.41
"2022-09-17 00:00:00",2099,99,5.41
"2022-09-18 00:00:00",2290,105,6.11
"2022-09-19 00:00:00",2619,197,6.11
"2022-09-20 00:00:00",2834,199,6.11
"2022-09-21 00:00:00",2735,167,6.11
"2022-09-22 00:00:00",2615,173,6.11
"2022-09-23 00:00:00",2394,169,6.11
"2022-09-24 00:00:00",1915,123,6.11
"2022-09-25 00:00:00",1957,93,6.83
"2022-09-26 00:00:00",2294,162,6.83
"2022-09-27 00:00:00",2852,222,6.83
"2022-09-28 00:00:00",2586,194,6.83
"2022-09-29 00:00:00",2436,183,6.83
"2022-09-30 00:00:00",2148,186,6.83
"2022-10-01 00:00:00",1431,111,6.83
"2022-10-02 00:00:00",1555,116,9.27
"2022-10-03 00:00:00",1752,155,9.27
"2022-10-04 00:00:00",2103,242,9.27
"2022-10-05 00:00:00",2075,191,9.27
"2022-10-06 00:00:00",1899,204,9.27
"2022-10-07 00:00:00",1759,222,9.27
"2022-10-08 00:00:00",1215,133,9.27
"2022-10-09 00:00:00",1400,162,9.44
"2022-10-10 00:00:00",1618,139,9.44
"2022-10-11 00:00:00",1998,202,9.44
"2022-10-12 00:00:00",2590,297,9.44
"2022-10-13 00:00:00",2101,208,9.44
"2022-10-14 00:00:00",1871,223,9.44
"2022-10-15 00:00:00",1518,134,9.44
"2022-10-16 00:00:00",1606,153,8.08
"2022-10-17 00:00:00",2043,183,8.08
"2022-10-18 00:00:00",2521,241,8.08
"2022-10-19 00:00:00",2293,204,8.08
"2022-10-20 00:00:00",2158,168,8.08
"2022-10-21 00:00:00",1770,163,8.08
"2022-10-22 00:00:00",1660,123,8.08
"2022-10-23 00:00:00",1384,108,9
"2022-10-24 00:00:00",2391,247,9
"2022-10-25 00:00:00",2444,241,9
"2022-10-26 00:00:00",2208,251,9
"2022-10-27 00:00:00",2044,231,9
"2022-10-28 00:00:00",1942,153,9
"2022-10-29 00:00:00",1547,149,9
"2022-10-30 00:00:00",1559,95,8.21
"2022-10-31 00:00:00",2054,191,8.21
"2022-11-01 00:00:00",2420,224,8.21
"2022-11-02 00:00:00",1974,164,8.21
"2022-11-03 00:00:00",2011,194,8.21
"2022-11-04 00:00:00",1870,189,8.21
"2022-11-05 00:00:00",1477,138,8.21
"2022-11-06 00:00:00",1668,170,9.38
"2022-11-07 00:00:00",1969,208,9.38
"2022-11-08 00:00:00",2255,229,9.38
"2022-11-09 00:00:00",2074,232,9.38
"2022-11-10 00:00:00",1864,171,9.38
"2022-11-11 00:00:00",1586,180,9.38
"2022-11-12 00:00:00",1257,122,9.38
"2022-11-13 00:00:00",1267,109,9.61
"2022-11-14 00:00:00",2028,192,9.61
"2022-11-15 00:00:00",2167,243,9.61
"2022-11-16 00:00:00",1902,224,9.61
"2022-11-17 00:00:00",1587,178,9.61
"2022-11-18 00:00:00",1422,171,9.61
"2022-11-19 00:00:00",1412,136,9.61
"2022-11-20 00:00:00",1567,149,10.25
"2022-11-21 00:00:00",1743,180,10.25
"2022-11-22 00:00:00",2473,303,10.25
"2022-11-23 00:00:00",1953,228,10.25
"2022-11-24 00:00:00",1816,237,10.25
"2022-11-25 00:00:00",1645,191,10.25
"2022-11-26 00:00:00",1476,159,10.25
"2022-11-27 00:00:00",1413,158,11.41
"2022-11-28 00:00:00",2060,255,11.41
"2022-11-29 00:00:00",2161,280,11.41
"2022-11-30 00:00:00",2126,295,11.41
"2022-12-01 00:00:00",1725,222,11.41
"2022-12-02 00:00:00",1683,230,11.41
"2022-12-03 00:00:00",1379,176,11.41
"2022-12-04 00:00:00",1443,140,10.63
"2022-12-05 00:00:00",1954,211,10.63
"2022-12-06 00:00:00",2068,285,10.63
"2022-12-07 00:00:00",2084,256,10.63
"2022-12-08 00:00:00",1770,205,10.63
"2022-12-09 00:00:00",1541,193,10.63
"2022-12-10 00:00:00",1337,160,10.63
"2022-12-11 00:00:00",1257,132,11.28
"2022-12-12 00:00:00",1620,175,11.28
"2022-12-13 00:00:00",1968,234,11.28
"2022-12-14 00:00:00",2038,248,11.28
"2022-12-15 00:00:00",1487,196,11.28
"2022-12-16 00:00:00",1542,234,11.28
"2022-12-17 00:00:00",1266,202,11.28
"2022-12-18 00:00:00",1254,177,11.99
"2022-12-19 00:00:00",1636,186,11.99
"2022-12-20 00:00:00",1916,261,11.99
"2022-12-21 00:00:00",1788,267,11.99
"2022-12-22 00:00:00",1341,185,11.99
"2022-12-23 00:00:00",1203,181,11.99
"2022-12-24 00:00:00",746,90,11.99
"2022-12-25 00:00:00",826,71,11.24
"2022-12-26 00:00:00",1043,128,11.24
"2022-12-27 00:00:00",1309,141,11.24
"2022-12-28 00:00:00",1465,202,11.24
"2022-12-29 00:00:00",1382,216,11.24
"2022-12-30 00:00:00",1044,139,11.24
"2022-12-31 00:00:00",872,109,11.24
"2023-01-01 00:00:00",810,63,9.81
"2023-01-02 00:00:00",1238,117,9.81
"2023-01-03 00:00:00",1207,130,9.81
"2023-01-04 00:00:00",1504,191,9.81
"2023-01-05 00:00:00",1452,195,9.81
"2023-01-06 00:00:00",1370,158,9.81
"2023-01-07 00:00:00",1235,105,9.81
"2023-01-08 00:00:00",1109,119,8.5
"2023-01-09 00:00:00",1548,125,8.5
"2023-01-10 00:00:00",1587,148,8.5
"2023-01-11 00:00:00",1556,143,8.5
"2023-01-12 00:00:00",1200,118,8.5
"2023-01-13 00:00:00",1136,103,8.5
"2023-01-14 00:00:00",1012,94,8.5
"2023-01-15 00:00:00",1094,78,7.31
"2023-01-16 00:00:00",1425,125,7.31
"2023-01-17 00:00:00",1586,146,7.31
"2023-01-18 00:00:00",1342,101,7.31
"2023-01-19 00:00:00",1132,106,7.31
"2023-01-20 00:00:00",1063,75,7.31
"2023-01-21 00:00:00",1058,55,7.31
"2023-01-22 00:00:00",1137,63,6.58
"2023-01-23 00:00:00",1396,110,6.58
"2023-01-24 00:00:00",1445,102,6.58
"2023-01-25 00:00:00",1332,97,6.58
"2023-01-26 00:00:00",1010,80,6.58
"2023-01-27 00:00:00",1046,66,6.58
"2023-01-28 00:00:00",1043,74,6.58
"2023-01-29 00:00:00",993,70,7.31
"2023-01-30 00:00:00",1194,81,7.31
"2023-01-31 00:00:00",1548,149,7.31
"2023-02-01 00:00:00",1299,107,7.31
"2023-02-02 00:00:00",1186,105,7.31
"2023-02-03 00:00:00",981,77,7.31
"2023-02-04 00:00:00",989,57,7.31
"2023-02-05 00:00:00",1088,73,8.01
"2023-02-06 00:00:00",1275,98,8.01
"2023-02-07 00:00:00",1424,122,8.01
"2023-02-08 00:00:00",1257,114,8.01
"2023-02-09 00:00:00",1210,119,8.01
"2023-02-10 00:00:00",1040,97,8.01
"2023-02-11 00:00:00",1000,99,8.01
"2023-02-12 00:00:00",1063,77,7.92
"2023-02-13 00:00:00",1297,107,7.92
"2023-02-14 00:00:00",1265,127,7.92
"2023-02-15 00:00:00",1340,113,7.92
"2023-02-16 00:00:00",1132,106,7.92
"2023-02-17 00:00:00",1041,93,7.92
"2023-02-18 00:00:00",994,76,7.92
"2023-02-19 00:00:00",1001,72,7.23
"2023-02-20 00:00:00",1312,102,7.23
"2023-02-21 00:00:00",1254,93,7.23
"2023-02-22 00:00:00",1272,77,7.23
"2023-02-23 00:00:00",1056,97,7.23
"2023-02-24 00:00:00",977,90,7.23
"2023-02-25 00:00:00",787,66,7.23
"2023-02-26 00:00:00",817,49,6.77
"2023-02-27 00:00:00",938,78,6.77
"2023-02-28 00:00:00",1233,97,6.77
"2023-03-01 00:00:00",1098,97,6.77
"2023-03-02 00:00:00",973,68,6.77
"2023-03-03 00:00:00",1056,74,6.77
"2023-03-04 00:00:00",858,43,6.77
"2023-03-05 00:00:00",891,66,6.8
"2023-03-06 00:00:00",1155,79,6.8
"2023-03-07 00:00:00",1102,81,6.8
"2023-03-08 00:00:00",1060,73,6.8
"2023-03-09 00:00:00",1132,86,6.8
"2023-03-10 00:00:00",859,69,6.8
"2023-03-11 00:00:00",805,57,6.8
"2023-03-12 00:00:00",941,56,7.17
"2023-03-13 00:00:00",1172,88,7.17
"2023-03-14 00:00:00",1125,79,7.17
"2023-03-15 00:00:00",1213,91,7.17
"2023-03-16 00:00:00",1150,96,7.17
"2023-03-17 00:00:00",1034,99,7.17
"2023-03-18 00:00:00",869,71,7.17
"2023-03-19 00:00:00",828,52,6.82
"2023-03-20 00:00:00",1075,90,6.82
"2023-03-21 00:00:00",1214,80,6.82
"2023-03-22 00:00:00",1172,82,6.82
"2023-03-23 00:00:00",1158,82,6.82
"2023-03-24 00:00:00",897,71,6.82
"2023-03-25 00:00:00",828,68,6.82
"2023-03-26 00:00:00",762,33,6.49
"2023-03-27 00:00:00",1111,96,6.49
"2023-03-28 00:00:00",1095,74,6.49
"2023-03-29 00:00:00",976,78,6.49
"2023-03-30 00:00:00",1066,68,6.49
"2023-03-31 00:00:00",955,67,6.49
"2023-04-01 00:00:00",845,57,6.49
"2023-04-02 00:00:00",813,48,7.44
"2023-04-03 00:00:00",1106,80,7.44
"2023-04-04 00:00:00",1071,93,7.44
"2023-04-05 00:00:00",977,72,7.44
"2023-04-06 00:00:00",930,103,7.44
"2023-04-07 00:00:00",748,67,7.44
"2023-04-08 00:00:00",726,49,7.44
"2023-04-09 00:00:00",699,44,6.95
"2023-04-10 00:00:00",804,61,6.95
"2023-04-11 00:00:00",1069,90,6.95
"2023-04-12 00:00:00",1111,95,6.95
"2023-04-13 00:00:00",1010,87,6.95
"2023-04-14 00:00:00",967,63,6.95
"2023-04-15 00:00:00",816,44,6.95
"2023-04-16 00:00:00",767,57,6.63
"2023-04-17 00:00:00",936,85,6.63
"2023-04-18 00:00:00",1106,81,6.63
"2023-04-19 00:00:00",979,72,6.63
"2023-04-20 00:00:00",972,64,6.63
"2023-04-21 00:00:00",916,52,6.63
"2023-04-22 00:00:00",730,44,6.63
"2023-04-23 00:00:00",744,37,5.59
"2023-04-24 00:00:00",935,56,5.59
"2023-04-25 00:00:00",1137,79,5.59
"2023-04-26 00:00:00",932,44,5.59
"2023-04-27 00:00:00",913,57,5.59
"2023-04-28 00:00:00",821,39,5.59
"2023-04-29 00:00:00",737,56,5.59
"2023-04-30 00:00:00",722,46,7.09
"2023-05-01 00:00:00",1089,110,7.09
"2023-05-02 00:00:00",1020,101,7.09
"2023-05-03 00:00:00",1012,68,7.09
"2023-05-04 00:00:00",932,54,7.09
"2023-05-05 00:00:00",963,62,7.09
"2023-05-06 00:00:00",772,56,7.09
"2023-05-07 00:00:00",677,28,5.94
"2023-05-08 00:00:00",972,62,5.94
"2023-05-09 00:00:00",1042,71,5.94
"2023-05-10 00:00:00",1001,62,5.94
"2023-05-11 00:00:00",945,67,5.94
"2023-05-12 00:00:00",803,68,5.94
"2023-05-13 00:00:00",691,29,5.94
"2023-05-14 00:00:00",616,30,5.99
"2023-05-15 00:00:00",987,74,5.99
"2023-05-16 00:00:00",934,71,5.99
"2023-05-17 00:00:00",844,56,5.99
"2023-05-18 00:00:00",845,40,5.99
"2023-05-19 00:00:00",747,50,5.99
"2023-05-20 00:00:00",661,38,5.99
"2023-05-21 00:00:00",606,30,5.86
"2023-05-22 00:00:00",676,37,5.86
"2023-05-23 00:00:00",721,51,5.86
"2023-05-24 00:00:00",849,58,5.86
"2023-05-25 00:00:00",723,51,5.86
"2023-05-26 00:00:00",766,54,5.86
"2023-05-27 00:00:00",592,26,5.86
"2023-05-28 00:00:00",648,38,6.5
"2023-05-29 00:00:00",823,60,6.5
"2023-05-30 00:00:00",853,65,6.5
"2023-05-31 00:00:00",784,61,6.5
"2023-06-01 00:00:00",660,41,6.5
"2023-06-02 00:00:00",837,63,6.5
"2023-06-03 00:00:00",573,32,6.5
"2023-06-04 00:00:00",525,19,4.46
"2023-06-05 00:00:00",814,37,4.46
"2023-06-06 00:00:00",815,38,4.46
"2023-06-07 00:00:00",729,32,4.46
"2023-06-08 00:00:00",647,34,4.46
"2023-06-09 00:00:00",680,40,4.46
"2023-06-10 00:00:00",544,22,4.46
"2023-06-11 00:00:00",559,16,4.67
"2023-06-12 00:00:00",722,47,4.67
"2023-06-13 00:00:00",749,31,4.67
"2023-06-14 00:00:00",688,44,4.67
"2023-06-15 00:00:00",654,42,4.67
"2023-06-16 00:00:00",624,23,4.67
"2023-06-17 00:00:00",536,19,4.67
"2023-06-18 00:00:00",503,18,4.3
"2023-06-19 00:00:00",706,29,4.3
"2023-06-20 00:00:00",648,26,4.3
"2023-06-21 00:00:00",639,38,4.3
"2023-06-22 00:00:00",562,30,4.3
"2023-06-23 00:00:00",419,18,4.3
"2023-06-24 00:00:00",529,21,4.3
"2023-06-25 00:00:00",509,21,4.11
"2023-06-26 00:00:00",653,27,4.11
"2023-06-27 00:00:00",619,35,4.11
"2023-06-28 00:00:00",631,31,4.11
"2023-06-29 00:00:00",540,14,4.11
"2023-06-30 00:00:00",575,26,4.11
"2023-07-01 00:00:00",395,14,4.11
"2023-07-02 00:00:00",427,16,3.51
"2023-07-03 00:00:00",604,21,3.51
"2023-07-04 00:00:00",580,19,3.51
"2023-07-05 00:00:00",576,24,3.51
"2023-07-06 00:00:00",530,20,3.51
"2023-07-07 00:00:00",475,16,3.51
"2023-07-08 00:00:00",414,15,3.51
"2023-07-09 00:00:00",452,11,3.59
"2023-07-10 00:00:00",591,30,3.59
"2023-07-11 00:00:00",535,20,3.59
"2023-07-12 00:00:00",565,20,3.59
"2023-07-13 00:00:00",451,20,3.59
"2023-07-14 00:00:00",397,10,3.59
"2023-07-15 00:00:00",449,17,3.59
"2023-07-16 00:00:00",415,17,4.19
"2023-07-17 00:00:00",503,24,4.19
"2023-07-18 00:00:00",515,25,4.19
"2023-07-19 00:00:00",535,19,4.19
"2023-07-20 00:00:00",489,18,4.19
"2023-07-21 00:00:00",440,18,4.19
"2023-07-22 00:00:00",346,21,4.19
"2023-07-23 00:00:00",391,10,4.3
"2023-07-24 00:00:00",492,22,4.3
"2023-07-25 00:00:00",502,34,4.3
"2023-07-26 00:00:00",485,30,4.3
"2023-07-27 00:00:00",438,13,4.3
"2023-07-28 00:00:00",431,15,4.3
"2023-07-29 00:00:00",379,16,4.3
"2023-07-30 00:00:00",339,9,5.93
"2023-07-31 00:00:00",397,26,5.93
"2023-08-01 00:00:00",455,25,5.93
"2023-08-02 00:00:00",431,35,5.93
"2023-08-03 00:00:00",399,29,5.93
"2023-08-04 00:00:00",389,29,5.93
"2023-08-05 00:00:00",286,17,5.93
"2023-08-06 00:00:00",326,14,7.5
"2023-08-07 00:00:00",418,31,7.5
"2023-08-08 00:00:00",411,36,7.5
"2023-08-09 00:00:00",450,37,7.5
"2023-08-10 00:00:00",438,39,7.5
"2023-08-11 00:00:00",390,35,7.5
"2023-08-12 00:00:00",328,32,7.5
"2023-08-13 00:00:00",340,23,10.06
"2023-08-14 00:00:00",452,56,10.06
"2023-08-15 00:00:00",450,49,10.06
"2023-08-16 00:00:00",476,55,10.06
"2023-08-17 00:00:00",403,43,10.06
"2023-08-18 00:00:00",391,62,10.06
"2023-08-19 00:00:00",420,40,10.06
"2023-08-20 00:00:00",357,31,11.28
"2023-08-21 00:00:00",440,53,11.28
"2023-08-22 00:00:00",489,71,11.28
"2023-08-23 00:00:00",474,56,11.28
"2023-08-24 00:00:00",466,53,11.28
"2023-08-25 00:00:00",508,79,11.28
"2023-08-26 00:00:00",412,57,11.28
"2023-08-27 00:00:00",452,53,13.48
"2023-08-28 00:00:00",489,64,13.48
"2023-08-29 00:00:00",659,115,13.48
"2023-08-30 00:00:00",598,66,13.48
"2023-08-31 00:00:00",522,87,13.48
"2023-09-01 00:00:00",498,100,13.48
"2023-09-02 00:00:00",401,79,13.48
"2023-09-03 00:00:00",398,50,13.49
"2023-09-04 00:00:00",484,56,13.49
"2023-09-05 00:00:00",621,98,13.49
"2023-09-06 00:00:00",603,113,13.49
"2023-09-07 00:00:00",712,129,13.49
"2023-09-08 00:00:00",554,77,13.49
"2023-09-09 00:00:00",449,73,13.49
"2023-09-10 00:00:00",437,68,13.6
"2023-09-11 00:00:00",607,100,13.6
"2023-09-12 00:00:00",668,106,13.6
"2023-09-13 00:00:00",601,136,13.6
"2023-09-14 00:00:00",630,84,13.6
"2023-09-15 00:00:00",612,86,13.6
"2023-09-16 00:00:00",555,67,13.6
"2023-09-17 00:00:00",525,73,14.03
"2023-09-18 00:00:00",656,106,14.03
"2023-09-19 00:00:00",696,129,14.03
"2023-09-20 00:00:00",689,81,14.03
"2023-09-21 00:00:00",589,102,14.03
"2023-09-22 00:00:00",638,111,14.03
"2023-09-23 00:00:00",464,93,14.03
"2023-09-24 00:00:00",454,72,16.36
"2023-09-25 00:00:00",655,120,16.36
"2023-09-26 00:00:00",815,156,16.36
"2023-09-27 00:00:00",581,107,16.36
"2023-09-28 00:00:00",688,143,16.36
"2023-09-29 00:00:00",598,134,16.36
"2023-09-30 00:00:00",574,122,16.36
"2023-10-01 00:00:00",514,104,17.35
"2023-10-02 00:00:00",726,175,17.35
"2023-10-03 00:00:00",701,166,17.35
"2023-10-04 00:00:00",713,167,17.35
"2023-10-05 00:00:00",702,140,17.35
"2023-10-06 00:00:00",640,116,17.35
"2023-10-07 00:00:00",552,87,17.35
"2023-10-08 00:00:00",503,79,13.12
"2023-10-09 00:00:00",473,84,13.12
"2023-10-10 00:00:00",676,115,13.12
"2023-10-11 00:00:00",693,103,13.12
"2023-10-12 00:00:00",686,92,13.12
"2023-10-13 00:00:00",645,83,13.12
"2023-10-14 00:00:00",510,76,13.12
"2023-10-15 00:00:00",537,62,13.37
"2023-10-16 00:00:00",589,97,13.37
"2023-10-17 00:00:00",657,111,13.37
"2023-10-18 00:00:00",637,107,13.37
"2023-10-19 00:00:00",646,86,13.37
"2023-10-20 00:00:00",587,103,13.37
"2023-10-21 00:00:00",461,69,13.37
"2023-10-22 00:00:00",458,62,13.56
"2023-10-23 00:00:00",615,113,13.56
"2023-10-24 00:00:00",538,95,13.56
"2023-10-25 00:00:00",577,88,13.56
"2023-10-26 00:00:00",503,71,13.56
"2023-10-27 00:00:00",579,92,13.56
"2023-10-28 00:00:00",433,60,13.56
"2023-10-29 00:00:00",485,44,11.34
"2023-10-30 00:00:00",575,64,11.34
"2023-10-31 00:00:00",525,64,11.34
"2023-11-01 00:00:00",547,89,11.34
"2023-11-02 00:00:00",579,93,11.34
"2023-11-03 00:00:00",552,75,11.34
"2023-11-04 00:00:00",457,47,11.34
"2023-11-05 00:00:00",463,66,14.3
"2023-11-06 00:00:00",511,78,14.3
"2023-11-07 00:00:00",586,102,14.3
"2023-11-08 00:00:00",549,92,14.3
"2023-11-09 00:00:00",506,87,14.3
"2023-11-10 00:00:00",531,94,14.3
"2023-11-11 00:00:00",444,80,14.3
"2023-11-12 00:00:00",444,75,17.4
"2023-11-13 00:00:00",521,110,17.4
"2023-11-14 00:00:00",697,152,17.4
"2023-11-15 00:00:00",704,154,17.4
"2023-11-16 00:00:00",541,146,17.4
"2023-11-17 00:00:00",620,121,17.4
"2023-11-18 00:00:00",575,106,17.4
"2023-11-19 00:00:00",510,100,19.82
"2023-11-20 00:00:00",553,126,19.82
"2023-11-21 00:00:00",543,152,19.82
"2023-11-22 00:00:00",620,174,19.82
"2023-11-23 00:00:00",607,155,19.82
"2023-11-24 00:00:00",572,144,19.82
"2023-11-25 00:00:00",447,101,19.82
"2023-11-26 00:00:00",459,124,21.77
"2023-11-27 00:00:00",643,189,21.77
"2023-11-28 00:00:00",708,193,21.77
"2023-11-29 00:00:00",579,204,21.77
"2023-11-30 00:00:00",652,189,21.77
"2023-12-01 00:00:00",675,172,21.77
"2023-12-02 00:00:00",564,120,21.77
"2023-12-03 00:00:00",554,147,21.63
"2023-12-04 00:00:00",718,197,21.63
"2023-12-05 00:00:00",731,221,21.63
"2023-12-06 00:00:00",635,183,21.63
"2023-12-07 00:00:00",730,205,21.63
"2023-12-08 00:00:00",596,134,21.63
"2023-12-09 00:00:00",427,125,21.63
"2023-12-10 00:00:00",387,93,24.02
"2023-12-11 00:00:00",400,113,24.02
"2023-12-12 00:00:00",958,331,24.02
"2023-12-13 00:00:00",671,234,24.02
"2023-12-14 00:00:00",835,246,24.02
"2023-12-15 00:00:00",658,215,24.02
"2023-12-16 00:00:00",470,152,24.02
"2023-12-17 00:00:00",613,162,22.74
"2023-12-18 00:00:00",666,192,22.74
"2023-12-19 00:00:00",754,259,22.74
"2023-12-20 00:00:00",710,202,22.74
"2023-12-21 00:00:00",716,242,22.74
"2023-12-22 00:00:00",675,169,22.74
"2023-12-23 00:00:00",515,142,22.74
"2023-12-24 00:00:00",465,85,18.81
"2023-12-25 00:00:00",354,83,18.81
"2023-12-26 00:00:00",463,93,18.81
"2023-12-27 00:00:00",734,199,18.81
"2023-12-28 00:00:00",751,193,18.81
"2023-12-29 00:00:00",662,160,18.81
"2023-12-30 00:00:00",581,116,18.81
"2023-12-31 00:00:00",463,81,16.5
"2024-01-01 00:00:00",456,79,16.5
"2024-01-02 00:00:00",430,80,16.5
"2024-01-03 00:00:00",794,173,16.5
"2024-01-04 00:00:00",731,161,16.5
"2024-01-05 00:00:00",658,123,16.5
"2024-01-06 00:00:00",475,95,16.5
"2024-01-07 00:00:00",485,88,14.05
"2024-01-08 00:00:00",635,133,14.05
"2024-01-09 00:00:00",593,115,14.05
"2024-01-10 00:00:00",542,90,14.05
"2024-01-11 00:00:00",626,86,14.05
"2024-01-12 00:00:00",583,91,14.05
"2024-01-13 00:00:00",481,42,14.05
"2024-01-14 00:00:00",426,42,10.19
"2024-01-15 00:00:00",552,65,10.19
"2024-01-16 00:00:00",581,57,10.19
"2024-01-17 00:00:00",514,72,10.19
"2024-01-18 00:00:00",645,75,10.19
"2024-01-19 00:00:00",510,52,10.19
"2024-01-20 00:00:00",440,53,10.19
"2024-01-21 00:00:00",351,42,8.47
"2024-01-22 00:00:00",547,63,8.47
"2024-01-23 00:00:00",528,39,8.47
"2024-01-24 00:00:00",638,62,8.47
"2024-01-25 00:00:00",516,46,8.47
"2024-01-26 00:00:00",468,41,8.47
"2024-01-27 00:00:00",484,34,8.47
"2024-01-28 00:00:00",382,27,7.51
"2024-01-29 00:00:00",568,55,7.51
"2024-01-30 00:00:00",508,35,7.51
"2024-01-31 00:00:00",513,48,7.51
"2024-02-01 00:00:00",503,45,7.51
"2024-02-02 00:00:00",501,31,7.51
"2024-02-03 00:00:00",449,37,7.51
"2024-02-04 00:00:00",359,34,6.68
"2024-02-05 00:00:00",515,31,6.68
"2024-02-06 00:00:00",523,40,6.68
"2024-02-07 00:00:00",441,31,6.68
"2024-02-08 00:00:00",465,48,6.68
"2024-02-09 00:00:00",497,31,6.68
"2024-02-10 00:00:00",397,14,6.68
"2024-02-11 00:00:00",411,25,5.23
"2024-02-12 00:00:00",582,36,5.23
"2024-02-13 00:00:00",524,26,5.23
"2024-02-14 00:00:00",466,27,5.23
"2024-02-15 00:00:00",496,24,5.23
"2024-02-16 00:00:00",507,33,5.23
"2024-02-17 00:00:00",442,18,5.23
"2024-02-18 00:00:00",365,17,4.41
"2024-02-19 00:00:00",587,29,4.41
"2024-02-20 00:00:00",546,23,4.41
"2024-02-21 00:00:00",541,24,4.41
"2024-02-22 00:00:00",492,16,4.41
"2024-02-23 00:00:00",508,31,4.41
"2024-02-24 00:00:00",387,18,4.41
"2024-02-25 00:00:00",402,11,3.34
"2024-02-26 00:00:00",610,22,3.34
"2024-02-27 00:00:00",501,16,3.34
"2024-02-28 00:00:00",504,16,3.34
"2024-02-29 00:00:00",493,21,3.34
"2024-03-01 00:00:00",473,15,3.34
"2024-03-02 00:00:00",400,16,3.34
"2024-03-03 00:00:00",353,5,2.83
"2024-03-04 00:00:00",491,15,2.83
"2024-03-05 00:00:00",543,19,2.83
"2024-03-06 00:00:00",471,9,2.83
"2024-03-07 00:00:00",440,12,2.83
"2024-03-08 00:00:00",415,19,2.83
"2024-03-09 00:00:00",414,12,2.83
"2024-03-10 00:00:00",352,10,2.22
"2024-03-11 00:00:00",486,13,2.22
"2024-03-12 00:00:00",593,17,2.22
"2024-03-13 00:00:00",461,13,2.22
"2024-03-14 00:00:00",488,5,2.22
"2024-03-15 00:00:00",444,9,2.22
"2024-03-16 00:00:00",393,6,2.22
"2024-03-17 00:00:00",365,11,2.06
"2024-03-18 00:00:00",485,8,2.06
"2024-03-19 00:00:00",522,15,2.06
"2024-03-20 00:00:00",514,10,2.06
"2024-03-21 00:00:00",426,6,2.06
"2024-03-22 00:00:00",404,13,2.06
"2024-03-23 00:00:00",462,4,2.06
"2024-03-24 00:00:00",354,4,2.37
"2024-03-25 00:00:00",512,15,2.37
"2024-03-26 00:00:00",448,11,2.37
"2024-03-27 00:00:00",487,15,2.37
"2024-03-28 00:00:00",464,11,2.37
"2024-03-29 00:00:00",402,9,2.37
"2024-03-30 00:00:00",416,10,2.37
"2024-03-31 00:00:00",374,9,2.54
"2024-04-01 00:00:00",437,11,2.54
"2024-04-02 00:00:00",482,16,2.54
"2024-04-03 00:00:00",435,11,2.54
"2024-04-04 00:00:00",454,12,2.54
"2024-04-05 00:00:00",489,14,2.54
"2024-04-06 00:00:00",473,9,2.54
"2024-04-07 00:00:00",362,8,1.54
"2024-04-08 00:00:00",421,5,1.54
"2024-04-09 00:00:00",488,12,1.54
"2024-04-10 00:00:00",468,6,1.54
"2024-04-11 00:00:00",448,5,1.54
"2024-04-12 00:00:00",443,6,1.54
"2024-04-13 00:00:00",383,5,1.54
"2024-04-14 00:00:00",360,3,1.82
"2024-04-15 00:00:00",378,1,1.82
"2024-04-16 00:00:00",451,12,1.82
"2024-04-17 00:00:00",428,2,1.82
"2024-04-18 00:00:00",396,9,1.82
"2024-04-19 00:00:00",383,9,1.82
"2024-04-20 00:00:00",348,15,1.82
"2024-04-21 00:00:00",323,12,2.46
"2024-04-22 00:00:00",380,9,2.46
"2024-04-23 00:00:00",380,7,2.46
"2024-04-24 00:00:00",310,5,2.46
"2024-04-25 00:00:00",376,7,2.46
"2024-04-26 00:00:00",324,7,2.46
"2024-04-27 00:00:00",284,13,2.46
"2024-04-28 00:00:00",262,5,2.16
"2024-04-29 00:00:00",335,8,2.16
"2024-04-30 00:00:00",333,7,2.16
"2024-05-01 00:00:00",303,5,2.16
"2024-05-02 00:00:00",312,9,2.16
"2024-05-03 00:00:00",267,9,2.16
"2024-05-04 00:00:00",267,3,2.16
"2024-05-05 00:00:00",253,4,2.02
"2024-05-06 00:00:00",313,2,2.02
"2024-05-07 00:00:00",349,5,2.02
"2024-05-08 00:00:00",306,9,2.02
"2024-05-09 00:00:00",335,11,2.02
"2024-05-10 00:00:00",329,7,2.02
"2024-05-11 00:00:00",293,7,2.02
"2024-05-12 00:00:00",220,2,2.74
"2024-05-13 00:00:00",308,4,2.74
"2024-05-14 00:00:00",342,6,2.74
"2024-05-15 00:00:00",256,12,2.74
"2024-05-16 00:00:00",331,13,2.74
"2024-05-17 00:00:00",255,8,2.74
"2024-05-18 00:00:00",274,11,2.74
"2024-05-19 00:00:00",269,15,4.59
"2024-05-20 00:00:00",243,8,4.59
"2024-05-21 00:00:00",305,17,4.59
"2024-05-22 00:00:00",324,15,4.59
"2024-05-23 00:00:00",298,16,4.59
"2024-05-24 00:00:00",265,8,4.59
"2024-05-25 00:00:00",230,14,4.59
"2024-05-26 00:00:00",246,6,5.09
"2024-05-27 00:00:00",265,20,5.09
"2024-05-28 00:00:00",328,18,5.09
"2024-05-29 00:00:00",276,17,5.09
"2024-05-30 00:00:00",261,17,5.09
"2024-05-31 00:00:00",251,11,5.09
"2024-06-01 00:00:00",257,12,5.09
"2024-06-02 00:00:00",210,13,6.07
"2024-06-03 00:00:00",292,24,6.07
"2024-06-04 00:00:00",290,17,6.07
"2024-06-05 00:00:00",300,22,6.07
"2024-06-06 00:00:00",293,19,6.07
"2024-06-07 00:00:00",264,16,6.07
"2024-06-08 00:00:00",240,11,6.07
"2024-06-09 00:00:00",214,16,7.3
"2024-06-10 00:00:00",268,15,7.3
"2024-06-11 00:00:00",269,27,7.3
"2024-06-12 00:00:00",252,29,7.3
"2024-06-13 00:00:00",263,12,7.3
"2024-06-14 00:00:00",265,21,7.3
"2024-06-15 00:00:00",208,17,7.3
"2024-06-16 00:00:00",198,12,9.14
"2024-06-17 00:00:00",248,33,9.14
"2024-06-18 00:00:00",285,32,9.14
"2024-06-19 00:00:00",261,21,9.14
"2024-06-20 00:00:00",252,32,9.14
"2024-06-21 00:00:00",251,18,9.14
"2024-06-22 00:00:00",194,22,9.14
"2024-06-23 00:00:00",235,18,9.7
"2024-06-24 00:00:00",186,5,9.7
"2024-06-25 00:00:00",253,28,9.7
"2024-06-26 00:00:00",273,43,9.7
"2024-06-27 00:00:00",279,33,9.7
"2024-06-28 00:00:00",226,20,9.7
"2024-06-29 00:00:00",150,25,9.7
"2024-06-30 00:00:00",134,20,12.07
"2024-07-01 00:00:00",149,20,12.07
"2024-07-02 00:00:00",248,35,12.07
"2024-07-03 00:00:00",209,28,12.07
"2024-07-04 00:00:00",241,38,12.07
"2024-07-05 00:00:00",234,21,12.07
"2024-07-06 00:00:00",184,30,12.07
"2024-07-07 00:00:00",139,29,13.36
"2024-07-08 00:00:00",212,21,13.36
"2024-07-09 00:00:00",289,36,13.36
"2024-07-10 00:00:00",281,47,13.36
"2024-07-11 00:00:00",225,51,13.36
"2024-07-12 00:00:00",243,29,13.36
"2024-07-13 00:00:00",187,30,13.36
"2024-07-14 00:00:00",197,29,17.05
"2024-07-15 00:00:00",262,53,17.05
"2024-07-16 00:00:00",209,54,17.05
"2024-07-17 00:00:00",278,51,17.05
"2024-07-18 00:00:00",261,53,17.05
"2024-07-19 00:00:00",214,55,17.05
"2024-07-20 00:00:00",175,33,17.05
"2024-07-21 00:00:00",170,40,17.04
"2024-07-22 00:00:00",295,55,17.04
"2024-07-23 00:00:00",273,45,17.04
"2024-07-24 00:00:00",230,49,17.04
"2024-07-25 00:00:00",270,62,17.04
"2024-07-26 00:00:00",288,61,17.04
"2024-07-27 00:00:00",163,35,17.04
"2024-07-28 00:00:00",194,40,19.51
"2024-07-29 00:00:00",284,79,19.51
"2024-07-30 00:00:00",274,78,19.51
"2024-07-31 00:00:00",341,86,19.51
"2024-08-01 00:00:00",283,61,19.51
"2024-08-02 00:00:00",327,69,19.51
"2024-08-03 00:00:00",211,51,19.51
"2024-08-04 00:00:00",219,51,20.34
"2024-08-05 00:00:00",287,79,20.34
"2024-08-06 00:00:00",309,84,20.34
"2024-08-07 00:00:00",333,98,20.34