"Date de résultat du test","Cas confirmés","Moyenne mobile (7 jours)","Annotations 1"
"2020-02-24 00:00:00",0,0
"2020-02-25 00:00:00",0,0
"2020-02-26 00:00:00",0,0
"2020-02-27 00:00:00",0,0
"2020-02-28 00:00:00",0,0
"2020-02-29 00:00:00",0,0
"2020-03-01 00:00:00",0,0
"2020-03-02 00:00:00",0,0
"2020-03-03 00:00:00",0,0.14
"2020-03-04 00:00:00",0,0.14
"2020-03-05 00:00:00",0,0.14
"2020-03-06 00:00:00",1,0.14
"2020-03-07 00:00:00",0,0.14
"2020-03-08 00:00:00",0,0.43
"2020-03-09 00:00:00",0,0.57
"2020-03-10 00:00:00",0,0.57
"2020-03-11 00:00:00",2,0.71
"2020-03-12 00:00:00",1,1
"2020-03-13 00:00:00",1,1.71
"2020-03-14 00:00:00",1,2
"2020-03-15 00:00:00",2,2.71
"2020-03-16 00:00:00",5,6.57
"2020-03-17 00:00:00",2,10.43
"2020-03-18 00:00:00",7,22.86
"2020-03-19 00:00:00",28,35.86
"2020-03-20 00:00:00",28,53.43
"2020-03-21 00:00:00",88,70.43
"2020-03-22 00:00:00",93,90
"2020-03-23 00:00:00",128,110.29
"2020-03-24 00:00:00",121,146.71
"2020-03-25 00:00:00",144,162
"2020-03-26 00:00:00",170,186.57
"2020-03-27 00:00:00",283,210.57
"2020-03-28 00:00:00",195,241.57
"2020-03-29 00:00:00",265,266.86
"2020-03-30 00:00:00",296,296.14
"2020-03-31 00:00:00",338,298.14
"2020-04-01 00:00:00",321,328.86
"2020-04-02 00:00:00",375,328
"2020-04-03 00:00:00",297,335
"2020-04-04 00:00:00",410,349.57
"2020-04-05 00:00:00",259,350.86
"2020-04-06 00:00:00",345,364.86
"2020-04-07 00:00:00",440,370.29
"2020-04-08 00:00:00",330,352.71
"2020-04-09 00:00:00",473,377.71
"2020-04-10 00:00:00",335,400.86
"2020-04-11 00:00:00",287,429.43
"2020-04-12 00:00:00",434,450.57
"2020-04-13 00:00:00",507,457.57
"2020-04-14 00:00:00",640,482.43
"2020-04-15 00:00:00",478,493.71
"2020-04-16 00:00:00",522,486.86
"2020-04-17 00:00:00",509,465.57
"2020-04-18 00:00:00",366,432.14
"2020-04-19 00:00:00",386,429.57
"2020-04-20 00:00:00",358,414.14
"2020-04-21 00:00:00",406,409.14
"2020-04-22 00:00:00",460,400
"2020-04-23 00:00:00",414,389.14
"2020-04-24 00:00:00",474,384.43
"2020-04-25 00:00:00",302,392
"2020-04-26 00:00:00",310,398.57
"2020-04-27 00:00:00",325,405.29
"2020-04-28 00:00:00",459,404.29
"2020-04-29 00:00:00",506,419.43
"2020-04-30 00:00:00",461,421.14
"2020-05-01 00:00:00",467,415
"2020-05-02 00:00:00",408,419.43
"2020-05-03 00:00:00",322,412.43
"2020-05-04 00:00:00",282,410.57
"2020-05-05 00:00:00",490,395
"2020-05-06 00:00:00",457,379.43
"2020-05-07 00:00:00",448,371
"2020-05-08 00:00:00",358,370.14
"2020-05-09 00:00:00",299,350.29
"2020-05-10 00:00:00",263,332.57
"2020-05-11 00:00:00",276,324
"2020-05-12 00:00:00",351,316.29
"2020-05-13 00:00:00",333,316.86
"2020-05-14 00:00:00",388,321.14
"2020-05-15 00:00:00",304,318.43
"2020-05-16 00:00:00",303,319.57
"2020-05-17 00:00:00",293,316.57
"2020-05-18 00:00:00",257,308.14
"2020-05-19 00:00:00",359,298.71
"2020-05-20 00:00:00",312,288.86
"2020-05-21 00:00:00",329,276
"2020-05-22 00:00:00",238,261.43
"2020-05-23 00:00:00",234,236.57
"2020-05-24 00:00:00",203,221.14
"2020-05-25 00:00:00",155,200
"2020-05-26 00:00:00",185,191.86
"2020-05-27 00:00:00",204,183.29
"2020-05-28 00:00:00",181,169.43
"2020-05-29 00:00:00",181,160.71
"2020-05-30 00:00:00",174,151.43
"2020-05-31 00:00:00",106,137.57
"2020-06-01 00:00:00",94,127.43
"2020-06-02 00:00:00",120,115.86
"2020-06-03 00:00:00",107,103.57
"2020-06-04 00:00:00",110,97.29
"2020-06-05 00:00:00",100,90.29
"2020-06-06 00:00:00",88,83.29
"2020-06-07 00:00:00",62,78.29
"2020-06-08 00:00:00",45,72.43
"2020-06-09 00:00:00",71,66.14
"2020-06-10 00:00:00",72,60.29
"2020-06-11 00:00:00",69,56.29
"2020-06-12 00:00:00",56,56.86
"2020-06-13 00:00:00",47,54.43
"2020-06-14 00:00:00",34,50.71
"2020-06-15 00:00:00",49,48
"2020-06-16 00:00:00",54,45.29
"2020-06-17 00:00:00",46,42.71
"2020-06-18 00:00:00",50,41.57
"2020-06-19 00:00:00",37,38.57
"2020-06-20 00:00:00",29,35.57
"2020-06-21 00:00:00",26,33.86
"2020-06-22 00:00:00",28,32
"2020-06-23 00:00:00",33,30.71
"2020-06-24 00:00:00",34,30.86
"2020-06-25 00:00:00",37,29.43
"2020-06-26 00:00:00",28,26.29
"2020-06-27 00:00:00",30,26.57
"2020-06-28 00:00:00",16,24.57
"2020-06-29 00:00:00",6,21.43
"2020-06-30 00:00:00",35,20.29
"2020-07-01 00:00:00",20,18
"2020-07-02 00:00:00",15,17.43
"2020-07-03 00:00:00",20,18.43
"2020-07-04 00:00:00",14,17.29
"2020-07-05 00:00:00",12,20.57
"2020-07-06 00:00:00",13,23.71
"2020-07-07 00:00:00",27,26.29
"2020-07-08 00:00:00",43,27.43
"2020-07-09 00:00:00",37,28.71
"2020-07-10 00:00:00",38,37.43
"2020-07-11 00:00:00",22,41
"2020-07-12 00:00:00",21,47.43
"2020-07-13 00:00:00",74,53.29
"2020-07-14 00:00:00",52,58.43
"2020-07-15 00:00:00",88,69.71
"2020-07-16 00:00:00",78,72.57
"2020-07-17 00:00:00",74,69.71
"2020-07-18 00:00:00",101,70.14
"2020-07-19 00:00:00",41,69.57
"2020-07-20 00:00:00",54,69.57
"2020-07-21 00:00:00",55,66.14
"2020-07-22 00:00:00",84,57.57
"2020-07-23 00:00:00",78,56.29
"2020-07-24 00:00:00",50,54.29
"2020-07-25 00:00:00",41,51.71
"2020-07-26 00:00:00",32,50.86
"2020-07-27 00:00:00",40,48.57
"2020-07-28 00:00:00",37,46.86
"2020-07-29 00:00:00",78,47.29
"2020-07-30 00:00:00",62,47.86
"2020-07-31 00:00:00",38,49
"2020-08-01 00:00:00",44,51.14
"2020-08-02 00:00:00",36,45.71
"2020-08-03 00:00:00",48,41.86
"2020-08-04 00:00:00",52,42.71
"2020-08-05 00:00:00",40,43.29
"2020-08-06 00:00:00",35,42.57
"2020-08-07 00:00:00",44,40.14
"2020-08-08 00:00:00",48,39
"2020-08-09 00:00:00",31,38.43
"2020-08-10 00:00:00",31,38.43
"2020-08-11 00:00:00",44,35.57
"2020-08-12 00:00:00",36,31.29
"2020-08-13 00:00:00",35,27.86
"2020-08-14 00:00:00",24,26.57
"2020-08-15 00:00:00",18,23.86
"2020-08-16 00:00:00",7,22.14
"2020-08-17 00:00:00",22,22.57
"2020-08-18 00:00:00",25,23.43
"2020-08-19 00:00:00",24,23.29
"2020-08-20 00:00:00",38,24.57
"2020-08-21 00:00:00",30,23.86
"2020-08-22 00:00:00",17,27
"2020-08-23 00:00:00",16,30.57
"2020-08-24 00:00:00",17,29.71
"2020-08-25 00:00:00",47,32
"2020-08-26 00:00:00",49,34
"2020-08-27 00:00:00",32,34.86
"2020-08-28 00:00:00",46,36.14
"2020-08-29 00:00:00",31,36.14
"2020-08-30 00:00:00",22,37.71
"2020-08-31 00:00:00",26,40
"2020-09-01 00:00:00",47,39.57
"2020-09-02 00:00:00",60,45.86
"2020-09-03 00:00:00",48,51.71
"2020-09-04 00:00:00",43,55.71
"2020-09-05 00:00:00",75,57.86
"2020-09-06 00:00:00",63,61.14
"2020-09-07 00:00:00",54,67.14
"2020-09-08 00:00:00",62,76
"2020-09-09 00:00:00",83,79.86
"2020-09-10 00:00:00",90,82.43
"2020-09-11 00:00:00",105,83.43
"2020-09-12 00:00:00",102,89.29
"2020-09-13 00:00:00",81,90.71
"2020-09-14 00:00:00",61,95.43
"2020-09-15 00:00:00",103,104.43
"2020-09-16 00:00:00",93,112.57
"2020-09-17 00:00:00",123,125.29
"2020-09-18 00:00:00",168,138.14
"2020-09-19 00:00:00",159,148.86
"2020-09-20 00:00:00",170,173
"2020-09-21 00:00:00",151,192.43
"2020-09-22 00:00:00",178,210.57
"2020-09-23 00:00:00",262,235.71
"2020-09-24 00:00:00",259,252
"2020-09-25 00:00:00",295,273.57
"2020-09-26 00:00:00",335,299
"2020-09-27 00:00:00",284,307.71
"2020-09-28 00:00:00",302,330.71
"2020-09-29 00:00:00",356,355.86
"2020-09-30 00:00:00",323,350.43
"2020-10-01 00:00:00",420,355.29
"2020-10-02 00:00:00",471,349.29
"2020-10-03 00:00:00",297,343
"2020-10-04 00:00:00",318,336.57
"2020-10-05 00:00:00",260,325.14
"2020-10-06 00:00:00",312,295.86
"2020-10-07 00:00:00",278,297.14
"2020-10-08 00:00:00",340,288.43
"2020-10-09 00:00:00",266,278
"2020-10-10 00:00:00",306,275.14
"2020-10-11 00:00:00",257,270.71
"2020-10-12 00:00:00",187,259.86
"2020-10-13 00:00:00",292,265.14
"2020-10-14 00:00:00",247,254.71
"2020-10-15 00:00:00",264,251.14
"2020-10-16 00:00:00",303,253.57
"2020-10-17 00:00:00",233,256.71
"2020-10-18 00:00:00",232,260.57
"2020-10-19 00:00:00",204,257
"2020-10-20 00:00:00",314,247.57
"2020-10-21 00:00:00",274,250.86
"2020-10-22 00:00:00",239,254.71
"2020-10-23 00:00:00",237,250.57
"2020-10-24 00:00:00",256,243.86
"2020-10-25 00:00:00",259,234.57
"2020-10-26 00:00:00",175,232.14
"2020-10-27 00:00:00",267,230
"2020-10-28 00:00:00",209,232
"2020-10-29 00:00:00",222,225
"2020-10-30 00:00:00",222,226
"2020-10-31 00:00:00",270,223.71
"2020-11-01 00:00:00",210,235.71
"2020-11-02 00:00:00",182,247
"2020-11-03 00:00:00",251,256.29
"2020-11-04 00:00:00",293,260.14
"2020-11-05 00:00:00",301,267.29
"2020-11-06 00:00:00",287,285.86
"2020-11-07 00:00:00",297,294.71
"2020-11-08 00:00:00",260,298.71
"2020-11-09 00:00:00",312,297.86
"2020-11-10 00:00:00",313,306.86
"2020-11-11 00:00:00",321,308.14
"2020-11-12 00:00:00",295,309.71
"2020-11-13 00:00:00",350,301.14
"2020-11-14 00:00:00",306,291.57
"2020-11-15 00:00:00",271,283.86
"2020-11-16 00:00:00",252,282.57
"2020-11-17 00:00:00",246,272.86
"2020-11-18 00:00:00",267,267.57
"2020-11-19 00:00:00",286,276
"2020-11-20 00:00:00",282,275.29
"2020-11-21 00:00:00",269,281.43
"2020-11-22 00:00:00",330,294
"2020-11-23 00:00:00",247,309.29
"2020-11-24 00:00:00",289,327
"2020-11-25 00:00:00",355,340.57
"2020-11-26 00:00:00",393,349.57
"2020-11-27 00:00:00",406,364.29
"2020-11-28 00:00:00",364,393.43
"2020-11-29 00:00:00",393,400.86
"2020-11-30 00:00:00",350,418.43
"2020-12-01 00:00:00",493,429
"2020-12-02 00:00:00",407,460.29
"2020-12-03 00:00:00",516,473.86
"2020-12-04 00:00:00",480,481.86
"2020-12-05 00:00:00",583,493.71
"2020-12-06 00:00:00",488,521.29
"2020-12-07 00:00:00",406,538.57
"2020-12-08 00:00:00",576,558.86
"2020-12-09 00:00:00",600,568.71
"2020-12-10 00:00:00",637,585.29
"2020-12-11 00:00:00",622,614.43
"2020-12-12 00:00:00",652,619.86
"2020-12-13 00:00:00",604,630.71
"2020-12-14 00:00:00",610,664
"2020-12-15 00:00:00",614,689.43
"2020-12-16 00:00:00",676,703
"2020-12-17 00:00:00",870,721
"2020-12-18 00:00:00",800,736.57
"2020-12-19 00:00:00",747,756.71
"2020-12-20 00:00:00",730,768.57
"2020-12-21 00:00:00",719,777.57
"2020-12-22 00:00:00",755,780
"2020-12-23 00:00:00",759,798.71
"2020-12-24 00:00:00",933,812.57
"2020-12-25 00:00:00",817,818.14
"2020-12-26 00:00:00",878,879.57
"2020-12-27 00:00:00",827,919
"2020-12-28 00:00:00",758,903
"2020-12-29 00:00:00",1185,921.86
"2020-12-30 00:00:00",1035,913.29
"2020-12-31 00:00:00",821,923.29
"2021-01-01 00:00:00",949,940.86
"2021-01-02 00:00:00",818,897
"2021-01-03 00:00:00",897,882.57
"2021-01-04 00:00:00",881,929.86
"2021-01-05 00:00:00",878,939.86
"2021-01-06 00:00:00",934,938.29
"2021-01-07 00:00:00",1152,933.14
"2021-01-08 00:00:00",1019,897
"2021-01-09 00:00:00",807,883.86
"2021-01-10 00:00:00",861,858.14
"2021-01-11 00:00:00",628,814.57
"2021-01-12 00:00:00",786,782.71
"2021-01-13 00:00:00",754,779.71
"2021-01-14 00:00:00",847,735.71
"2021-01-15 00:00:00",796,724.86
"2021-01-16 00:00:00",786,705.14
"2021-01-17 00:00:00",553,691.29
"2021-01-18 00:00:00",552,666
"2021-01-19 00:00:00",648,638.29
"2021-01-20 00:00:00",657,604.14
"2021-01-21 00:00:00",670,592.71
"2021-01-22 00:00:00",602,578.57
"2021-01-23 00:00:00",547,570.86
"2021-01-24 00:00:00",473,546.43
"2021-01-25 00:00:00",453,531.71
"2021-01-26 00:00:00",594,518.86
"2021-01-27 00:00:00",486,518.71
"2021-01-28 00:00:00",567,510.29
"2021-01-29 00:00:00",512,506.71
"2021-01-30 00:00:00",546,502.86
"2021-01-31 00:00:00",414,506.43
"2021-02-01 00:00:00",428,495
"2021-02-02 00:00:00",567,506.14
"2021-02-03 00:00:00",511,503.86
"2021-02-04 00:00:00",487,502.57
"2021-02-05 00:00:00",590,489.71
"2021-02-06 00:00:00",530,469
"2021-02-07 00:00:00",405,477.86
"2021-02-08 00:00:00",338,471
"2021-02-09 00:00:00",422,457.71
"2021-02-10 00:00:00",573,432.86
"2021-02-11 00:00:00",439,423.57
"2021-02-12 00:00:00",497,421.86
"2021-02-13 00:00:00",356,418.57
"2021-02-14 00:00:00",340,386.57
"2021-02-15 00:00:00",326,376.86
"2021-02-16 00:00:00",399,363
"2021-02-17 00:00:00",349,373
"2021-02-18 00:00:00",371,376.14
"2021-02-19 00:00:00",400,368.14
"2021-02-20 00:00:00",426,368.43
"2021-02-21 00:00:00",362,377.57
"2021-02-22 00:00:00",270,379.14
"2021-02-23 00:00:00",401,383.86
"2021-02-24 00:00:00",413,367.29
"2021-02-25 00:00:00",382,352.57
"2021-02-26 00:00:00",433,346.57
"2021-02-27 00:00:00",310,350.43
"2021-02-28 00:00:00",259,339.29
"2021-03-01 00:00:00",228,335.29
"2021-03-02 00:00:00",428,319.71
"2021-03-03 00:00:00",335,325.86
"2021-03-04 00:00:00",354,324.86
"2021-03-05 00:00:00",324,333.57
"2021-03-06 00:00:00",353,319.86
"2021-03-07 00:00:00",252,319.29
"2021-03-08 00:00:00",289,331.57
"2021-03-09 00:00:00",332,337.86
"2021-03-10 00:00:00",331,326.29
"2021-03-11 00:00:00",440,326.86
"2021-03-12 00:00:00",368,324.57
"2021-03-13 00:00:00",272,343.71
"2021-03-14 00:00:00",256,352.86
"2021-03-15 00:00:00",273,343.29
"2021-03-16 00:00:00",466,334
"2021-03-17 00:00:00",395,330.43
"2021-03-18 00:00:00",373,326
"2021-03-19 00:00:00",303,349.29
"2021-03-20 00:00:00",247,333.86
"2021-03-21 00:00:00",225,331.71
"2021-03-22 00:00:00",436,323.43
"2021-03-23 00:00:00",358,327.14
"2021-03-24 00:00:00",380,338.14
"2021-03-25 00:00:00",315,349.43
"2021-03-26 00:00:00",329,336.43
"2021-03-27 00:00:00",324,350.43
"2021-03-28 00:00:00",304,350
"2021-03-29 00:00:00",345,360.43
"2021-03-30 00:00:00",456,367.29
"2021-03-31 00:00:00",377,371.43
"2021-04-01 00:00:00",388,373.29
"2021-04-02 00:00:00",377,366
"2021-04-03 00:00:00",353,355
"2021-04-04 00:00:00",317,361.29
"2021-04-05 00:00:00",294,381.29
"2021-04-06 00:00:00",379,394.14
"2021-04-07 00:00:00",421,398
"2021-04-08 00:00:00",528,399.57
"2021-04-09 00:00:00",467,404.86
"2021-04-10 00:00:00",380,405.86
"2021-04-11 00:00:00",328,398
"2021-04-12 00:00:00",331,388
"2021-04-13 00:00:00",386,375.71
"2021-04-14 00:00:00",366,368.86
"2021-04-15 00:00:00",458,355.29
"2021-04-16 00:00:00",381,347.57
"2021-04-17 00:00:00",332,340.29
"2021-04-18 00:00:00",233,328.57
"2021-04-19 00:00:00",277,310
"2021-04-20 00:00:00",335,300.14
"2021-04-21 00:00:00",284,286
"2021-04-22 00:00:00",328,290.29
"2021-04-23 00:00:00",312,286
"2021-04-24 00:00:00",233,286
"2021-04-25 00:00:00",263,295
"2021-04-26 00:00:00",247,294.57
"2021-04-27 00:00:00",335,297.29
"2021-04-28 00:00:00",347,299.71
"2021-04-29 00:00:00",325,296.71
"2021-04-30 00:00:00",331,297.57
"2021-05-01 00:00:00",250,284
"2021-05-02 00:00:00",242,268.43
"2021-05-03 00:00:00",253,260.14
"2021-05-04 00:00:00",240,256.14
"2021-05-05 00:00:00",238,248.71
"2021-05-06 00:00:00",267,241.29
"2021-05-07 00:00:00",303,235.43
"2021-05-08 00:00:00",198,236
"2021-05-09 00:00:00",190,240
"2021-05-10 00:00:00",212,244.57
"2021-05-11 00:00:00",244,236.29
"2021-05-12 00:00:00",266,237.14
"2021-05-13 00:00:00",299,236.71
"2021-05-14 00:00:00",245,234.86
"2021-05-15 00:00:00",204,231.43
"2021-05-16 00:00:00",187,231.86
"2021-05-17 00:00:00",199,218
"2021-05-18 00:00:00",220,211.86
"2021-05-19 00:00:00",269,207.43
"2021-05-20 00:00:00",202,199.43
"2021-05-21 00:00:00",202,191.86
"2021-05-22 00:00:00",173,184.71
"2021-05-23 00:00:00",131,168.86
"2021-05-24 00:00:00",146,162.71
"2021-05-25 00:00:00",170,151.57
"2021-05-26 00:00:00",158,140.29
"2021-05-27 00:00:00",159,132.29
"2021-05-28 00:00:00",124,123.57
"2021-05-29 00:00:00",94,116.71
"2021-05-30 00:00:00",75,108.14
"2021-05-31 00:00:00",85,97.86
"2021-06-01 00:00:00",122,92.14
"2021-06-02 00:00:00",98,88.29
"2021-06-03 00:00:00",87,86.29
"2021-06-04 00:00:00",84,81.43
"2021-06-05 00:00:00",67,73
"2021-06-06 00:00:00",61,65.71
"2021-06-07 00:00:00",51,62.43
"2021-06-08 00:00:00",63,59.43
"2021-06-09 00:00:00",47,58.29
"2021-06-10 00:00:00",64,55.71
"2021-06-11 00:00:00",63,53.71
"2021-06-12 00:00:00",59,51.43
"2021-06-13 00:00:00",43,51.71
"2021-06-14 00:00:00",37,51.43
"2021-06-15 00:00:00",47,50.14
"2021-06-16 00:00:00",49,45.86
"2021-06-17 00:00:00",62,44.14
"2021-06-18 00:00:00",54,43.29
"2021-06-19 00:00:00",29,42.43
"2021-06-20 00:00:00",31,39
"2021-06-21 00:00:00",31,35
"2021-06-22 00:00:00",41,31.43
"2021-06-23 00:00:00",25,32.57
"2021-06-24 00:00:00",34,30.71
"2021-06-25 00:00:00",29,31
"2021-06-26 00:00:00",37,31.14
"2021-06-27 00:00:00",18,31.71
"2021-06-28 00:00:00",33,30.57
"2021-06-29 00:00:00",42,29.29
"2021-06-30 00:00:00",29,26.86
"2021-07-01 00:00:00",26,26.43
"2021-07-02 00:00:00",20,26.29
"2021-07-03 00:00:00",20,25.14
"2021-07-04 00:00:00",15,26
"2021-07-05 00:00:00",32,25.43
"2021-07-06 00:00:00",34,25.71
"2021-07-07 00:00:00",35,25.86
"2021-07-08 00:00:00",22,27.43
"2021-07-09 00:00:00",22,26.71
"2021-07-10 00:00:00",21,26.57
"2021-07-11 00:00:00",26,27.29
"2021-07-12 00:00:00",27,28.86
"2021-07-13 00:00:00",33,30.57
"2021-07-14 00:00:00",40,32.14
"2021-07-15 00:00:00",33,31.86
"2021-07-16 00:00:00",34,33.57
"2021-07-17 00:00:00",32,35.43
"2021-07-18 00:00:00",24,36.57
"2021-07-19 00:00:00",39,39.43
"2021-07-20 00:00:00",46,41.43
"2021-07-21 00:00:00",48,43.43
"2021-07-22 00:00:00",53,44
"2021-07-23 00:00:00",48,44.57
"2021-07-24 00:00:00",46,44.29
"2021-07-25 00:00:00",28,43.71
"2021-07-26 00:00:00",43,42.86
"2021-07-27 00:00:00",44,48.29
"2021-07-28 00:00:00",44,49
"2021-07-29 00:00:00",47,51.43
"2021-07-30 00:00:00",86,52.14
"2021-07-31 00:00:00",51,55
"2021-08-01 00:00:00",45,61.29
"2021-08-02 00:00:00",48,69.86
"2021-08-03 00:00:00",64,70.71
"2021-08-04 00:00:00",88,77
"2021-08-05 00:00:00",107,80
"2021-08-06 00:00:00",92,85.29
"2021-08-07 00:00:00",95,90.14
"2021-08-08 00:00:00",66,97.57
"2021-08-09 00:00:00",85,102.71
"2021-08-10 00:00:00",98,110.71
"2021-08-11 00:00:00",140,118.29
"2021-08-12 00:00:00",143,129.14
"2021-08-13 00:00:00",148,138
"2021-08-14 00:00:00",148,146.86
"2021-08-15 00:00:00",142,154.14
"2021-08-16 00:00:00",147,162.86
"2021-08-17 00:00:00",160,171.43
"2021-08-18 00:00:00",191,173.29
"2021-08-19 00:00:00",204,169.29
"2021-08-20 00:00:00",208,167
"2021-08-21 00:00:00",161,172.86
"2021-08-22 00:00:00",114,179.29
"2021-08-23 00:00:00",131,182.86
"2021-08-24 00:00:00",201,180
"2021-08-25 00:00:00",236,179.86
"2021-08-26 00:00:00",229,183.57
"2021-08-27 00:00:00",188,190.14
"2021-08-28 00:00:00",160,199.14
"2021-08-29 00:00:00",140,201.14
"2021-08-30 00:00:00",177,205.71
"2021-08-31 00:00:00",264,212.14
"2021-09-01 00:00:00",250,219.14
"2021-09-02 00:00:00",261,224.43
"2021-09-03 00:00:00",233,226
"2021-09-04 00:00:00",209,217.71
"2021-09-05 00:00:00",177,214
"2021-09-06 00:00:00",188,220.43
"2021-09-07 00:00:00",206,226.14
"2021-09-08 00:00:00",224,231.43
"2021-09-09 00:00:00",306,237.43
"2021-09-10 00:00:00",273,245.14
"2021-09-11 00:00:00",246,251.29
"2021-09-12 00:00:00",219,265.29
"2021-09-13 00:00:00",242,260.14
"2021-09-14 00:00:00",249,258
"2021-09-15 00:00:00",322,258.14
"2021-09-16 00:00:00",270,257.14
"2021-09-17 00:00:00",258,253.57
"2021-09-18 00:00:00",247,249
"2021-09-19 00:00:00",212,238.43
"2021-09-20 00:00:00",217,231.57
"2021-09-21 00:00:00",217,229.43
"2021-09-22 00:00:00",248,223.57
"2021-09-23 00:00:00",222,213
"2021-09-24 00:00:00",243,202.57
"2021-09-25 00:00:00",206,198.71
"2021-09-26 00:00:00",138,196.71
"2021-09-27 00:00:00",144,191.43
"2021-09-28 00:00:00",190,177.29
"2021-09-29 00:00:00",234,165
"2021-09-30 00:00:00",185,164.14
"2021-10-01 00:00:00",144,162.57
"2021-10-02 00:00:00",120,153.86
"2021-10-03 00:00:00",132,146.29
"2021-10-04 00:00:00",133,142.86
"2021-10-05 00:00:00",129,146.14
"2021-10-06 00:00:00",181,148.86
"2021-10-07 00:00:00",161,143.14
"2021-10-08 00:00:00",167,142.71
"2021-10-09 00:00:00",139,146.71
"2021-10-10 00:00:00",92,141.43
"2021-10-11 00:00:00",130,145.29
"2021-10-12 00:00:00",157,150.29
"2021-10-13 00:00:00",144,150
"2021-10-14 00:00:00",188,151.29
"2021-10-15 00:00:00",202,151.71
"2021-10-16 00:00:00",137,148.57
"2021-10-17 00:00:00",101,147.43
"2021-10-18 00:00:00",133,133.57
"2021-10-19 00:00:00",135,121.71
"2021-10-20 00:00:00",136,116
"2021-10-21 00:00:00",91,116.71
"2021-10-22 00:00:00",119,112.57
"2021-10-23 00:00:00",97,114.57
"2021-10-24 00:00:00",106,114.43
"2021-10-25 00:00:00",104,126.14
"2021-10-26 00:00:00",149,127.43
"2021-10-27 00:00:00",135,134.29
"2021-10-28 00:00:00",173,140.43
"2021-10-29 00:00:00",128,143
"2021-10-30 00:00:00",145,137.71
"2021-10-31 00:00:00",149,143.43
"2021-11-01 00:00:00",122,140.43
"2021-11-02 00:00:00",112,146
"2021-11-03 00:00:00",175,154.29
"2021-11-04 00:00:00",152,158.86
"2021-11-05 00:00:00",167,164
"2021-11-06 00:00:00",203,181.86
"2021-11-07 00:00:00",181,188.29
"2021-11-08 00:00:00",158,193.57
"2021-11-09 00:00:00",237,199.29
"2021-11-10 00:00:00",220,191.71
"2021-11-11 00:00:00",189,186.29
"2021-11-12 00:00:00",207,186.86
"2021-11-13 00:00:00",150,190
"2021-11-14 00:00:00",143,191.86
"2021-11-15 00:00:00",162,192.43
"2021-11-16 00:00:00",259,198.57
"2021-11-17 00:00:00",233,208.71
"2021-11-18 00:00:00",193,215.14
"2021-11-19 00:00:00",250,219.71
"2021-11-20 00:00:00",221,217.43
"2021-11-21 00:00:00",188,223.14
"2021-11-22 00:00:00",194,238.29
"2021-11-23 00:00:00",243,242.43
"2021-11-24 00:00:00",273,242.86
"2021-11-25 00:00:00",299,247.29
"2021-11-26 00:00:00",279,261.14
"2021-11-27 00:00:00",224,277.14
"2021-11-28 00:00:00",219,295.43
"2021-11-29 00:00:00",291,304.43
"2021-11-30 00:00:00",355,317.86
"2021-12-01 00:00:00",401,340.29
"2021-12-02 00:00:00",362,358.14
"2021-12-03 00:00:00",373,367.86
"2021-12-04 00:00:00",381,374.71
"2021-12-05 00:00:00",344,391.29
"2021-12-06 00:00:00",359,422
"2021-12-07 00:00:00",403,440
"2021-12-08 00:00:00",517,452
"2021-12-09 00:00:00",577,464.29
"2021-12-10 00:00:00",499,514.29
"2021-12-11 00:00:00",465,583.86
"2021-12-12 00:00:00",430,650.43
"2021-12-13 00:00:00",709,732
"2021-12-14 00:00:00",890,820.43
"2021-12-15 00:00:00",983,981
"2021-12-16 00:00:00",1148,1127
"2021-12-17 00:00:00",1118,1327.86
"2021-12-18 00:00:00",1589,1559
"2021-12-19 00:00:00",1452,1881.57
"2021-12-20 00:00:00",2115,2170.57
"2021-12-21 00:00:00",2508,2481.86
"2021-12-22 00:00:00",3241,2694
"2021-12-23 00:00:00",3171,2936
"2021-12-24 00:00:00",3297,3206.86
"2021-12-25 00:00:00",3074,3508.14
"2021-12-26 00:00:00",3146,3686.29
"2021-12-27 00:00:00",4011,3837.71
"2021-12-28 00:00:00",4617,3958.14
"2021-12-29 00:00:00",4488,4067.29
"2021-12-30 00:00:00",4231,4186.29
"2021-12-31 00:00:00",4140,4121.14
"2022-01-01 00:00:00",3838,4078.43
"2022-01-02 00:00:00",3979,4066
"2022-01-03 00:00:00",3555,4035.29
"2022-01-04 00:00:00",4318,3989
"2022-01-05 00:00:00",4401,3829.86,"<a style="color:white" href="/covid-19/donnees/methodologie?accordeon=depistage1&ancre=acces-restreint">Dépistage restreint</a>"
"2022-01-06 00:00:00",4016,3760.14
"2022-01-07 00:00:00",3816,3642.71
"2022-01-08 00:00:00",2724,3340
"2022-01-09 00:00:00",3491,3011.14
"2022-01-10 00:00:00",2733,2713.86
"2022-01-11 00:00:00",2199,2396.71
"2022-01-12 00:00:00",2099,2210.29
"2022-01-13 00:00:00",1935,1883.14
"2022-01-14 00:00:00",1596,1635.86
"2022-01-15 00:00:00",1419,1509.14
"2022-01-16 00:00:00",1201,1379.86
"2022-01-17 00:00:00",1002,1248.71
"2022-01-18 00:00:00",1312,1157.14
"2022-01-19 00:00:00",1194,1051.29
"2022-01-20 00:00:00",1017,956.71
"2022-01-21 00:00:00",955,910
"2022-01-22 00:00:00",678,830
"2022-01-23 00:00:00",539,767.43
"2022-01-24 00:00:00",675,709
"2022-01-25 00:00:00",752,654.29
"2022-01-26 00:00:00",756,630.86
"2022-01-27 00:00:00",608,609.14
"2022-01-28 00:00:00",572,587.86
"2022-01-29 00:00:00",514,575.43
"2022-01-30 00:00:00",387,558.57
"2022-01-31 00:00:00",526,546.71
"2022-02-01 00:00:00",665,526.86
"2022-02-02 00:00:00",638,506.29
"2022-02-03 00:00:00",525,499.43
"2022-02-04 00:00:00",433,497.29
"2022-02-05 00:00:00",370,476.71
"2022-02-06 00:00:00",339,441.86
"2022-02-07 00:00:00",511,425.29
"2022-02-08 00:00:00",521,418.14
"2022-02-09 00:00:00",394,399.86
"2022-02-10 00:00:00",409,388.14
"2022-02-11 00:00:00",383,358.71
"2022-02-12 00:00:00",242,323.71
"2022-02-13 00:00:00",257,307.86
"2022-02-14 00:00:00",305,292
"2022-02-15 00:00:00",276,266.86
"2022-02-16 00:00:00",283,260.57
"2022-02-17 00:00:00",298,245.57
"2022-02-18 00:00:00",207,238.86
"2022-02-19 00:00:00",198,229.86
"2022-02-20 00:00:00",152,222.14
"2022-02-21 00:00:00",258,210.86
"2022-02-22 00:00:00",213,204.86
"2022-02-23 00:00:00",229,198.57
"2022-02-24 00:00:00",219,193.86
"2022-02-25 00:00:00",165,183.86
"2022-02-26 00:00:00",154,182.86
"2022-02-27 00:00:00",119,170.71
"2022-02-28 00:00:00",188,161.86
"2022-03-01 00:00:00",206,156.86
"2022-03-02 00:00:00",144,152.43
"2022-03-03 00:00:00",157,152.86
"2022-03-04 00:00:00",130,148.71
"2022-03-05 00:00:00",123,142.29
"2022-03-06 00:00:00",122,144.86
"2022-03-07 00:00:00",159,143.29
"2022-03-08 00:00:00",161,146.71
"2022-03-09 00:00:00",162,144.43
"2022-03-10 00:00:00",146,137.14
"2022-03-11 00:00:00",154,139.43
"2022-03-12 00:00:00",107,140.29
"2022-03-13 00:00:00",71,150.14
"2022-03-14 00:00:00",175,158
"2022-03-15 00:00:00",167,158
"2022-03-16 00:00:00",231,163.14
"2022-03-17 00:00:00",201,174.43
"2022-03-18 00:00:00",154,182.29
"2022-03-19 00:00:00",143,212
"2022-03-20 00:00:00",150,238.71
"2022-03-21 00:00:00",230,265.29
"2022-03-22 00:00:00",375,298.71
"2022-03-23 00:00:00",418,319.29
"2022-03-24 00:00:00",387,342.29
"2022-03-25 00:00:00",388,381.43
"2022-03-26 00:00:00",287,407.86
"2022-03-27 00:00:00",311,440.86
"2022-03-28 00:00:00",504,468.43
"2022-03-29 00:00:00",560,496.86
"2022-03-30 00:00:00",649,519.29
"2022-03-31 00:00:00",580,542.14
"2022-04-01 00:00:00",587,556.86
"2022-04-02 00:00:00",444,578.14
"2022-04-03 00:00:00",471,585.57
"2022-04-04 00:00:00",607,593.57
"2022-04-05 00:00:00",709,589.71
"2022-04-06 00:00:00",701,600.14
"2022-04-07 00:00:00",636,595.71
"2022-04-08 00:00:00",560,584.29
"2022-04-09 00:00:00",517,574.86
"2022-04-10 00:00:00",440,584
"2022-04-11 00:00:00",527,579.14
"2022-04-12 00:00:00",643,560.14
"2022-04-13 00:00:00",765,536.86
"2022-04-14 00:00:00",602,510
"2022-04-15 00:00:00",427,486.57
"2022-04-16 00:00:00",354,465
"2022-04-17 00:00:00",252,437.43
"2022-04-18 00:00:00",363,414.57
"2022-04-19 00:00:00",492,419.57
"2022-04-20 00:00:00",572,418.57
"2022-04-21 00:00:00",442,425.43
"2022-04-22 00:00:00",462,423.14
"2022-04-23 00:00:00",347,414
"2022-04-24 00:00:00",300,386.71
"2022-04-25 00:00:00",347,380.86
"2022-04-26 00:00:00",428,361.71
"2022-04-27 00:00:00",381,341.14
"2022-04-28 00:00:00",401,327.29
"2022-04-29 00:00:00",328,325.14
"2022-04-30 00:00:00",203,310.71
"2022-05-01 00:00:00",203,294.71
"2022-05-02 00:00:00",332,277.43
"2022-05-03 00:00:00",327,259.86
"2022-05-04 00:00:00",269,254.57
"2022-05-05 00:00:00",280,249
"2022-05-06 00:00:00",205,229.57
"2022-05-07 00:00:00",166,217.14
"2022-05-08 00:00:00",164,214.57
"2022-05-09 00:00:00",196,200.57
"2022-05-10 00:00:00",240,196.29
"2022-05-11 00:00:00",251,197.86
"2022-05-12 00:00:00",182,194
"2022-05-13 00:00:00",175,191.29
"2022-05-14 00:00:00",177,178
"2022-05-15 00:00:00",137,160.86
"2022-05-16 00:00:00",177,151.29
"2022-05-17 00:00:00",147,143.71
"2022-05-18 00:00:00",131,132.29
"2022-05-19 00:00:00",115,126.14
"2022-05-20 00:00:00",122,116.71
"2022-05-21 00:00:00",97,116.29
"2022-05-22 00:00:00",94,120.43
"2022-05-23 00:00:00",111,123.86
"2022-05-24 00:00:00",144,121.71
"2022-05-25 00:00:00",160,124.14
"2022-05-26 00:00:00",139,125.71
"2022-05-27 00:00:00",107,131.43
"2022-05-28 00:00:00",114,135.43
"2022-05-29 00:00:00",105,144.14
"2022-05-30 00:00:00",151,142.86
"2022-05-31 00:00:00",172,147.29
"2022-06-01 00:00:00",221,147.14
"2022-06-02 00:00:00",130,144.71
"2022-06-03 00:00:00",138,149.29
"2022-06-04 00:00:00",113,151.29
"2022-06-05 00:00:00",88,149.86
"2022-06-06 00:00:00",183,161.57
"2022-06-07 00:00:00",186,163
"2022-06-08 00:00:00",211,165.86
"2022-06-09 00:00:00",212,167.14
"2022-06-10 00:00:00",148,164.43
"2022-06-11 00:00:00",133,163.57
"2022-06-12 00:00:00",97,161.71
"2022-06-13 00:00:00",164,157.14
"2022-06-14 00:00:00",180,164
"2022-06-15 00:00:00",198,164.14
"2022-06-16 00:00:00",180,171.43
"2022-06-17 00:00:00",196,180.43
"2022-06-18 00:00:00",134,192.57
"2022-06-19 00:00:00",148,210.43
"2022-06-20 00:00:00",227,223.57
"2022-06-21 00:00:00",265,226.29
"2022-06-22 00:00:00",323,237.14
"2022-06-23 00:00:00",272,245.71
"2022-06-24 00:00:00",215,257.14
"2022-06-25 00:00:00",210,270.57
"2022-06-26 00:00:00",208,282.86
"2022-06-27 00:00:00",307,297.86
"2022-06-28 00:00:00",359,306
"2022-06-29 00:00:00",409,312
"2022-06-30 00:00:00",377,316.14
"2022-07-01 00:00:00",272,350.71
"2022-07-02 00:00:00",252,362.14
"2022-07-03 00:00:00",237,372
"2022-07-04 00:00:00",549,373.43
"2022-07-05 00:00:00",439,389.43
"2022-07-06 00:00:00",478,394.43
"2022-07-07 00:00:00",387,398.29
"2022-07-08 00:00:00",384,385.29
"2022-07-09 00:00:00",287,394.29
"2022-07-10 00:00:00",264,399.14
"2022-07-11 00:00:00",458,399.71
"2022-07-12 00:00:00",502,400.57
"2022-07-13 00:00:00",512,405.43
"2022-07-14 00:00:00",391,402.14
"2022-07-15 00:00:00",390,397.71
"2022-07-16 00:00:00",321,401.57
"2022-07-17 00:00:00",241,388.86
"2022-07-18 00:00:00",427,395
"2022-07-19 00:00:00",529,382.86
"2022-07-20 00:00:00",423,379.86
"2022-07-21 00:00:00",434,381.14
"2022-07-22 00:00:00",305,369.57
"2022-07-23 00:00:00",300,345.57
"2022-07-24 00:00:00",250,330.14
"2022-07-25 00:00:00",346,314.57
"2022-07-26 00:00:00",361,312.29
"2022-07-27 00:00:00",315,298.71
"2022-07-28 00:00:00",325,292.86
"2022-07-29 00:00:00",289,283.14
"2022-07-30 00:00:00",205,276.14
"2022-07-31 00:00:00",209,273.14
"2022-08-01 00:00:00",278,257.14
"2022-08-02 00:00:00",312,251
"2022-08-03 00:00:00",294,251.86
"2022-08-04 00:00:00",213,248.86
"2022-08-05 00:00:00",246,242.43
"2022-08-06 00:00:00",211,231.29
"2022-08-07 00:00:00",188,224.86
"2022-08-08 00:00:00",233,232.71
"2022-08-09 00:00:00",234,225.43
"2022-08-10 00:00:00",249,217.71
"2022-08-11 00:00:00",268,209.86
"2022-08-12 00:00:00",195,207.57
"2022-08-13 00:00:00",157,215.29
"2022-08-14 00:00:00",133,212.14
"2022-08-15 00:00:00",217,202.71
"2022-08-16 00:00:00",288,201.86
"2022-08-17 00:00:00",227,199.29
"2022-08-18 00:00:00",202,201.57
"2022-08-19 00:00:00",189,191.57
"2022-08-20 00:00:00",139,182.14
"2022-08-21 00:00:00",149,176.43
"2022-08-22 00:00:00",147,168.29
"2022-08-23 00:00:00",222,165.14
"2022-08-24 00:00:00",187,164.71
"2022-08-25 00:00:00",145,155.14
"2022-08-26 00:00:00",167,154.14
"2022-08-27 00:00:00",136,152.29
"2022-08-28 00:00:00",82,155
"2022-08-29 00:00:00",140,159.43
"2022-08-30 00:00:00",209,159.29
"2022-08-31 00:00:00",206,156.43
"2022-09-01 00:00:00",176,158
"2022-09-02 00:00:00",166,155.43
"2022-09-03 00:00:00",116,158.57
"2022-09-04 00:00:00",93,156
"2022-09-05 00:00:00",122,156
"2022-09-06 00:00:00",231,154.86
"2022-09-07 00:00:00",188,155.14
"2022-09-08 00:00:00",176,156.86
"2022-09-09 00:00:00",158,160.57
"2022-09-10 00:00:00",118,155.71
"2022-09-11 00:00:00",105,152.57
"2022-09-12 00:00:00",148,151.14
"2022-09-13 00:00:00",197,152.29
"2022-09-14 00:00:00",166,149.57
"2022-09-15 00:00:00",166,149.57
"2022-09-16 00:00:00",166,156.71
"2022-09-17 00:00:00",99,157
"2022-09-18 00:00:00",105,157.14
"2022-09-19 00:00:00",198,158.14
"2022-09-20 00:00:00",199,158.57
"2022-09-21 00:00:00",167,162
"2022-09-22 00:00:00",173,160.29
"2022-09-23 00:00:00",169,155
"2022-09-24 00:00:00",123,158.43
"2022-09-25 00:00:00",93,162.29
"2022-09-26 00:00:00",161,163.71
"2022-09-27 00:00:00",223,166.14
"2022-09-28 00:00:00",194,164.43
"2022-09-29 00:00:00",183,167.86
"2022-09-30 00:00:00",186,167
"2022-10-01 00:00:00",111,169.71
"2022-10-02 00:00:00",117,169.71
"2022-10-03 00:00:00",155,172.86
"2022-10-04 00:00:00",242,178
"2022-10-05 00:00:00",194,181.14
"2022-10-06 00:00:00",205,187.57
"2022-10-07 00:00:00",222,185.29
"2022-10-08 00:00:00",133,179.57
"2022-10-09 00:00:00",162,194.29
"2022-10-10 00:00:00",139,194.71
"2022-10-11 00:00:00",202,194.86
"2022-10-12 00:00:00",297,195
"2022-10-13 00:00:00",208,193.57
"2022-10-14 00:00:00",223,199.71
"2022-10-15 00:00:00",134,205.29
"2022-10-16 00:00:00",152,192
"2022-10-17 00:00:00",182,186.29
"2022-10-18 00:00:00",241,177.86
"2022-10-19 00:00:00",204,176.29
"2022-10-20 00:00:00",168,170
"2022-10-21 00:00:00",164,179.29
"2022-10-22 00:00:00",123,179.29
"2022-10-23 00:00:00",108,186.14
"2022-10-24 00:00:00",247,195.14
"2022-10-25 00:00:00",241,193.57
"2022-10-26 00:00:00",252,197.29
"2022-10-27 00:00:00",231,195.43
"2022-10-28 00:00:00",153,187.43
"2022-10-29 00:00:00",149,185
"2022-10-30 00:00:00",95,172.43
"2022-10-31 00:00:00",191,167.14
"2022-11-01 00:00:00",224,172.29
"2022-11-02 00:00:00",164,170.71
"2022-11-03 00:00:00",194,181.43
"2022-11-04 00:00:00",189,183.86
"2022-11-05 00:00:00",138,184.57
"2022-11-06 00:00:00",170,193.86
"2022-11-07 00:00:00",208,190.57
"2022-11-08 00:00:00",229,189.14
"2022-11-09 00:00:00",229,186.43
"2022-11-10 00:00:00",171,177.86
"2022-11-11 00:00:00",179,175.57
"2022-11-12 00:00:00",119,
"2022-11-13 00:00:00",110,
"2022-11-14 00:00:00",192,
"2022-11-15 00:00:00",238,