caseCountID,asOfDate,MPLSCasesDaily,MPLSCasesCumulative,MPLSHospitalizationsCumulative,MPLSDeathsCumulative,MPLSCasesRecovered,MPLSCasesSpecimenPCR,MPLSICUCumulative,MPLSCasesSpecimenAntigen,MPLSDeathsCumulativeAntigen
1,Unknown,0,0,27,0,0,0,35,0,0
2,2020-03-11,0,0,1,0,0,2,0,0,0
3,2020-03-12,0,0,1,0,0,2,0,0,0
4,2020-03-13,1,1,1,0,0,3,0,0,0
5,2020-03-14,1,2,1,0,0,3,0,0,0
6,2020-03-15,1,3,1,0,0,8,0,0,0
7,2020-03-16,4,7,1,0,0,7,0,0,0
8,2020-03-17,0,7,1,0,0,8,0,0,0
9,2020-03-18,1,8,1,0,0,0,0,0,0
10,2020-03-19,1,9,2,0,0,0,0,0,0
11,2020-03-20,3,12,3,0,0,2,0,0,0
12,2020-03-21,0,12,3,0,0,3,0,0,0
13,2020-03-22,1,13,4,0,2,3,0,0,0
14,2020-03-23,12,25,4,0,4,1,0,0,0
15,2020-03-24,4,29,5,0,7,5,2,0,0
16,2020-03-25,1,30,6,0,10,3,2,0,0
17,2020-03-26,2,32,9,0,18,9,5,0,0
18,2020-03-27,6,38,9,0,25,2,5,0,0
19,2020-03-28,7,45,10,0,33,2,6,0,0
20,2020-03-29,6,51,12,1,33,4,6,0,0
21,2020-03-30,4,55,12,2,33,8,6,0,0
22,2020-03-31,4,59,14,2,35,7,6,0,0
23,2020-04-01,4,63,17,2,38,6,8,0,0
24,2020-04-02,9,72,19,2,41,11,9,0,0
25,2020-04-03,1,73,19,3,42,7,9,0,0
26,2020-04-04,3,76,20,3,47,2,10,0,0
27,2020-04-05,14,90,21,4,50,7,11,0,0
28,2020-04-06,4,94,27,4,57,12,13,0,0
29,2020-04-07,7,101,32,5,59,9,14,0,0
30,2020-04-08,9,110,38,6,60,16,14,0,0
31,2020-04-09,11,121,42,8,64,12,19,0,0
32,2020-04-10,9,130,45,9,69,25,21,0,0
33,2020-04-11,9,139,48,10,74,10,22,0,0
34,2020-04-12,22,161,55,12,79,5,24,0,0
35,2020-04-13,5,166,62,12,87,17,26,0,0
36,2020-04-14,9,175,68,14,94,26,30,0,0
37,2020-04-15,8,183,78,15,96,27,32,0,0
38,2020-04-16,12,195,88,17,102,20,35,0,0
39,2020-04-17,22,217,96,18,111,15,42,0,0
40,2020-04-18,21,238,101,21,117,9,44,0,0
41,2020-04-19,17,255,106,22,128,9,45,0,0
42,2020-04-20,8,263,109,23,137,24,45,0,0
43,2020-04-21,5,268,115,28,157,22,45,0,0
44,2020-04-22,13,281,127,35,166,29,48,0,0
45,2020-04-23,14,295,143,37,170,30,52,0,0
46,2020-04-24,15,310,149,43,185,25,53,0,0
47,2020-04-25,19,329,157,45,201,19,54,0,0
48,2020-04-26,10,339,161,49,223,20,58,0,0
49,2020-04-27,28,367,169,52,234,76,60,0,0
50,2020-04-28,32,399,181,53,247,57,64,0,0
51,2020-04-29,25,424,199,55,256,85,67,0,0
52,2020-04-30,33,457,205,58,263,70,70,0,0
53,2020-05-01,29,486,215,61,284,93,71,0,0
54,2020-05-02,56,542,226,64,299,28,72,0,0
55,2020-05-03,73,615,234,67,322,29,73,0,0
56,2020-05-04,53,668,242,69,350,105,75,0,0
57,2020-05-05,107,775,253,71,372,73,79,0,0
58,2020-05-06,92,867,262,77,388,95,81,0,0
59,2020-05-07,80,947,271,77,406,97,85,0,0
60,2020-05-08,63,1010,278,83,479,102,88,0,0
61,2020-05-09,78,1088,294,85,534,48,90,0,0
62,2020-05-10,72,1160,303,85,614,27,92,0,0
63,2020-05-11,81,1241,314,87,681,114,95,0,0
64,2020-05-12,123,1364,325,91,770,109,98,0,0
65,2020-05-13,67,1431,336,92,796,128,99,0,0
66,2020-05-14,42,1473,346,95,824,115,101,0,0
67,2020-05-15,133,1606,354,99,924,114,103,0,0
68,2020-05-16,89,1695,363,99,997,47,110,0,0
69,2020-05-17,95,1790,370,102,1086,39,111,0,0
70,2020-05-18,104,1894,379,102,1180,159,114,0,0
71,2020-05-19,116,2010,399,104,1275,154,119,0,0
72,2020-05-20,84,2094,414,104,1320,112,125,0,0
73,2020-05-21,81,2175,437,106,1346,138,128,0,0
74,2020-05-22,159,2334,445,108,1459,146,133,0,0
75,2020-05-23,135,2469,456,110,1566,54,134,0,0
76,2020-05-24,124,2593,467,113,1688,56,137,0,0
77,2020-05-25,105,2698,481,114,1802,52,140,0,0
78,2020-05-26,126,2824,496,116,1914,150,144,0,0
79,2020-05-27,47,2871,508,120,1957,122,150,0,0
80,2020-05-28,54,2925,520,122,1994,82,157,0,0
81,2020-05-29,113,3038,532,127,2150,56,158,0,0
82,2020-05-30,120,3158,539,130,2300,21,161,0,0
83,2020-05-31,102,3260,545,132,2410,16,161,0,0
84,2020-06-01,46,3306,557,134,2543,84,165,0,0
85,2020-06-02,31,3337,561,137,2683,71,166,0,0
86,2020-06-03,58,3395,565,137,2735,76,166,0,0
87,2020-06-04,54,3449,573,138,2788,61,166,0,0
88,2020-06-05,113,3562,577,142,2836,66,166,0,0
89,2020-06-06,73,3635,585,148,2980,17,168,0,0
90,2020-06-07,51,3686,593,150,3099,18,173,0,0
91,2020-06-08,53,3739,599,151,3179,66,173,0,0
92,2020-06-09,43,3782,605,154,3234,61,176,0,0
93,2020-06-10,51,3833,613,157,3255,52,176,0,0
94,2020-06-11,37,3870,616,159,3271,53,177,0,0
95,2020-06-12,54,3924,619,161,3354,67,178,0,0
96,2020-06-13,63,3987,621,161,3423,9,179,0,0
97,2020-06-14,57,4044,626,163,3498,10,179,0,0
98,2020-06-15,50,4094,637,166,3558,59,179,0,0
99,2020-06-16,26,4120,644,169,3624,38,182,0,0
100,2020-06-17,46,4166,651,170,3641,55,182,0,0
101,2020-06-18,39,4205,656,171,3658,34,185,0,0
102,2020-06-19,42,4247,664,172,3724,32,187,0,0
103,2020-06-20,48,4295,668,175,3785,17,188,0,0
104,2020-06-21,39,4334,677,175,3837,26,189,0,0
105,2020-06-22,27,4361,683,175,3890,60,190,0,0
106,2020-06-23,21,4382,685,176,3955,92,193,0,0
107,2020-06-24,33,4415,692,176,3964,68,196,0,0
108,2020-06-25,61,4476,694,179,3974,56,196,0,0
109,2020-06-26,58,4534,699,180,4033,52,199,0,0
110,2020-06-27,44,4578,702,182,4069,27,201,0,0
111,2020-06-28,56,4634,705,184,4124,13,201,0,0
112,2020-06-29,29,4663,717,186,4158,85,203,0,0
113,2020-06-30,62,4725,721,187,4190,77,205,0,0
114,2020-07-01,35,4760,722,187,4207,75,205,0,0
115,2020-07-02,75,4835,723,189,4232,80,207,0,0
116,2020-07-03,38,4873,726,189,4292,31,207,0,0
117,2020-07-04,0,4873,730,189,4383,10,208,0,0
118,2020-07-05,80,4953,735,189,4451,19,210,0,0
119,2020-07-06,33,4986,739,189,4507,88,212,0,0
120,2020-07-07,42,5028,744,189,4557,90,213,0,0
121,2020-07-08,46,5074,747,190,4584,123,215,0,0
122,2020-07-09,62,5136,751,190,4597,97,215,0,0
123,2020-07-10,87,5223,758,191,4681,83,216,0,0
124,2020-07-11,119,5342,762,191,4758,33,217,0,0
125,2020-07-12,109,5451,766,191,4832,28,217,0,0
126,2020-07-13,61,5512,776,191,4912,101,219,0,0
127,2020-07-14,39,5551,779,191,4943,119,219,0,0
128,2020-07-15,59,5610,785,192,4953,94,220,0,0
129,2020-07-16,78,5688,794,194,4971,99,221,0,0
130,2020-07-17,76,5764,800,195,5059,100,221,0,0
131,2020-07-18,57,5821,807,195,5149,41,224,0,0
132,2020-07-19,107,5928,813,195,5272,29,225,0,0
133,2020-07-20,127,6055,821,196,5368,110,226,0,0
134,2020-07-21,32,6087,827,196,5451,110,227,0,0
135,2020-07-22,64,6151,831,196,5483,105,227,1,0
136,2020-07-23,102,6253,842,196,5511,90,231,0,0
137,2020-07-24,99,6352,847,196,5611,104,231,0,0
138,2020-07-25,104,6456,860,196,5729,42,233,0,0
139,2020-07-26,95,6551,867,196,5823,35,235,0,0
140,2020-07-27,77,6628,874,196,5921,126,237,0,0
141,2020-07-28,47,6675,883,196,6020,68,239,0,0
142,2020-07-29,71,6746,897,196,6059,121,241,0,0
143,2020-07-30,82,6828,903,196,6088,94,243,0,0
144,2020-07-31,88,6916,907,197,6198,83,243,0,0
145,2020-08-01,95,7011,913,198,6308,56,246,0,0
146,2020-08-02,95,7106,916,200,6412,24,248,0,0
147,2020-08-03,67,7173,922,200,6498,83,253,0,0
148,2020-08-04,78,7251,925,200,6601,79,253,0,0
149,2020-08-05,100,7351,932,204,6641,85,253,0,0
150,2020-08-06,85,7436,939,205,6674,77,253,0,0
151,2020-08-07,51,7487,948,205,6798,70,256,0,0
152,2020-08-08,103,7590,959,206,6866,36,259,0,0
153,2020-08-09,94,7684,965,206,6986,41,259,0,0
154,2020-08-10,72,7756,971,206,7078,94,261,0,0
155,2020-08-11,40,7796,977,208,7161,80,264,0,0
156,2020-08-12,35,7831,983,208,7217,89,265,0,0
157,2020-08-13,79,7910,987,209,7240,80,265,0,0
158,2020-08-14,80,7990,990,209,7323,58,266,0,0
159,2020-08-15,83,8073,994,209,7402,50,266,0,0
160,2020-08-16,83,8156,997,209,7485,32,267,0,0
161,2020-08-17,59,8215,1003,211,7562,125,268,0,0
162,2020-08-18,32,8247,1007,211,7630,77,268,0,0
163,2020-08-19,63,8310,1013,212,7664,73,270,0,0
164,2020-08-20,67,8377,1017,214,7704,79,271,0,0
165,2020-08-21,90,8467,1027,215,7798,79,273,0,0
166,2020-08-22,70,8537,1036,217,7877,43,274,0,0
167,2020-08-23,79,8616,1044,218,7964,22,277,0,0
168,2020-08-24,73,8689,1047,218,8043,78,277,0,0
169,2020-08-25,43,8732,1053,218,8101,94,278,0,0
170,2020-08-26,36,8768,1058,219,8149,75,280,0,0
171,2020-08-27,92,8860,1060,221,8180,47,280,0,0
172,2020-08-28,77,8937,1065,222,8303,64,281,0,0
173,2020-08-29,72,9009,1070,222,8376,29,284,0,0
174,2020-08-30,97,9106,1074,222,8448,22,286,0,0
175,2020-08-31,48,9154,1076,222,8528,79,286,0,0
176,2020-09-01,20,9174,1077,222,8606,54,288,0,0
177,2020-09-02,56,9230,1082,222,8646,65,288,3,0
178,2020-09-03,74,9304,1092,224,8666,48,290,0,0
179,2020-09-04,81,9385,1096,225,8743,47,292,1,0
180,2020-09-05,79,9464,1099,225,8834,26,293,0,0
181,2020-09-06,36,9500,1101,226,8910,16,294,0,0
182,2020-09-07,42,9542,1102,226,8957,7,295,0,0
183,2020-09-08,29,9571,1107,226,9021,75,296,2,0
184,2020-09-09,15,9586,1107,227,9050,62,296,5,0
185,2020-09-10,25,9611,1112,228,9071,46,298,2,0
186,2020-09-11,41,9652,1112,228,9144,47,298,0,0
187,2020-09-12,75,9727,1115,228,9198,36,299,0,0
188,2020-09-13,54,9781,1120,229,9264,23,300,0,0
189,2020-09-14,42,9823,1121,229,9310,66,300,1,0
190,2020-09-15,17,9840,1128,230,9358,66,300,1,0
191,2020-09-16,33,9873,1133,231,9384,86,301,5,0
192,2020-09-17,78,9951,1138,233,9399,97,302,1,0
193,2020-09-18,66,10017,1141,235,9406,83,302,0,0
194,2020-09-19,52,10069,1142,237,9479,43,302,0,0
195,2020-09-20,103,10172,1143,238,9545,28,302,0,0
196,2020-09-21,81,10253,1148,238,9593,111,305,0,0
197,2020-09-22,29,10282,1151,239,9640,87,305,1,0
198,2020-09-23,37,10319,1156,239,9676,100,307,3,0
199,2020-09-24,69,10388,1156,239,9699,81,307,1,0
200,2020-09-25,111,10499,1158,240,9764,70,308,3,0
201,2020-09-26,95,10594,1162,241,9829,50,309,0,0
202,2020-09-27,80,10674,1165,241,9917,22,312,0,0
203,2020-09-28,62,10736,1168,242,10015,104,313,1,0
204,2020-09-29,57,10793,1174,242,10097,72,314,1,0
205,2020-09-30,59,10852,1176,245,10139,86,314,0,0
206,2020-10-01,49,10901,1181,246,10167,75,314,2,0
207,2020-10-02,93,10994,1183,247,10275,82,317,0,0
208,2020-10-03,111,11105,1188,247,10363,37,318,0,0
209,2020-10-04,56,11161,1191,248,10462,26,318,0,0
210,2020-10-05,57,11218,1199,248,10543,120,318,0,0
211,2020-10-06,66,11284,1201,248,10612,75,318,0,0
212,2020-10-07,50,11334,1204,248,10662,119,320,0,0
213,2020-10-08,82,11416,1209,248,10684,78,320,1,0
214,2020-10-09,92,11508,1213,249,10788,104,323,1,0
215,2020-10-10,89,11597,1219,249,10859,31,324,1,0
216,2020-10-11,86,11683,1220,250,10944,25,324,2,0
217,2020-10-12,78,11761,1229,250,11021,92,324,1,0
218,2020-10-13,74,11835,1234,250,11104,103,326,0,0
219,2020-10-14,49,11884,1236,252,11141,103,326,5,0
220,2020-10-15,81,11965,1239,252,11166,88,326,0,0
221,2020-10-16,82,12047,1243,252,11285,104,327,1,0
222,2020-10-17,100,12147,1247,252,11357,48,328,1,0
223,2020-10-18,69,12216,1255,253,11471,35,329,1,0
224,2020-10-19,87,12303,1263,253,11548,118,330,3,0
225,2020-10-20,58,12361,1270,253,11652,137,333,4,0
226,2020-10-21,71,12432,1275,256,11684,159,336,3,0
227,2020-10-22,94,12526,1287,257,11711,115,342,1,0
228,2020-10-23,94,12620,1292,257,11802,169,342,2,0
229,2020-10-24,141,12761,1297,258,11903,83,342,4,0
230,2020-10-25,108,12869,1304,260,12010,67,344,3,0
231,2020-10-26,107,12976,1316,260,12096,239,345,3,0
232,2020-10-27,131,13107,1322,260,12197,238,346,4,0
233,2020-10-28,116,13223,1332,260,12245,211,348,5,0
234,2020-10-29,137,13360,1340,260,12279,226,350,7,0
235,2020-10-30,231,13591,1347,261,12393,255,350,7,0
236,2020-10-31,151,13742,1354,261,12532,149,353,4,0
237,2020-11-01,95,13837,1364,262,12691,134,355,2,0
238,2020-11-02,218,14055,1370,262,12801,304,358,3,0
239,2020-11-03,290,14345,1383,264,12969,325,359,10,0
240,2020-11-04,196,14541,1390,264,13054,387,360,5,0
241,2020-11-05,264,14805,1404,265,13122,400,364,20,0
242,2020-11-06,260,15065,1412,266,13360,393,366,4,0
243,2020-11-07,292,15357,1424,268,13599,265,366,2,0
244,2020-11-08,381,15738,1430,268,13810,193,370,3,0
245,2020-11-09,250,15988,1441,268,14042,508,371,7,0
246,2020-11-10,225,16213,1462,268,14304,435,373,7,0
247,2020-11-11,227,16440,1477,269,14457,403,377,3,0
248,2020-11-12,358,16798,1497,269,14592,387,382,7,0
249,2020-11-13,285,17083,1509,269,14897,378,383,7,0
250,2020-11-14,549,17632,1523,271,15225,235,384,6,0
251,2020-11-15,337,17969,1534,272,15613,207,386,1,0
252,2020-11-16,362,18331,1551,274,16031,462,387,7,0
253,2020-11-17,278,18609,1567,275,16427,428,391,5,0
254,2020-11-18,206,18815,1577,277,16691,396,392,7,0
255,2020-11-19,357,19172,1596,279,16885,338,396,9,0
256,2020-11-20,300,19472,1607,282,17391,386,396,9,0
257,2020-11-21,300,19772,1626,282,17825,181,398,2,0
258,2020-11-22,290,20062,1638,283,18228,159,398,3,0
259,2020-11-23,271,20333,1653,284,18623,386,400,8,0
260,2020-11-24,625,20958,1665,284,19001,397,402,10,0
261,2020-11-25,273,21231,1677,285,19240,334,404,5,0
262,2020-11-26,0,21231,1693,285,19447,35,407,0,0
263,2020-11-27,203,21434,1713,288,19914,207,409,8,0
264,2020-11-28,524,21958,1724,290,20346,226,412,1,0
265,2020-11-29,626,22584,1733,290,20748,158,413,7,0
266,2020-11-30,318,22902,1748,290,21091,431,415,7,0
267,2020-12-01,127,23029,1763,290,21480,311,416,12,0
268,2020-12-02,253,23282,1773,293,21660,321,416,11,0
269,2020-12-03,285,23567,1794,294,21819,252,419,6,0
270,2020-12-04,321,23888,1808,294,22210,256,421,6,0
271,2020-12-05,348,24236,1818,295,22607,173,421,10,0
272,2020-12-06,303,24539,1828,296,22945,147,424,7,0
273,2020-12-07,327,24866,1839,296,22976,247,424,11,0
274,2020-12-08,183,25049,1856,297,23187,246,426,8,0
275,2020-12-09,294,25343,1871,299,23410,204,431,10,0
276,2020-12-10,163,25506,1878,302,23570,175,434,8,0
277,2020-12-11,235,25741,1890,306,24006,177,437,6,0
278,2020-12-12,218,25959,1905,306,24323,96,439,5,0
279,2020-12-13,250,26209,1917,307,24647,96,439,5,0
280,2020-12-14,200,26409,1930,308,24902,185,440,7,0
281,2020-12-15,151,26560,1945,310,25162,144,440,8,0
282,2020-12-16,148,26708,1955,312,25344,158,441,6,0
283,2020-12-17,165,26873,1964,317,25496,133,442,9,0
284,2020-12-18,127,27000,1974,318,25751,128,443,4,0
285,2020-12-19,118,27118,1977,322,25998,74,445,3,0
286,2020-12-20,211,27329,1982,331,26210,47,446,6,0
287,2020-12-21,122,27451,1989,332,26392,150,448,7,0
288,2020-12-22,115,27566,1995,332,26569,131,451,6,0
289,2020-12-23,73,27639,2000,334,26669,100,452,9,0
290,2020-12-24,86,27725,2006,336,26770,52,453,7,0
291,2020-12-25,0,27725,2010,336,26956,6,454,3,0
292,2020-12-26,147,27872,2020,338,27104,88,455,15,0
293,2020-12-27,203,28075,2025,338,27268,63,458,4,0
294,2020-12-28,81,28156,2034,338,27409,148,458,14,0
295,2020-12-29,26,28182,2039,339,27541,115,458,13,0
296,2020-12-30,107,28289,2046,340,27619,115,460,9,0
297,2020-12-31,105,28394,2046,344,27672,73,460,7,0
298,2021-01-01,0,28394,2050,0,27822,19,460,5,0
299,2021-01-02,114,28508,2057,346,27956,94,460,7,0
300,2021-01-03,189,28697,2063,348,28064,86,462,7,0
301,2021-01-04,198,28895,2065,348,28121,184,462,12,0
302,2021-01-05,89,28984,2069,348,28130,136,462,10,0
303,2021-01-06,136,29120,2075,350,28233,133,462,7,0
304,2021-01-07,117,29237,2085,352,28300,125,462,12,0
305,2021-01-08,169,29406,2091,355,28460,121,462,6,0
306,2021-01-09,182,29588,2095,356,28586,57,464,6,0
307,2021-01-10,209,29797,2099,357,28707,48,465,4,0
308,2021-01-11,64,29861,2106,357,28784,128,466,11,0
309,2021-01-12,82,29943,2114,357,28808,66,468,3,0
310,2021-01-13,112,30055,2118,357,28909,80,469,12,0
311,2021-01-14,88,30143,2123,359,29002,68,469,13,0
312,2021-01-15,121,30264,2130,359,29195,84,472,4,0
313,2021-01-16,99,30363,2133,359,29339,43,472,2,0
314,2021-01-17,90,30453,2138,360,29478,31,472,7,0
315,2021-01-18,63,30516,2143,362,29615,84,475,9,0
316,2021-01-19,56,30572,2147,363,29741,66,475,6,0
317,2021-01-20,65,30637,2154,363,29804,79,475,11,0
318,2021-01-21,63,30700,2161,363,29855,84,476,6,0
319,2021-01-22,112,30812,2165,365,29989,66,478,1,0
320,2021-01-23,105,30917,2168,365,30053,45,480,8,0
321,2021-01-24,71,30988,2174,368,30144,33,480,6,0
322,2021-01-25,54,31042,2181,368,30224,69,481,8,0
323,2021-01-26,60,31102,2181,369,30310,65,481,9,0
324,2021-01-27,55,31157,2183,369,30355,60,481,8,0
325,2021-01-28,85,31242,2189,371,30393,63,482,5,0
326,2021-01-29,86,31328,2195,374,30484,54,483,8,0
327,2021-01-30,64,31392,2196,375,30556,45,483,3,0
328,2021-01-31,55,31447,2199,375,30643,24,484,5,0
329,2021-02-01,55,31502,2201,375,30730,63,484,10,0
330,2021-02-02,42,31544,2205,376,30795,66,484,6,0
331,2021-02-03,51,31595,2206,377,30846,45,484,3,0
332,2021-02-04,98,31693,2209,377,30884,41,485,5,0
333,2021-02-05,61,31754,2211,379,30959,53,485,2,0
334,2021-02-06,46,31800,2212,380,31032,29,486,7,0
335,2021-02-07,38,31838,2217,380,31100,17,488,3,0
336,2021-02-08,39,31877,2220,381,31165,42,489,5,0
337,2021-02-09,40,31917,2223,381,31225,38,489,2,0
338,2021-02-10,37,31954,2226,382,31273,57,489,10,0
339,2021-02-11,46,32000,2230,383,31301,44,491,5,0
340,2021-02-12,64,32064,2230,383,31372,35,491,5,0
341,2021-02-13,39,32103,2233,383,31443,27,491,4,0
342,2021-02-14,51,32154,2234,384,31491,16,493,6,0
343,2021-02-15,29,32183,2238,384,31536,48,495,1,0
344,2021-02-16,19,32202,2243,384,31591,50,495,3,0
345,2021-02-17,58,32260,2246,384,31627,45,495,6,0
346,2021-02-18,52,32312,2249,384,31647,31,497,5,0
347,2021-02-19,53,32365,2251,384,31693,36,498,3,0
348,2021-02-20,39,32404,2252,384,31732,34,500,4,0
349,2021-02-21,42,32446,2252,384,31799,19,500,3,1
350,2021-02-22,35,32481,2260,384,31844,71,500,5,1
351,2021-02-23,19,32500,2266,384,31884,51,501,4,1
352,2021-02-24,45,32545,2270,384,31912,40,502,3,1
353,2021-02-25,78,32623,2273,384,31933,50,503,2,1
354,2021-02-26,62,32685,2275,384,31981,48,505,1,1
355,2021-02-27,48,32733,2276,386,32032,16,507,3,1
356,2021-02-28,41,32774,2279,388,32080,23,507,2,1
357,2021-03-01,30,32804,2281,388,32114,41,507,4,1
358,2021-03-02,22,32826,2282,388,32152,55,507,8,1
359,2021-03-03,42,32868,2285,389,32189,36,509,5,1
360,2021-03-04,48,32916,2288,389,32211,46,509,10,1
361,2021-03-05,42,32958,2292,389,32284,29,510,2,1
362,2021-03-06,59,33017,2296,390,32338,35,510,4,1
363,2021-03-07,30,33047,2303,391,32380,39,510,7,1
364,2021-03-08,15,33062,2306,391,32432,45,510,3,1
365,2021-03-09,88,33150,2306,393,32476,55,515,7,1
366,2021-03-10,52,33202,2313,393,32494,53,516,2,1
367,2021-03-11,56,33258,2317,395,32519,52,516,2,1
368,2021-03-12,44,33302,2321,395,32563,61,516,5,1
369,2021-03-13,61,33363,2323,395,32622,38,517,1,1
370,2021-03-14,49,33412,2328,395,32663,26,517,1,1
371,2021-03-15,55,33467,2334,395,32716,64,517,4,1
372,2021-03-16,30,33497,2336,395,32746,73,518,7,1
373,2021-03-17,51,33548,2347,396,32784,79,519,8,1
374,2021-03-18,61,33609,2351,397,32829,65,520,5,1
375,2021-03-19,108,33717,2357,397,32876,72,522,6,1
376,2021-03-20,75,33792,2358,397,32936,40,523,7,1
377,2021-03-21,47,33839,2368,397,32990,37,523,7,1
378,2021-03-22,68,33907,2374,397,33042,107,523,12,1
379,2021-03-23,46,33953,2381,398,33100,87,525,8,1
380,2021-03-24,75,34028,2383,399,33139,116,527,9,1
381,2021-03-25,115,34143,2389,400,33165,105,528,13,1
382,2021-03-26,109,34252,2396,401,33229,118,528,12,1
383,2021-03-27,118,34370,2397,402,33304,62,528,8,1
384,2021-03-28,67,34437,2400,402,33390,59,528,11,1
385,2021-03-29,101,34538,2408,403,33458,116,528,13,1
386,2021-03-30,81,34619,2416,403,33535,125,531,17,1
387,2021-03-31,111,34730,2424,403,33582,138,532,17,1
388,2021-04-01,122,34852,2431,403,33625,127,532,16,1
389,2021-04-02,178,35030,2439,403,33741,117,533,9,1
390,2021-04-03,129,35159,2444,404,33833,76,534,9,1
391,2021-04-04,66,35225,2450,0,33954,32,0,5,0
392,2021-04-05,0,35225,2455,404,34072,159,534,10,1
393,2021-04-06,195,35420,2459,405,34195,115,538,12,1
394,2021-04-07,151,35571,2463,407,34261,133,542,22,1
395,2021-04-08,143,35714,2474,409,34329,100,542,17,1
396,2021-04-09,149,35863,2481,409,34456,112,544,17,1
397,2021-04-10,125,35988,2486,409,34597,52,544,15,1
398,2021-04-11,92,36080,2492,410,34749,72,544,6,1
399,2021-04-12,111,36191,2497,410,34888,140,544,18,1
400,2021-04-13,70,36261,2504,410,35010,110,546,14,1
401,2021-04-14,87,36348,2513,410,35094,146,546,11,1
402,2021-04-15,136,36484,2516,412,35131,124,547,7,1
403,2021-04-16,140,36624,2523,412,35296,103,547,9,1
404,2021-04-17,137,36761,2531,414,35423,61,550,6,1
405,2021-04-18,114,36875,2535,414,35576,58,550,8,1
406,2021-04-19,65,36940,2541,414,35691,106,550,12,1
407,2021-04-20,114,37054,2546,414,35817,77,551,3,1
408,2021-04-21,99,37153,2557,415,35881,99,555,6,2
409,2021-04-22,92,37245,2561,416,35957,94,557,10,2
410,2021-04-23,110,37355,2565,417,36112,82,559,10,2
411,2021-04-24,109,37464,2568,417,36233,33,559,6,2
412,2021-04-25,91,37555,2571,418,36385,59,559,6,2
413,2021-04-26,66,37621,2579,418,36512,117,560,4,2
414,2021-04-27,69,37690,2587,418,36622,103,562,11,2
415,2021-04-28,81,37771,2594,418,36685,80,562,4,2
416,2021-04-29,105,37876,2598,419,36749,67,563,8,2
417,2021-04-30,93,37969,2603,419,36865,75,565,13,2
418,2021-05-01,71,38040,2608,419,36941,41,566,9,2
419,2021-05-02,94,38134,2613,419,37046,57,566,5,2
420,2021-05-03,59,38193,2615,419,37149,62,566,6,2
421,2021-05-04,72,38265,2618,419,37241,62,568,14,2
422,2021-05-05,52,38317,2625,421,37280,65,569,9,2
423,2021-05-06,82,38399,2630,423,37345,64,570,5,2
424,2021-05-07,67,38466,2631,423,37459,46,573,6,2
425,2021-05-08,67,38533,2633,423,37572,25,573,4,2
426,2021-05-09,50,38583,2635,423,37655,21,573,4,2
427,2021-05-10,55,38638,2635,424,37729,53,575,6,2
428,2021-05-11,27,38665,2639,425,37813,50,577,3,2
429,2021-05-12,47,38712,2642,425,37863,41,576,7,2
430,2021-05-13,45,38757,2646,425,37923,53,576,3,3
431,2021-05-14,66,38823,2646,425,37990,35,576,2,3
432,2021-05-15,55,38878,2646,425,38063,25,578,4,3
433,2021-05-16,40,38918,2646,425,38136,25,578,3,3
434,2021-05-17,31,38949,2652,425,38204,39,578,2,4
435,2021-05-18,25,38974,2656,427,38255,40,579,1,4
436,2021-05-19,30,39004,2659,427,38282,28,581,5,4
437,2021-05-20,49,39053,2664,427,38307,36,582,4,4
438,2021-05-21,37,39090,2668,427,38366,30,583,2,4
439,2021-05-22,36,39126,2671,0,38417,17,0,1,0
440,2021-05-23,30,39156,2676,0,38464,14,0,2,0
441,2021-05-24,34,39190,2684,427,38519,28,584,1,4
442,2021-05-25,21,39211,2688,429,38554,27,584,2,4
443,2021-05-26,18,39229,2695,429,38582,36,586,4,4
444,2021-05-27,29,39258,2697,429,38610,25,586,6,4
445,2021-05-28,36,39294,2699,429,38651,24,587,1,4
446,2021-05-29,30,39324,2700,429,38692,14,589,1,4
447,2021-05-30,28,39352,2705,429,38725,8,589,5,4
448,2021-05-31,0,39352,2707,0,38765,8,0,0,0
449,2021-06-01,15,39367,2712,429,38795,16,589,2,4
450,2021-06-02,19,39386,2713,430,38812,17,593,1,4
451,2021-06-03,14,39400,2715,430,38827,12,593,2,4
452,2021-06-04,15,39415,2720,433,38856,13,593,3,4
453,2021-06-05,20,39435,2721,433,38885,8,594,2,4
454,2021-06-06,16,39451,2721,433,38924,2,594,0,4
455,2021-06-07,15,39466,2724,434,38955,6,594,1,4
456,2021-06-08,5,39471,2725,434,38979,12,595,0,4
457,2021-06-09,7,39478,2726,434,38994,6,595,1,4
458,2021-06-10,7,39485,2727,434,39005,5,596,0,4
459,2021-06-11,7,39492,2727,435,39012,8,597,0,4
460,2021-06-12,12,39504,2728,437,39029,5,597,1,4
461,2021-06-13,7,39511,2731,437,39045,1,597,0,4
462,2021-06-14,3,39514,2733,437,39058,8,597,1,4
463,2021-06-15,9,39523,2736,437,39074,16,598,1,4
464,2021-06-16,3,39526,2737,438,39083,7,598,2,4
465,2021-06-17,5,39531,2738,438,39085,11,598,3,4
466,2021-06-18,5,39536,2739,438,39092,5,598,0,4
467,2021-06-19,16,39552,2739,438,39096,7,598,1,4
468,2021-06-20,16,39568,2742,440,39102,9,598,1,4
469,2021-06-21,4,39572,2745,440,39106,8,598,3,4
470,2021-06-22,9,39581,2746,440,39113,9,598,1,4
471,2021-06-23,7,39588,2746,440,39118,6,598,1,4
472,2021-06-24,10,39598,2746,440,39120,12,600,1,4
473,2021-06-25,13,39611,2748,440,39131,13,600,3,4
474,2021-06-26,6,39617,2751,440,39147,2,601,2,4
475,2021-06-27,13,39630,2751,440,39156,5,601,1,4
476,2021-06-28,9,39639,2751,440,39168,10,601,1,4
477,2021-06-29,11,39650,2755,440,39173,11,601,0,4
478,2021-06-30,7,39657,2757,440,39180,14,602,2,4
479,2021-07-01,7,39664,2759,440,39185,8,602,1,4
480,2021-07-02,6,39670,2762,440,39194,10,602,1,4
481,2021-07-03,8,39678,2764,440,39201,5,602,3,4
482,2021-07-04,0,39678,0,0,0,2,0,0,0
483,2021-07-05,0,39678,0,0,0,14,0,0,0
484,2021-07-06,12,39690,2764,440,39233,13,602,5,4
485,2021-07-07,21,39711,2771,440,39237,15,602,4,4
486,2021-07-08,11,39722,2772,440,39242,13,604,6,4
487,2021-07-09,14,39736,2774,440,39251,15,605,2,4
488,2021-07-10,22,39758,0,0,0,5,0,1,0
489,2021-07-11,16,39774,0,0,0,10,0,1,0
490,2021-07-12,0,39774,2775,440,39281,16,606,2,4
491,2021-07-13,18,39792,2778,440,39290,13,606,3,4
492,2021-07-14,14,39806,2781,440,39296,24,607,3,4
493,2021-07-15,14,39820,2784,440,39297,27,607,4,4
494,2021-07-16,17,39837,2784,440,39311,21,607,4,4
495,2021-07-17,25,39862,0,0,0,13,0,4,0
496,2021-07-18,25,39887,0,0,0,19,0,4,0
497,2021-07-19,0,39887,2786,441,39366,23,607,7,3
498,2021-07-20,32,39919,2789,441,39382,39,607,2,3
499,2021-07-21,31,39950,2791,441,39388,26,607,7,3
500,2021-07-22,25,39975,2793,441,39397,42,607,5,4
501,2021-07-23,32,40007,2793,443,39415,40,608,2,4
502,2021-07-24,40,40047,0,0,0,29,0,4,0
503,2021-07-25,43,40090,0,0,0,28,0,2,0
504,2021-07-26,0,40090,2798,443,39483,36,608,4,4
505,2021-07-27,51,40141,2804,443,39505,51,609,3,4
506,2021-07-28,40,40181,2811,444,39520,70,610,5,4
507,2021-07-29,47,40228,2813,445,39542,61,611,6,4
508,2021-07-30,51,40279,2820,447,39570,66,612,7,4
509,2021-07-31,61,40340,0,0,0,35,0,5,0
510,2021-08-01,60,40400,0,0,0,36,0,4,0
511,2021-08-02,0,40400,2822,447,39688,66,612,9,4
512,2021-08-03,78,40478,2829,447,39728,70,615,12,4
513,2021-08-04,77,40555,2834,447,39761,83,616,8,4
514,2021-08-05,57,40612,2841,447,39792,72,619,10,4
515,2021-08-06,90,40702,2841,447,39829,83,620,11,4
516,2021-08-07,83,40785,0,0,0,37,0,3,0
517,2021-08-08,72,40857,0,0,0,46,0,5,0
518,2021-08-09,0,40857,2846,447,40016,72,621,5,4
519,2021-08-10,49,40906,2854,447,40086,76,625,10,4
520,2021-08-11,120,41026,2855,447,40126,75,625,8,4
521,2021-08-12,96,41122,2858,447,40169,95,626,14,4
522,2021-08-13,67,41189,2863,448,40246,84,630,10,4
523,2021-08-14,97,41286,0,0,0,45,0,3,0
524,2021-08-15,91,41377,0,0,0,35,0,4,0
525,2021-08-16,0,41377,2869,450,40496,71,632,8,4
526,2021-08-17,125,41502,2880,450,40584,84,633,3,4
527,2021-08-18,62,41564,2887,451,40620,82,637,8,4
528,2021-08-19,54,41618,2894,451,40670,82,637,8,4
529,2021-08-20,95,41713,2896,451,40747,79,637,4,4
530,2021-08-21,93,41806,0,0,0,49,0,10,0
531,2021-08-22,78,41884,0,0,0,45,0,5,0
532,2021-08-23,0,41884,2905,451,41014,103,637,15,4
533,2021-08-24,110,41994,2917,451,41105,90,638,7,4
534,2021-08-25,78,42072,2925,451,41157,87,639,5,4
535,2021-08-26,95,42167,2932,451,41195,89,642,4,4
536,2021-08-27,105,42272,2937,451,41276,64,642,5,4
537,2021-08-28,116,42388,0,0,0,54,0,6,0
538,2021-08-29,94,42482,0,0,0,66,0,10,0
539,2021-08-30,0,42482,2944,451,41534,100,643,17,4
540,2021-08-31,110,42592,2954,452,41612,98,643,12,4
541,2021-09-01,69,42661,2963,455,41669,100,648,12,4
542,2021-09-02,123,42784,2973,455,41725,92,649,9,4
543,2021-09-03,106,42890,2976,455,41843,90,650,13,4
544,2021-09-04,107,42997,0,0,0,68,0,9,0
545,2021-09-05,107,43104,0,0,0,50,0,8,0
546,2021-09-06,0,43104,0,0,0,26,0,4,0
547,2021-09-07,1,43105,2980,455,42186,124,651,10,4
548,2021-09-08,200,43305,2996,455,42246,101,658,15,4
549,2021-09-09,90,43395,3008,456,42322,117,660,12,4
550,2021-09-10,81,43476,3013,456,42433,112,660,13,4
551,2021-09-11,108,43584,0,0,0,54,0,6,0
552,2021-09-12,107,43691,0,0,0,66,0,5,0
553,2021-09-13,0,43691,3018,456,42749,122,660,12,4
554,2021-09-14,156,43847,3036,456,42855,122,663,9,4
555,2021-09-15,147,43994,3044,456,42961,112,663,9,4
556,2021-09-16,104,44098,3048,456,43015,131,663,11,4
557,2021-09-17,130,44228,3053,456,43043,92,663,14,4
558,2021-09-18,125,44353,0,0,0,52,0,1,0
559,2021-09-19,136,44489,0,0,0,53,0,4,0
560,2021-09-20,0,44489,3057,456,43402,122,664,12,4
561,2021-09-21,175,44664,3074,456,43526,113,669,11,4
562,2021-09-22,75,44739,3082,457,43590,121,671,8,4
563,2021-09-23,70,44809,3089,459,43655,118,671,13,4
564,2021-09-24,143,44952,3095,460,43782,105,671,11,4
565,2021-09-25,112,45064,0,0,0,53,0,10,0
566,2021-09-26,127,45191,0,0,0,71,0,11,0
567,2021-09-27,0,45191,3099,460,44174,129,672,17,4
568,2021-09-28,182,45373,3114,460,44278,123,672,15,4
569,2021-09-29,71,45444,3116,462,44330,143,675,18,4
570,2021-09-30,123,45567,3124,462,44386,121,675,13,4
571,2021-10-01,156,45723,3133,463,44511,119,677,14,4
572,2021-10-02,143,45866,0,0,0,57,0,10,0
573,2021-10-03,173,46039,0,0,0,52,0,12,0
574,2021-10-04,0,46039,3143,463,44884,137,680,4,4
575,2021-10-05,139,46178,3147,465,45007,123,680,19,4
576,2021-10-06,156,46334,3164,466,45071,117,683,22,4
577,2021-10-07,89,46423,3171,466,45149,118,684,17,4
578,2021-10-08,172,46595,3178,466,45293,135,684,20,4
579,2021-10-09,117,46712,0,0,0,55,0,12,0
580,2021-10-10,95,46807,0,0,0,57,0,6,0
581,2021-10-11,0,46807,3189,467,45710,127,685,14,4
582,2021-10-12,237,47044,3200,468,45842,102,686,16,4
583,2021-10-13,108,47152,3208,470,45908,113,686,2,4
584,2021-10-14,125,47277,3215,472,45968,88,686,9,4
585,2021-10-15,135,47412,3223,472,46108,96,691,7,4
586,2021-10-16,107,47519,0,0,0,54,0,12,0
587,2021-10-17,113,47632,0,0,0,36,0,11,0
588,2021-10-18,0,47632,3227,472,46515,90,693,10,4
589,2021-10-19,132,47764,3235,473,46666,87,693,20,4
590,2021-10-20,66,47830,3239,474,46729,82,693,8,4
591,2021-10-21,89,47919,3245,474,46791,96,695,16,4
592,2021-10-22,120,48039,3250,475,46933,78,695,19,4
593,2021-10-23,73,48112,0,0,0,50,0,10,0
594,2021-10-24,101,48213,0,0,0,55,0,11,0
595,2021-10-25,0,48213,3254,476,47255,109,696,22,4
596,2021-10-26,199,48412,3268,476,47356,105,698,14,4
597,2021-10-27,82,48494,3273,477,47420,117,698,26,4
598,2021-10-28,96,48590,3277,477,47468,125,700,23,4
599,2021-10-29,111,48701,3284,477,47569,129,702,17,4
600,2021-10-30,659,49360,0,0,0,58,0,14,0
601,2021-10-31,139,49499,0,0,0,57,0,24,0
602,2021-11-01,0,49499,3291,479,48390,163,702,32,4
603,2021-11-02,210,49709,3308,480,48486,173,703,33,4
604,2021-11-03,116,49825,3313,481,48544,145,703,28,4
605,2021-11-04,166,49991,3317,481,48608,171,703,33,4
606,2021-11-05,174,50165,3321,483,48737,157,706,37,4
607,2021-11-06,187,50352,0,0,0,80,0,27,0
608,2021-11-07,165,50517,0,0,0,82,0,20,0
609,2021-11-08,0,50517,3324,484,49137,246,707,27,4
610,2021-11-09,184,50701,3335,484,49281,197,708,26,4
611,2021-11-10,211,50912,3345,485,49348,233,708,35,4
612,2021-11-11,222,51134,3358,485,49428,170,710,42,4
613,2021-11-12,223,51357,3371,485,49623,203,710,32,4
614,2021-11-13,314,51671,0,0,0,100,0,22,0
615,2021-11-14,201,51872,0,0,0,98,0,28,0
616,2021-11-15,181,52053,3385,485,50190,198,715,44,4
617,2021-11-16,162,52215,3409,486,50387,206,719,40,4
618,2021-11-17,179,52394,3423,488,50495,182,725,53,4
619,2021-11-18,236,52630,3434,490,50597,154,725,36,4
620,2021-11-19,222,52852,3440,490,50874,169,726,42,4
621,2021-11-20,181,53033,0,0,0,81,0,25,0
622,2021-11-21,208,53241,0,0,0,94,0,10,0
623,2021-11-22,131,53372,3445,491,51579,215,729,33,4
624,2021-11-23,148,53520,3461,496,51806,181,734,58,4
625,2021-11-24,197,53717,3474,498,51925,209,735,51,4
626,2021-11-25,0,53717,0,0,0,35,0,10,0
627,2021-11-26,151,53868,3494,500,52268,112,736,22,4
628,2021-11-27,0,53868,0,0,0,124,0,20,0
629,2021-11-28,365,54233,0,0,0,153,0,30,0
630,2021-11-29,330,54563,3504,500,52932,308,737,65,4
631,2021-11-30,139,54702,3522,506,53132,238,738,73,4
632,2021-12-01,142,54844,3539,509,53237,219,739,46,4
633,2021-12-02,359,55203,3541,512,53358,229,739,54,4
634,2021-12-03,284,55487,3547,513,53599,185,740,39,4
635,2021-12-04,272,55759,0,0,0,121,0,18,0
636,2021-12-05,325,56084,0,0,0,113,0,15,0
637,2021-12-06,191,56275,3553,515,54124,249,742,55,4
638,2021-12-07,154,56429,3581,516,54248,225,747,56,4
639,2021-12-08,177,56606,3597,516,54385,198,749,40,4
640,2021-12-09,236,56842,3603,517,54576,143,753,18,4
641,2021-12-10,298,57140,3618,517,54940,143,754,21,4
642,2021-12-11,205,57345,0,0,0,95,0,10,0
643,2021-12-12,276,57621,0,0,0,92,0,25,0
644,2021-12-13,116,57737,3642,519,55790,248,754,37,4
645,2021-12-14,155,57892,3667,521,56005,192,759,51,4
646,2021-12-15,113,58005,3677,525,56139,174,760,53,4
647,2021-12-16,257,58262,3690,526,56266,186,763,64,4
648,2021-12-17,250,58512,3698,527,56559,190,766,45,4
649,2021-12-18,199,58711,0,0,0,117,0,28,0
650,2021-12-19,264,58975,0,0,0,133,0,22,0
651,2021-12-20,147,59122,3715,528,57228,357,768,102,4
652,2021-12-21,144,59266,3728,532,57389,410,771,97,4
653,2021-12-22,248,59514,3739,536,57487,485,775,139,4
654,2021-12-23,285,59799,3746,536,57605,502,776,154,4
655,2021-12-24,0,59799,0,0,0,177,0,41,0
656,2021-12-25,0,59799,0,0,0,73,0,13,0
657,2021-12-26,0,59799,0,0,0,403,0,80,0
658,2021-12-27,436,60235,3757,540,58609,851,776,214,4
659,2021-12-28,938,61173,3788,547,58830,999,778,217,4
660,2021-12-29,894,62067,3807,547,58971,1044,781,222,4
661,2021-12-30,970,63037,3817,548,59133,981,783,213,5
662,2021-12-31,0,63037,0,0,0,373,0,88,0
663,2022-01-01,0,63037,0,0,0,158,0,33,0
664,2022-01-02,0,63037,0,0,0,516,0,83,0
665,2022-01-03,724,63761,3824,550,59632,1439,782,286,5
666,2022-01-04,2249,66010,3839,555,61561,1456,783,309,5
667,2022-01-05,446,66456,3848,563,61645,1436,784,271,5
668,2022-01-06,662,67118,3871,565,62107,1241,787,258,5
669,2022-01-07,703,67821,3892,567,63155,979,788,197,5
670,2022-01-08,1198,69019,0,0,0,471,0,103,0
671,2022-01-09,648,69667,0,0,0,423,0,86,0
672,2022-01-10,775,70442,3941,569,66315,1064,790,254,5
673,2022-01-11,1083,71525,3985,572,67101,1083,792,237,5
674,2022-01-12,873,72398,4017,575,67263,967,795,231,5
675,2022-01-13,1068,73466,4049,577,67809,785,802,173,5
676,2022-01-14,988,74454,4060,578,69063,637,805,89,5
677,2022-01-15,1044,75498,0,0,0,319,0,66,0
678,2022-01-16,1047,76545,0,0,0,300,0,42,0
679,2022-01-17,724,77269,0,0,0,591,0,138,0
680,2022-01-18,900,78169,4137,580,75097,660,814,107,5
681,2022-01-19,892,79061,4155,584,75712,504,818,80,5
682,2022-01-20,786,79847,4179,588,76280,438,818,84,5
683,2022-01-21,746,80593,4184,591,77461,402,821,75,5
684,2022-01-22,863,81456,0,0,0,210,0,18,0
685,2022-01-23,896,82352,0,0,0,156,0,25,0
686,2022-01-24,562,82914,4223,593,79996,334,826,62,5
687,2022-01-25,723,83637,4252,595,81344,295,831,27,5
688,2022-01-26,872,84509,4270,597,81798,276,833,53,5
689,2022-01-27,690,85199,4289,599,82156,253,838,33,6
690,2022-01-28,749,85948,4306,601,82894,217,840,24,6
691,2022-01-29,617,86565,0,0,0,114,0,11,0
692,2022-01-30,558,87123,0,0,0,99,0,16,0
693,2022-01-31,406,87529,4328,0,84670,199,843,32,0
694,2022-02-01,225,87754,4363,0,85454,174,849,17,0
695,2022-02-02,209,87963,4374,0,85764,175,850,27,0
696,2022-02-03,282,88245,4391,0,86009,152,853,17,0
697,2022-02-04,370,88615,4406,0,86530,125,854,11,0
698,2022-02-05,314,88929,0,0,0,72,0,11,0
699,2022-02-06,248,89177,0,0,0,69,0,7,0
700,2022-02-07,195,89372,4421,0,87502,141,856,9,0
701,2022-02-08,146,89518,4451,0,87931,117,858,18,0
702,2022-02-09,211,89729,4460,0,88166,105,859,19,0
703,2022-02-10,235,89964,4472,0,88355,81,861,14,0
704,2022-02-11,239,90203,4479,0,88660,76,861,11,0
705,2022-02-12,231,90434,0,0,0,56,0,5,0
706,2022-02-13,164,90598,0,0,0,42,0,4,0
707,2022-02-14,77,90675,4492,0,89265,69,864,6,0
708,2022-02-15,61,90736,4504,0,89435,74,869,5,0
709,2022-02-16,129,90865,4514,0,89580,62,869,11,0
710,2022-02-17,84,90949,4518,0,89665,60,870,9,0
711,2022-02-18,109,91058,4524,0,89817,39,870,13,0
712,2022-02-19,100,91158,4537,0,89986,27,873,3,0
713,2022-02-20,83,91241,4537,0,90112,34,873,2,0
714,2022-02-21,0,91241,0,0,0,39,0,4,0
715,2022-02-22,80,91321,4537,0,90293,41,873,7,0
716,2022-02-23,48,91369,4541,0,90354,47,872,8,0
717,2022-02-24,55,91424,4543,0,90391,44,872,6,0
718,2022-02-25,55,91479,4546,0,90458,36,872,5,0
719,2022-02-26,57,91536,0,0,0,31,0,2,0
720,2022-02-27,48,91584,0,0,0,11,0,2,0
721,2022-02-28,0,91584,4549,0,90680,43,872,5,0
722,2022-03-01,79,91663,4553,0,90736,39,873,3,0
723,2022-03-02,40,91703,4566,0,90767,42,871,3,0
724,2022-03-03,36,91739,4566,0,90800,35,871,6,0
725,2022-03-04,48,91787,4571,0,90851,20,871,4,0
726,2022-03-05,54,91841,0,0,0,11,0,3,0
727,2022-03-06,39,91880,0,0,0,16,0,2,0
728,2022-03-07,0,91880,4571,0,90911,27,871,6,0
729,2022-03-08,39,91919,4577,0,91058,45,874,3,0
730,2022-03-09,47,91966,4578,0,91104,36,875,2,0
731,2022-03-10,28,91994,4582,0,91120,27,876,2,0
732,2022-03-11,50,92044,4583,0,91172,15,876,1,0
733,2022-03-12,41,92085,0,0,0,15,0,3,0
734,2022-03-13,37,92122,0,0,0,13,0,6,0
735,2022-03-14,0,92122,4588,0,91302,39,877,3,0
736,2022-03-15,34,92156,4595,0,91324,43,877,10,0
737,2022-03-16,20,92176,4598,0,91343,36,877,6,0
738,2022-03-17,39,92215,4600,0,91360,36,877,4,0
739,2022-03-18,46,92261,4602,0,91390,34,878,3,0
740,2022-03-19,47,92308,4602,0,91434,17,878,3,0
741,2022-03-20,39,92347,4602,0,91473,11,878,6,0
742,2022-03-21,0,92347,0,0,0,53,0,10,0
743,2022-03-22,55,92402,4606,0,91518,33,878,7,0
744,2022-03-23,29,92431,4608,0,91536,51,878,7,0
745,2022-03-24,52,92483,4611,0,91555,34,878,6,0
746,2022-03-25,53,92536,4614,0,91596,35,878,4,0
747,2022-03-26,43,92579,0,0,0,25,0,3,0
748,2022-03-27,30,92609,0,0,0,22,0,5,0
749,2022-03-28,0,92609,4616,0,91728,56,878,8,0
750,2022-03-29,62,92671,4619,0,91765,47,878,13,0
751,2022-03-30,45,92716,4622,0,91783,62,879,13,0
752,2022-03-31,66,92782,4624,0,91802,39,879,7,0
753,2022-04-01,74,92856,0,0,0,44,0,6,0
754,2022-04-02,70,92926,0,0,0,19,0,1,0
755,2022-04-03,59,92985,0,0,0,35,0,5,0
756,2022-04-04,0,92985,0,0,0,60,0,11,0
757,2022-04-05,61,93046,0,0,0,80,0,15,0
758,2022-04-06,33,93079,0,0,0,81,0,15,0
759,2022-04-07,71,93150,4642,0,92111,58,881,4,0
760,2022-04-08,91,93241,0,0,0,64,0,12,0
761,2022-04-09,94,93335,0,0,0,50,0,8,0
762,2022-04-10,76,93411,0,0,0,53,0,14,0
763,2022-04-11,0,93411,0,0,0,116,0,8,0
764,2022-04-12,110,93521,0,0,0,106,0,15,0
765,2022-04-13,93,93614,0,0,0,143,0,17,0
766,2022-04-14,93,93707,4657,0,92473,95,886,16,0
767,2022-04-15,140,93847,0,0,0,91,0,11,0
768,2022-04-16,143,93990,0,0,0,76,0,10,0
769,2022-04-17,104,94094,0,0,0,32,0,4,0
770,2022-04-18,0,94094,0,0,0,173,0,17,0
771,2022-04-19,116,94210,0,0,0,153,0,20,0
772,2022-04-20,141,94351,0,0,0,182,0,13,0
773,2022-04-21,146,94497,4670,0,92991,132,884,10,0
774,2022-04-22,198,94695,0,0,0,125,0,18,0
775,2022-04-23,160,94855,0,0,0,69,0,13,0
776,2022-04-24,173,95028,0,0,0,58,0,17,0
777,2022-04-25,0,95028,0,0,0,192,0,22,0
778,2022-04-26,144,95172,0,0,0,196,0,22,0
779,2022-04-27,160,95332,0,0,0,212,0,17,0
780,2022-04-28,163,95495,4692,0,93731,180,890,27,0
781,2022-04-29,214,95709,0,0,0,150,0,22,0
782,2022-04-30,228,95937,0,0,0,92,0,18,0
783,2022-05-01,209,96146,0,0,0,95,0,19,0
784,2022-05-02,0,96146,0,0,0,244,0,29,0
785,2022-05-03,89,96235,0,0,0,247,0,52,0
786,2022-05-04,267,96502,0,0,0,259,0,32,0
787,2022-05-05,309,96811,4723,0,94729,222,892,30,0
788,2022-05-06,248,97059,0,0,0,209,0,31,0
789,2022-05-07,312,97371,0,0,0,108,0,15,0
790,2022-05-08,262,97633,0,0,0,103,0,19,0
791,2022-05-09,0,97633,0,0,0,276,0,44,0
792,2022-05-10,319,97952,0,0,0,235,0,37,0
793,2022-05-11,165,98117,0,0,0,235,0,32,0
794,2022-05-12,314,98431,4750,0,95989,203,895,33,0
795,2022-05-13,302,98733,0,0,0,180,0,27,0
796,2022-05-14,275,99008,0,0,0,94,0,24,0
797,2022-05-15,214,99222,0,0,0,104,0,13,0
798,2022-05-16,0,99222,0,0,0,214,0,40,0
799,2022-05-17,214,99436,0,0,0,183,0,51,0
800,2022-05-18,249,99685,0,0,0,208,0,28,0
801,2022-05-19,237,99922,4788,0,97581,186,901,37,0
802,2022-05-20,256,100178,0,0,0,160,0,20,0
803,2022-05-21,227,100405,0,0,0,97,0,10,0
804,2022-05-22,176,100581,0,0,0,101,0,21,0
805,2022-05-23,0,100581,0,0,0,185,0,39,0
806,2022-05-24,255,100836,0,0,0,173,0,24,0
807,2022-05-25,186,101022,0,0,0,176,0,30,0
808,2022-05-26,238,101260,4823,0,99110,177,904,34,0
809,2022-05-27,213,101473,0,0,0,156,0,27,0
810,2022-05-28,216,101689,0,0,0,65,0,21,0
811,2022-05-29,175,101864,0,0,0,74,0,30,0
812,2022-05-30,0,101864,0,0,0,41,0,14,0
813,2022-05-31,0,101864,0,0,0,226,0,47,0
814,2022-06-01,0,101864,0,0,0,178,0,33,0
815,2022-06-02,496,102360,4857,0,100678,148,908,34,0
816,2022-06-03,198,102558,0,0,0,107,0,31,0
817,2022-06-04,215,102773,0,0,0,91,0,13,0
818,2022-06-05,197,102970,0,0,0,75,0,14,0
819,2022-06-06,0,102970,0,0,0,177,0,31,0
820,2022-06-07,183,103153,0,0,0,149,0,20,0
821,2022-06-08,148,103301,0,0,0,157,0,21,0
822,2022-06-09,183,103484,4891,0,101666,111,912,20,0
823,2022-06-10,217,103701,0,0,0,118,0,27,0
824,2022-06-11,140,103841,0,0,0,55,0,17,0
825,2022-06-12,172,104013,0,0,0,69,0,22,0
826,2022-06-13,0,104013,0,0,0,148,0,29,0
827,2022-06-14,181,104194,0,0,0,139,0,23,0
828,2022-06-15,133,104327,0,0,0,121,0,34,0
829,2022-06-16,142,104469,4931,0,102703,91,914,36,0
830,2022-06-17,193,104662,0,0,0,80,0,14,0
831,2022-06-18,131,104793,0,0,0,82,0,15,0
832,2022-06-19,149,104942,0,0,0,72,0,7,0
833,2022-06-20,0,104942,0,0,0,129,0,19,0
834,2022-06-21,0,104942,0,0,0,118,0,43,0
835,2022-06-22,0,104942,0,0,0,127,0,35,0
836,2022-06-23,413,105355,4962,0,103702,120,918,24,0
837,2022-06-24,180,105535,0,0,0,85,0,17,0
838,2022-06-25,135,105670,0,0,0,74,0,24,0
839,2022-06-26,128,105798,0,0,0,57,0,30,0
840,2022-06-27,0,105798,0,0,0,153,0,40,0
841,2022-06-28,202,106000,0,0,0,161,0,30,0
842,2022-06-29,146,106146,0,0,0,133,0,28,0
843,2022-06-30,124,106270,5007,0,104590,136,920,30,0
844,2022-07-01,192,106462,0,0,0,106,0,33,0
845,2022-07-02,208,106670,0,0,0,65,0,24,0
846,2022-07-03,178,106848,0,0,0,39,0,15,0
847,2022-07-04,0,106848,0,0,0,24,0,12,0
848,2022-07-05,0,106848,0,0,0,154,0,38,0
849,2022-07-06,222,107070,0,0,0,117,0,20,0
850,2022-07-07,110,107180,5042,0,105494,109,921,22,0
851,2022-07-08,107,107287,0,0,0,102,0,22,0
852,2022-07-09,138,107425,0,0,0,51,0,25,0
853,2022-07-10,198,107623,0,0,0,67,0,18,0
854,2022-07-11,0,107623,0,0,0,97,0,23,0
855,2022-07-12,0,107623,0,0,0,100,0,25,0
856,2022-07-13,267,107890,0,0,0,109,0,16,0
857,2022-07-14,116,108006,5068,0,106490,119,923,33,0
858,2022-07-15,135,108141,0,0,0,102,0,17,0
859,2022-07-16,154,108295,0,0,0,52,0,14,0
860,2022-07-17,120,108415,0,0,0,51,0,19,0
861,2022-07-18,0,108415,0,0,0,131,0,35,0
862,2022-07-19,0,108415,0,0,0,136,0,24,0
863,2022-07-20,287,108702,0,0,0,111,0,29,0
864,2022-07-21,126,108828,5110,0,107268,105,928,19,0
865,2022-07-22,140,108968,0,0,0,77,0,15,0
866,2022-07-23,170,109138,0,0,0,55,0,23,0
867,2022-07-24,125,109263,0,0,0,66,0,24,0
868,2022-07-25,0,109263,0,0,0,107,0,24,0
869,2022-07-26,0,109263,0,0,0,111,0,16,0
870,2022-07-27,276,109539,0,0,0,106,0,37,0
871,2022-07-28,109,109648,5130,0,108046,90,931,31,0
872,2022-07-29,135,109783,0,0,0,94,0,26,0
873,2022-07-30,149,109932,0,0,0,52,0,27,0
874,2022-07-31,157,110089,0,0,0,48,0,11,0
875,2022-08-01,0,110089,0,0,0,121,0,36,0
876,2022-08-02,0,110089,0,0,0,109,0,29,0
877,2022-08-03,247,110336,0,0,0,98,0,31,0
878,2022-08-04,123,110459,5166,0,108894,88,935,23,0
879,2022-08-05,144,110603,0,0,0,83,0,21,0
880,2022-08-06,152,110755,0,0,0,42,0,28,0
881,2022-08-07,110,110865,0,0,0,46,0,20,0
882,2022-08-08,0,110865,0,0,0,96,0,25,0
883,2022-08-09,0,110865,0,0,0,108,0,22,0
884,2022-08-10,251,111116,0,0,0,97,0,28,0
885,2022-08-11,91,111207,5202,0,109674,95,942,33,0
886,2022-08-12,146,111353,0,0,0,77,0,16,0
887,2022-08-13,118,111471,0,0,0,52,0,13,0
888,2022-08-14,133,111604,0,0,0,63,0,16,0
889,2022-08-15,0,111604,0,0,0,82,0,38,0
890,2022-08-16,0,111604,0,0,0,96,0,13,0
891,2022-08-17,261,111865,0,0,0,97,0,35,0
892,2022-08-18,101,111966,5254,0,110448,86,950,22,0
893,2022-08-19,116,112082,0,0,0,63,0,21,0
894,2022-08-20,126,112208,0,0,0,55,0,20,0
895,2022-08-21,125,112333,0,0,0,46,0,20,0
896,2022-08-22,0,112333,0,0,0,97,0,22,0
897,2022-08-23,0,112333,0,0,0,75,0,19,0
898,2022-08-24,213,112546,0,0,0,83,0,36,0
899,2022-08-25,113,112659,5298,0,111189,62,958,16,0
900,2022-08-26,85,112744,0,0,0,66,0,21,0
901,2022-08-27,134,112878,0,0,0,38,0,16,0
902,2022-08-28,74,112952,0,0,0,40,0,14,0
903,2022-08-29,0,112952,0,0,0,80,0,10,0
904,2022-08-30,0,112952,0,0,0,87,0,16,0
905,2022-08-31,217,113169,0,0,0,53,0,27,0
906,2022-09-01,66,113235,5334,0,111883,68,963,17,0
907,2022-09-02,98,113333,0,0,0,58,0,17,0
908,2022-09-03,97,113430,0,0,0,39,0,17,0
909,2022-09-04,87,113517,0,0,0,26,0,4,0
910,2022-09-05,0,113517,0,0,0,19,0,7,0
911,2022-09-06,0,113517,0,0,0,87,0,34,0
912,2022-09-07,124,113641,0,0,0,64,0,16,0
913,2022-09-08,82,113723,5362,0,112486,57,966,18,0
914,2022-09-09,78,113801,0,0,0,46,0,21,0
915,2022-09-10,102,113903,0,0,0,26,0,11,0
916,2022-09-11,85,113988,0,0,0,25,0,13,0
917,2022-09-12,0,113988,0,0,0,80,0,21,0
918,2022-09-13,0,113988,0,0,0,77,0,24,0
919,2022-09-14,129,114117,0,0,0,74,0,18,0
920,2022-09-15,71,114188,5387,0,113006,64,968,20,0
921,2022-09-16,132,114320,0,0,0,55,0,16,0
922,2022-09-17,95,114415,0,0,0,31,0,11,0
923,2022-09-18,76,114491,0,0,0,36,0,17,0
924,2022-09-19,0,114491,0,0,0,76,0,19,0
925,2022-09-20,0,114491,0,0,0,73,0,8,0
926,2022-09-21,184,114675,0,0,0,69,0,16,0
927,2022-09-22,63,114738,5413,0,113446,47,970,9,0
928,2022-09-23,108,114846,0,0,0,36,0,10,0
929,2022-09-24,82,114928,0,0,0,34,0,10,0
930,2022-09-25,61,114989,0,0,0,25,0,3,0
931,2022-09-26,0,114989,0,0,0,50,0,10,0
932,2022-09-27,0,114989,0,0,0,56,0,11,0
933,2022-09-28,111,115100,0,0,0,42,0,5,0
934,2022-09-29,47,115147,5435,0,113985,35,973,6,0
935,2022-09-30,72,115219,0,0,0,47,0,4,0
936,2022-10-01,56,115275,0,0,0,32,0,6,0
937,2022-10-02,35,115310,0,0,0,24,0,5,0
938,2022-10-03,0,115310,0,0,0,55,0,9,0
939,2022-10-04,0,115310,0,0,0,48,0,12,0
940,2022-10-05,127,115437,0,0,0,62,0,3,0
941,2022-10-06,66,115503,5458,0,114417,47,975,5,0
942,2022-10-07,48,115551,0,0,0,32,0,10,0
943,2022-10-08,55,115606,0,0,0,27,0,5,0
944,2022-10-09,58,115664,0,0,0,36,0,3,0
945,2022-10-10,0,115664,0,0,0,42,0,11,0
946,2022-10-11,0,115664,0,0,0,42,0,11,0
947,2022-10-12,152,115816,0,0,0,44,0,4,0
948,2022-10-13,47,115863,5489,0,114751,34,980,4,0
949,2022-10-14,40,115903,0,0,0,31,0,13,0
950,2022-10-15,45,115948,0,0,0,32,0,7,0
951,2022-10-16,44,115992,0,0,0,32,0,5,0
952,2022-10-17,0,115992,0,0,0,55,0,8,0
953,2022-10-18,0,115992,0,0,0,59,0,12,0
954,2022-10-19,121,116113,0,0,0,46,0,10,0
955,2022-10-20,60,116173,5519,0,115105,42,987,13,0
956,2022-10-21,67,116240,0,0,0,45,0,10,0
957,2022-10-22,55,116295,0,0,0,32,0,6,0
958,2022-10-23,42,116337,0,0,0,25,0,7,0
959,2022-10-24,0,116337,0,0,0,54,0,10,0
960,2022-10-25,0,116337,0,0,0,49,0,19,0
961,2022-10-26,116,116453,0,0,0,43,0,12,0
962,2022-10-27,58,116511,5546,0,115416,30,992,9,0
963,2022-10-28,57,116568,0,0,0,48,0,11,0
964,2022-10-29,40,116608,0,0,0,33,0,7,0
965,2022-10-30,46,116654,0,0,0,25,0,10,0
966,2022-10-31,0,116654,0,0,0,60,0,12,0
967,2022-11-01,0,116654,0,0,0,55,0,10,0
968,2022-11-02,145,116799,0,0,0,54,0,12,0
969,2022-11-03,54,116853,5577,0,115765,49,999,7,0
970,2022-11-04,49,116902,0,0,0,56,0,8,0
971,2022-11-05,56,116958,0,0,0,32,0,5,0
972,2022-11-06,53,117011,0,0,0,24,0,8,0
973,2022-11-07,0,117011,0,0,0,56,0,16,0
974,2022-11-08,0,117011,0,0,0,63,0,6,0
975,2022-11-09,152,117163,0,0,0,43,0,10,0
976,2022-11-10,63,117226,5611,0,116086,54,1006,20,0
977,2022-11-11,72,117298,0,0,0,42,0,11,0
978,2022-11-12,82,117380,0,0,0,28,0,12,0
979,2022-11-13,0,117380,0,0,0,31,0,11,0
980,2022-11-14,0,117380,0,0,0,57,0,13,0
981,2022-11-15,0,117380,0,0,0,55,0,13,0
982,2022-11-16,212,117592,0,0,0,69,0,4,0
983,2022-11-17,54,117646,5644,0,116477,42,1011,8,0
984,2022-11-18,54,117700,0,0,0,54,0,10,0
985,2022-11-19,73,117773,0,0,0,36,0,8,0
986,2022-11-20,56,117829,0,0,0,28,0,3,0
987,2022-11-21,0,117829,0,0,0,64,0,28,0
988,2022-11-22,0,117829,0,0,0,54,0,10,0
989,2022-11-23,236,118065,5684,0,116902,60,1018,12,0
990,2022-11-24,77,118142,0,0,0,14,0,0,0
991,2022-11-25,70,118212,0,0,0,45,0,12,0
992,2022-11-26,0,118212,0,0,0,41,0,11,0
993,2022-11-27,0,118212,0,0,0,40,0,11,0
994,2022-11-28,0,118212,0,0,0,85,0,15,0
995,2022-11-29,0,118212,0,0,0,66,0,19,0
996,2022-11-30,240,118452,0,0,0,64,0,15,0
997,2022-12-01,97,118549,5731,0,117433,55,1024,15,0
998,2022-12-02,77,118626,0,0,0,52,0,14,0
999,2022-12-03,66,118692,0,0,0,35,0,9,0
1000,2022-12-04,73,118765,0,0,0,26,0,14,0
1001,2022-12-05,0,118765,0,0,0,58,0,17,0
1002,2022-12-06,0,118765,0,0,0,75,0,16,0
1003,2022-12-07,178,118943,0,0,0,36,0,19,0
1004,2022-12-08,64,119007,5769,0,117742,61,1034,10,0
1005,2022-12-09,80,119087,0,0,0,61,0,6,0
1006,2022-12-10,63,119150,0,0,0,26,0,5,0
1007,2022-12-11,66,119216,0,0,0,42,0,13,0
1008,2022-12-12,0,119216,0,0,0,73,0,13,0
1009,2022-12-13,0,119216,0,0,0,69,0,11,0
1010,2022-12-14,166,119382,0,0,0,65,0,7,0
1011,2022-12-15,76,119458,5818,0,118222,46,1043,7,0
1012,2022-12-16,72,119530,0,0,0,60,0,9,0
1013,2022-12-17,83,119613,0,0,0,29,0,11,0
1014,2022-12-18,44,119657,0,0,0,29,0,8,0
1015,2022-12-19,0,119657,0,0,0,68,0,9,0
1016,2022-12-20,0,119657,0,0,0,58,0,15,0
1017,2022-12-21,177,119834,0,0,0,54,0,14,0
1018,2022-12-22,56,119890,5868,0,118663,38,1050,7,0
1019,2022-12-23,75,119965,0,0,0,27,0,9,0
1020,2022-12-24,68,120033,0,0,0,26,0,1,0
1021,2022-12-25,52,120085,0,0,0,15,0,0,0
1022,2022-12-26,0,120085,0,0,0,35,0,11,0
1023,2022-12-27,0,120085,0,0,0,67,0,18,0
1024,2022-12-28,0,120085,0,0,0,59,0,9,0
1025,2022-12-29,135,120220,5919,0,119099,45,1058,9,0
1026,2022-12-30,62,120282,0,0,0,43,0,27,0
1027,2022-12-31,76,120358,0,0,0,17,0,7,0
1028,2023-01-01,56,120414,0,0,0,19,0,9,0
1029,2023-01-02,0,120414,0,0,0,44,0,20,0
1030,2023-01-03,0,120414,0,0,0,36,0,10,0
1031,2023-01-04,0,120414,0,0,0,29,0,10,0
1032,2023-01-05,142,120556,5951,0,119439,39,1062,9,0
1033,2023-01-06,43,120599,0,0,0,39,0,8,0
1034,2023-01-07,39,120638,0,0,0,22,0,8,0
1035,2023-01-08,59,120697,0,0,0,17,0,2,0
1036,2023-01-09,0,120697,0,0,0,40,0,11,0
1037,2023-01-10,0,120697,0,0,0,53,0,1,0
1038,2023-01-11,98,120795,0,0,0,37,0,2,0
1039,2023-01-12,52,120847,5989,0,119789,36,1069,11,0
1040,2023-01-13,47,120894,0,0,0,29,0,6,0
1041,2023-01-14,62,120956,0,0,0,19,0,3,0
1042,2023-01-15,33,120989,0,0,0,25,0,8,0
1043,2023-01-16,0,120989,0,0,0,29,0,11,0
1044,2023-01-17,0,120989,0,0,0,59,0,2,0
1045,2023-01-18,0,120989,0,0,0,39,0,1,0
1046,2023-01-19,159,121148,6017,0,120099,33,1071,4,0
1047,2023-01-20,68,121216,0,0,0,46,0,8,0
1048,2023-01-21,29,121245,0,0,0,27,0,11,0
1049,2023-01-22,42,121287,0,0,0,20,0,8,0
1050,2023-01-23,0,121287,0,0,0,55,0,12,0
1051,2023-01-24,0,121287,0,0,0,53,0,14,0
1052,2023-01-25,131,121418,0,0,0,44,0,8,0
1053,2023-01-26,66,121484,6050,0,120381,48,1077,7,0
1054,2023-01-27,62,121546,0,0,0,33,0,8,0
1055,2023-01-28,48,121594,0,0,0,21,0,6,0
1056,2023-01-29,59,121653,0,0,0,21,0,3,0
1057,2023-01-30,0,121653,0,0,0,53,0,9,0
1058,2023-01-31,0,121653,0,0,0,47,0,6,0
1059,2023-02-01,90,121743,0,0,0,31,0,5,0
1060,2023-02-02,56,121799,6078,0,120677,36,1080,1,0
1061,2023-02-03,47,121846,0,0,0,31,0,6,0
1062,2023-02-04,43,121889,0,0,0,23,0,6,0
1063,2023-02-05,45,121934,0,0,0,28,0,2,0
1064,2023-02-06,0,121934,0,0,0,66,0,5,0
1065,2023-02-07,0,121934,0,0,0,46,0,8,0
1066,2023-02-08,93,122027,0,0,0,49,0,9,0
1067,2023-02-09,81,122108,6106,0,121017,53,1083,9,0
1068,2023-02-10,56,122164,0,0,0,41,0,9,0
1069,2023-02-11,51,122215,0,0,0,26,0,4,0
1070,2023-02-12,64,122279,0,0,0,19,0,1,0
1071,2023-02-13,0,122279,0,0,0,60,0,2,0
1072,2023-02-14,0,122279,0,0,0,41,0,16,0
1073,2023-02-15,93,122372,0,0,0,53,0,9,0
1074,2023-02-16,74,122446,6144,0,121298,54,1085,7,0
1075,2023-02-17,51,122497,0,0,0,48,0,7,0
1076,2023-02-18,62,122559,0,0,0,26,0,1,0
1077,2023-02-19,66,122625,0,0,0,26,0,3,0
1078,2023-02-20,0,122625,0,0,0,56,0,15,0
1079,2023-02-21,0,122625,0,0,0,37,0,10,0
1080,2023-02-22,0,122625,0,0,0,51,0,4,0
1081,2023-02-23,182,122807,6183,0,121645,20,1090,8,0
1082,2023-02-24,39,122846,0,0,0,29,0,14,0
1083,2023-02-25,44,122890,0,0,0,24,0,8,0
1084,2023-02-26,26,122916,0,0,0,20,0,3,0
1085,2023-02-27,0,122916,0,0,0,43,0,13,0
1086,2023-02-28,0,122916,0,0,0,39,0,4,0
1087,2023-03-01,78,122994,0,0,0,41,0,7,0
1088,2023-03-02,50,123044,6216,0,121990,42,1095,7,0
1089,2023-03-03,39,123083,0,0,0,26,0,7,0
1090,2023-03-04,56,123139,0,0,0,13,0,3,0
1091,2023-03-05,73,123212,0,0,0,10,0,3,0
1092,2023-03-06,0,123212,0,0,0,32,0,4,0
1093,2023-03-07,0,123212,0,0,0,38,0,3,0
1094,2023-03-08,75,123287,0,0,0,27,0,2,0
1095,2023-03-09,44,123331,6247,0,122283,31,1099,6,0
1096,2023-03-10,38,123369,0,0,0,16,0,0,0
1097,2023-03-11,40,123409,0,0,0,12,0,4,0
1098,2023-03-12,28,123437,0,0,0,12,0,4,0
1099,2023-03-13,0,123437,0,0,0,27,0,6,0
1100,2023-03-14,0,123437,0,0,0,29,0,15,0
1101,2023-03-15,47,123484,0,0,0,22,0,2,0
1102,2023-03-16,31,123515,6274,0,122539,31,1102,33,0
1103,2023-03-17,42,123557,0,0,0,28,0,2,0
1104,2023-03-18,44,123601,0,0,0,11,0,1,0
1105,2023-03-19,42,123643,0,0,0,9,0,4,0
1106,2023-03-20,0,123643,0,0,0,24,0,15,0
1107,2023-03-21,0,123643,0,0,0,20,0,2,0
1108,2023-03-22,73,123716,0,0,0,29,0,6,0
1109,2023-03-23,19,123735,6304,0,122730,24,1106,4,0
1110,2023-03-24,30,123765,0,0,0,22,0,1,0
1111,2023-03-25,37,123802,0,0,0,8,0,2,0
1112,2023-03-26,13,123815,0,0,0,6,0,2,0
1113,2023-03-27,0,123815,0,0,0,15,0,3,0
1114,2023-03-28,0,123815,0,0,0,19,0,3,0
1115,2023-03-29,53,123868,0,0,0,14,0,8,0
1116,2023-03-30,14,123882,6320,0,122941,19,1107,5,0
1117,2023-03-31,25,123907,0,0,0,13,0,3,0
1118,2023-04-01,15,123922,0,0,0,9,0,2,0
1119,2023-04-02,24,123946,0,0,0,8,0,2,0
1120,2023-04-03,0,123946,0,0,0,22,0,1,0
1121,2023-04-04,0,123946,0,0,0,21,0,1,0
1122,2023-04-05,32,123978,0,0,0,19,0,2,0
1123,2023-04-06,27,124005,6335,0,123104,9,1108,2,0
1124,2023-04-07,21,124026,0,0,0,15,0,2,0
1125,2023-04-08,15,124041,0,0,0,5,0,2,0
1126,2023-04-09,21,124062,0,0,0,11,0,2,0
1127,2023-04-10,0,124062,0,0,0,10,0,1,0
1128,2023-04-11,0,124062,0,0,0,17,0,1,0
1129,2023-04-12,30,124092,0,0,0,11,0,2,0
1130,2023-04-13,14,124106,6351,0,123229,16,1109,2,0
1131,2023-04-14,19,124125,0,0,0,14,0,1,0
1132,2023-04-15,16,124141,0,0,0,8,0,0,0
1133,2023-04-16,10,124151,0,0,0,7,0,0,0
1134,2023-04-17,0,124151,0,0,0,7,0,0,0
1135,2023-04-18,32,124183,0,0,0,13,0,1,0
1136,2023-04-19,0,124183,0,0,0,9,0,1,0
1137,2023-04-20,31,124214,6363,0,123338,15,1109,2,0
1138,2023-04-21,0,124214,0,0,0,8,0,0,0
1139,2023-04-22,13,124227,0,0,0,4,0,1,0
1140,2023-04-23,14,124241,0,0,0,0,0,1,0
1141,2023-04-24,0,124241,0,0,0,13,0,2,0
1142,2023-04-25,0,124241,0,0,0,9,0,2,0
1143,2023-04-26,12,124253,0,0,0,7,0,3,0
1144,2023-04-27,13,124266,6372,0,123428,14,1111,0,0
1145,2023-04-28,16,124282,0,0,0,14,0,2,0
1146,2023-04-29,6,124288,0,0,0,7,0,0,0
1147,2023-04-30,14,124302,0,0,0,4,0,1,0
1148,2023-05-01,0,124302,0,0,0,10,0,0,0
1149,2023-05-02,0,124302,0,0,0,8,0,1,0
1150,2023-05-03,40,124342,0,0,0,9,0,5,0
1151,2023-05-04,0,124342,6382,0,123492,7,1111,1,0
1152,2023-05-05,15,124357,0,0,0,16,0,1,0
1153,2023-05-06,15,124372,0,0,0,7,0,0,0
1154,2023-05-07,11,124383,0,0,0,9,0,0,0
1155,2023-05-08,0,124383,0,0,0,11,0,2,0
1156,2023-05-09,0,124383,0,0,0,9,0,2,0
1157,2023-05-10,43,124426,0,0,0,10,0,1,0
1158,2023-05-11,11,124437,6394,0,123582,9,1111,0,0
1159,2023-05-12,10,124447,0,0,0,2,0,0,0
1160,2023-05-13,12,124459,0,0,0,3,0,1,0
1161,2023-05-14,7,124466,0,0,0,4,0,1,0
1162,2023-05-15,0,124466,0,0,0,5,0,0,0
1163,2023-05-16,0,124466,0,0,0,6,0,0,0
1164,2023-05-17,12,124478,0,0,0,5,0,1,0
1165,2023-05-18,6,124484,6404,0,123656,7,1115,0,0
1166,2023-05-19,9,124493,0,0,0,7,0,0,0
1167,2023-05-20,7,124500,0,0,0,3,0,0,0
1168,2023-05-21,6,124506,0,0,0,2,0,0,0
1169,2023-05-22,0,124506,0,0,0,7,0,1,0
1170,2023-05-23,0,124506,0,0,0,5,0,1,0
1171,2023-05-24,12,124518,0,0,0,8,0,1,0
1172,2023-05-25,5,124523,6406,0,123713,4,1117,2,0
1173,2023-05-26,10,124533,0,0,0,5,0,1,0
1174,2023-05-27,8,124541,0,0,0,3,0,0,0
1175,2023-05-28,7,124548,0,0,0,3,0,1,0
1176,2023-05-29,0,124548,0,0,0,2,0,0,0
1177,2023-05-30,0,124548,0,0,0,4,0,0,0
1178,2023-05-31,0,124548,0,0,0,6,0,0,0
1179,2023-06-01,13,124561,6410,0,123749,3,1118,0,0
1180,2023-06-02,5,124566,0,0,0,2,0,2,0
1181,2023-06-03,6,124572,0,0,0,1,0,0,0
1182,2023-06-04,5,124577,0,0,0,0,0,0,0
1183,2023-06-05,0,124577,0,0,0,3,0,0,0
1184,2023-06-06,0,124577,0,0,0,6,0,0,0
1185,2023-06-07,3,124580,0,0,0,4,0,1,0
1186,2023-06-08,3,124583,6411,0,123804,4,1118,0,0
1187,2023-06-09,5,124588,0,0,0,4,0,0,0
1188,2023-06-10,8,124596,0,0,0,1,0,0,0
1189,2023-06-11,4,124600,0,0,0,1,0,0,0
1190,2023-06-12,0,124600,0,0,0,4,0,0,0
1191,2023-06-13,0,124600,0,0,0,3,0,0,0
1192,2023-06-14,4,124604,0,0,0,8,0,0,0
1193,2023-06-15,5,124609,6416,0,123808,4,1120,0,0
1194,2023-06-16,6,124615,0,0,0,3,0,0,0
1195,2023-06-17,4,124619,0,0,0,1,0,0,0
1196,2023-06-18,9,124628,0,0,0,3,0,1,0
1197,2023-06-19,0,124628,0,0,0,4,0,0,0
1198,2023-06-20,0,124628,0,0,0,6,0,0,0
1199,2023-06-21,0,124628,0,0,0,3,0,2,0
1200,2023-06-22,9,124637,6417,0,123832,5,1120,0,0
1201,2023-06-23,2,124639,0,0,0,1,0,0,0
1202,2023-06-24,5,124644,0,0,0,2,0,0,0
1203,2023-06-25,9,124653,0,0,0,1,0,2,0
1204,2023-06-26,0,124653,0,0,0,2,0,3,0
1205,2023-06-27,0,124653,0,0,0,0,0,0,0
1206,2023-06-28,6,124659,0,0,0,0,0,0,0
1207,2023-06-29,8,124667,6422,0,123855,0,1121,0,0
