Date,County,TotalBeds,AvailableBeds,HospitalCapacity,Hospitalized,ICU,Ventilated,AdmitPrevDay,DischPrevDay,DeltaAdmit
4/2/2020,MIAMI-DADE,9455,NA,NA,320,130,116,NA,NA,NA
4/3/2020,MIAMI-DADE,9455,NA,NA,346,133,116,111,33,78
4/4/2020,MIAMI-DADE,9455,NA,NA,416,133,112,59,37,22
4/5/2020,MIAMI-DADE,9455,NA,NA,533,188,146,108,19,89
4/6/2020,MIAMI-DADE,9455,NA,NA,516,178,151,89,21,68
4/7/2020,MIAMI-DADE,9455,NA,NA,591,199,167,76,28,48
4/8/2020,MIAMI-DADE,9455,NA,NA,636,215,166,107,32,75
4/9/2020,MIAMI-DADE,9455,NA,NA,634,232,170,99,61,38
4/10/2020,MIAMI-DADE,9455,4977,0.5263882,681,245,172,79,37,42
4/10/2020,MIAMI-DADE,9455,NA,NA,676,251,183,73,36,37
4/11/2020,MIAMI-DADE,9455,NA,NA,671,238,177,99,64,35
4/12/2020,MIAMI-DADE,9455,NA,NA,672,243,192,80,59,21
4/12/2020,MIAMI-DADE,9455,NA,NA,714,245,183,60,61,-1
4/13/2020,MIAMI-DADE,9455,NA,NA,653,247,184,74,47,27
4/13/2020,MIAMI-DADE,9455,NA,NA,695,251,184,80,48,32
4/14/2020,MIAMI-DADE,9455,3264,0.3452142,653,204,146,69,41,28
4/14/2020,MIAMI-DADE,9455,3483,0.3683765,712,249,174,86,66,20
4/15/2020,MIAMI-DADE,9455,3325,0.3516658,693,234,169,84,76,8
4/16/2020,MIAMI-DADE,9455,3341,0.353358,714,223,176,77,84,-7
4/16/2020,MIAMI-DADE,9455,3604,0.381174,736,226,176,74,111,-37
4/17/2020,MIAMI-DADE,9455,3570,0.377578,706,213,172,83,107,-24
4/17/2020,MIAMI-DADE,9455,3471,0.3671074,797,285,170,74,88,-14
4/18/2020,MIAMI-DADE,9455,3455,0.3654151,697,221,170,101,137,-36
4/18/2020,MIAMI-DADE,9455,3561,0.3766261,697,219,170,93,138,-45
4/19/2020,MIAMI-DADE,9455,3507,0.3709149,730,223,170,71,105,-34
4/20/2020,MIAMI-DADE,9455,3410,0.3606557,727,210,167,58,64,-6
4/21/2020,MIAMI-DADE,9455,3468,0.3667901,759,205,155,92,81,11
4/22/2020,MIAMI-DADE,9455,3260,0.3447911,743,196,148,72,88,-16
4/22/2020,MIAMI-DADE,9455,3410,0.3606557,722,194,139,71,121,-50
4/23/2020,MIAMI-DADE,9455,3378,0.3572713,706,186,129,91,62,29
4/23/2020,MIAMI-DADE,9455,3541,0.3745108,728,192,139,82,65,17
4/24/2020,MIAMI-DADE,9455,3193,0.3377049,694,173,125,86,66,20
4/25/2020,MIAMI-DADE,9455,3383,0.3578001,699,182,133,85,50,35
4/25/2020,MIAMI-DADE,9455,3288,0.3477525,705,178,133,84,51,33
4/26/2020,MIAMI-DADE,9455,3231,0.341724,752,176,115,95,34,61
4/26/2020,MIAMI-DADE,9455,3250,0.3437335,747,177,116,79,32,47
4/27/2020,MIAMI-DADE,9455,3266,0.3454257,728,163,114,52,23,29
4/27/2020,MIAMI-DADE,9455,3278,0.3466949,725,162,115,50,26,24
4/28/2020,MIAMI-DADE,9455,3045,0.3220518,763,204,128,53,43,10
4/28/2020,MIAMI-DADE,9455,2996,0.3168694,776,203,127,71,52,19
4/29/2020,MIAMI-DADE,9455,2927,0.3095717,746,204,119,74,48,26
4/29/2020,MIAMI-DADE,9455,2916,0.3084082,747,196,120,75,44,31
4/30/2020,MIAMI-DADE,9455,3006,0.317927,735,167,108,64,61,3
4/30/2020,MIAMI-DADE,9455,3001,0.3173982,735,168,108,58,63,-5
5/1/2020,MIAMI-DADE,9455,3266,0.3454257,733,177,110,69,76,-7
5/1/2020,MIAMI-DADE,9455,3274,0.3462718,724,171,110,79,77,2
5/2/2020,MIAMI-DADE,9455,3230,0.3416182,715,168,107,86,72,14
5/3/2020,MIAMI-DADE,9455,3344,0.3536753,707,181,103,68,134,-66
5/3/2020,MIAMI-DADE,9455,3335,0.3527234,697,179,102,56,132,-76
5/4/2020,MIAMI-DADE,9455,3114,0.3293496,702,170,105,46,29,17
5/4/2020,MIAMI-DADE,9455,3118,0.3297726,692,167,103,47,33,14
5/5/2020,MIAMI-DADE,9455,2950,0.3120042,674,157,84,68,76,-8
5/5/2020,MIAMI-DADE,9455,2954,0.3124273,677,156,84,67,74,-7
5/6/2020,MIAMI-DADE,9455,2926,0.3094659,660,142,80,80,68,12
5/6/2020,MIAMI-DADE,9455,2930,0.3098889,658,142,80,84,72,12
5/7/2020,MIAMI-DADE,9455,2867,0.3032258,661,137,75,71,65,6
5/7/2020,MIAMI-DADE,9455,2870,0.3035431,658,136,75,71,65,6
5/8/2020,MIAMI-DADE,9455,3023,0.319725,643,130,78,68,64,4
5/9/2020,MIAMI-DADE,9526,3056,0.3208062,817,128,79,67,185,-118
5/9/2020,MIAMI-DADE,9526,3049,0.3200714,649,129,79,71,180,-109
5/10/2020,MIAMI-DADE,9526,3017,0.3167122,662,133,77,81,35,46
5/10/2020,MIAMI-DADE,9526,3073,0.3225908,667,127,77,64,31,33
5/11/2020,MIAMI-DADE,9526,3214,0.3373924,695,121,74,58,23,35
5/11/2020,MIAMI-DADE,9526,3214,0.3373924,695,121,74,58,23,35
5/12/2020,MIAMI-DADE,9526,2889,0.3032752,698,123,82,74,49,25
5/12/2020,MIAMI-DADE,9526,2874,0.3017006,634,111,73,76,50,26
5/13/2020,MIAMI-DADE,9526,2862,0.3004409,679,112,68,50,59,-9
5/13/2020,MIAMI-DADE,9526,2764,0.2901533,716,119,66,54,55,-1
5/14/2020,MIAMI-DADE,9526,2696,0.2830149,694,118,62,54,74,-20
5/14/2020,MIAMI-DADE,9526,2685,0.2818602,694,117,61,47,76,-29
5/15/2020,MIAMI-DADE,9526,2663,0.2795507,697,110,59,67,76,-9
5/15/2020,MIAMI-DADE,9526,2662,0.2794457,697,111,59,60,64,-4
5/16/2020,MIAMI-DADE,9526,2759,0.2896284,714,119,61,62,81,-19
5/16/2020,MIAMI-DADE,9526,2760,0.2897334,747,125,62,74,83,-9
5/18/2020,MIAMI-DADE,9526,2638,0.2769263,778,128,82,23,14,9
5/19/2020,MIAMI-DADE,9526,2560,0.2687382,742,122,50,52,44,8
5/23/2020,MIAMI-DADE,9526,2592,0.2720974,772,114,59,70,68,2
5/26/2020,MIAMI-DADE,9526,2800,0.2939324,792,106,67,67,110,-43
5/27/2020,MIAMI-DADE,9526,2589,0.2717825,768,106,61,42,46,-4
5/28/2020,MIAMI-DADE,9526,2391,0.2509973,740,103,56,59,98,-39
5/29/2020,MIAMI-DADE,9526,2464,0.2586605,729,92,55,48,74,-26
5/31/2020,MIAMI-DADE,9526,2640,0.2771363,716,96,53,71,49,22
6/1/2020,MIAMI-DADE,9526,2526,0.265169,663,95,75,39,45,-6
6/2/2020,MIAMI-DADE,9526,2464,0.2586605,714,96,54,61,59,2
6/3/2020,MIAMI-DADE,9526,2339,0.2455385,699,98,56,58,109,-51
6/4/2020,MIAMI-DADE,9526,2444,0.256561,643,98,110,60,81,-21
6/5/2020,MIAMI-DADE,9526,2478,0.2601302,717,114,56,82,86,-4
6/8/2020,MIAMI-DADE,9526,2504,0.2628595,723,108,60,56,22,34
6/10/2020,MIAMI-DADE,9526,2199,0.2308419,724,93,58,60,54,6
6/11/2020,MIAMI-DADE,9526,2160,0.2267478,691,98,58,65,67,-2
6/12/2020,MIAMI-DADE,9526,2192,0.2301071,686,99,59,54,70,-16
6/12/2020,MIAMI-DADE,9526,2291,0.2404997,681,103,59,58,69,-11
6/15/2020,MIAMI-DADE,9526,2383,0.2501575,738,126,66,95,45,50
6/16/2020,MIAMI-DADE,9526,2250,0.2361957,754,135,64,99,76,23
6/17/2020,MIAMI-DADE,9526,2161,0.2268528,761,131,67,101,87,14
6/18/2020,MIAMI-DADE,9526,2036,0.2137308,761,138,64,101,249,-148
6/19/2020,MIAMI-DADE,9526,2096,0.2200294,758,131,71,115,150,-35
6/20/2020,MIAMI-DADE,9526,2087,0.2190846,794,131,74,103,92,11
6/22/2020,MIAMI-DADE,9526,2066,0.2168801,900,165,77,110,42,68
6/23/2020,MIAMI-DADE,9526,1991,0.2090069,932,163,78,154,94,60
6/24/2020,MIAMI-DADE,9526,1852,0.1944153,981,185,83,164,121,43
6/25/2020,MIAMI-DADE,9526,1830,0.1921058,955,182,87,160,140,20
6/26/2020,MIAMI-DADE,9526,2054,0.2156204,1006,195,88,187,142,45
6/27/2020,MIAMI-DADE,9526,2118,0.2223389,1004,206,91,160,136,24
6/27/2020,MIAMI-DADE,9526,2127,0.2232836,1004,206,90,162,130,32
6/28/2020,MIAMI-DADE,9526,2166,0.2273777,1100,223,90,182,109,73
6/29/2020,MIAMI-DADE,9526,1987,0.208587,1152,234,92,160,110,50
6/30/2020,MIAMI-DADE,9526,1863,0.19557,1219,282,105,174,120,54
7/1/2020,MIAMI-DADE,9526,1819,0.1909511,1295,265,119,211,209,2
7/2/2020,MIAMI-DADE,9526,1735,0.1821331,1381,283,140,251,170,81
7/3/2020,MIAMI-DADE,9526,1979,0.2077472,1394,295,148,218,199,19
7/5/2020,MIAMI-DADE,9526,2002,0.2101617,1539,332,166,204,138,66
7/6/2020,MIAMI-DADE,9526,1906,0.200084,1641,333,171,221,134,87
7/8/2020,MIAMI-DADE,9526,1906,0.200084,1689,353,180,239,272,-33
7/9/2020,MIAMI-DADE,9526,1851,0.1943103,1755,365,189,214,228,-14
7/10/2020,MIAMI-DADE,9526,1798,0.1887466,1770,370,196,238,251,-13
7/12/2020,MIAMI-DADE,9526,1798,0.1887466,1887,394,205,260,209,51
7/13/2020,MIAMI-DADE,9526,1707,0.1791938,2025,414,212,269,172,97
7/14/2020,MIAMI-DADE,9551,1631,0.1707675,1968,428,204,267,254,13
7/15/2020,MIAMI-DADE,9551,1597,0.1672076,1999,429,220,281,301,-20
7/16/2020,MIAMI-DADE,9551,1586,0.1660559,2016,460,241,274,272,2
7/17/2020,MIAMI-DADE,9551,1644,0.1721286,2069,453,245,252,240,12
7/19/2020,MIAMI-DADE,9590,1847,0.1925965,2225,504,282,247,185,62
7/21/2020,MIAMI-DADE,9590,1521,0.1586027,2299,527,312,280,259,21
7/22/2020,MIAMI-DADE,9590,1572,0.1639208,2262,518,312,249,300,-51
7/23/2020,MIAMI-DADE,9590,1585,0.1652763,2256,523,312,261,256,5
7/24/2020,MIAMI-DADE,9590,1589,0.1656934,2286,536,335,242,248,-6
7/25/2020,MIAMI-DADE,9590,1616,0.1685089,2154,557,329,217,244,-27
7/26/2020,MIAMI-DADE,9590,1723,0.1796663,2150,561,332,188,222,-34
7/27/2020,MIAMI-DADE,9590,1658,0.1728884,2255,562,329,229,181,48
7/28/2020,MIAMI-DADE,9590,1515,0.1579771,2209,571,343,217,244,-27
7/29/2020,MIAMI-DADE,9590,1537,0.1602711,2103,550,329,221,285,-64
7/30/2020,MIAMI-DADE,9590,1580,0.164755,2083,547,321,220,275,-55
8/1/2020,MIAMI-DADE,9590,1721,0.1794578,1963,539,326,195,229,-34
8/2/2020,MIAMI-DADE,9590,1775,0.1850886,1937,519,319,145,179,-34
8/3/2020,MIAMI-DADE,9590,1823,0.1900938,1951,509,318,158,130,28
8/4/2020,MIAMI-DADE,9590,1664,0.1735141,1949,512,326,203,176,27
8/6/2020,MIAMI-DADE,9590,1581,0.1648592,1850,498,349,172,202,-30
8/7/2020,MIAMI-DADE,9590,1670,0.1741397,1833,477,336,194,187,7
8/8/2020,MIAMI-DADE,9590,1815,0.1892596,1777,477,334,161,299,-138
8/9/2020,MIAMI-DADE,9590,1891,0.1971846,1712,457,319,121,159,-38
8/10/2020,MIAMI-DADE,9590,1910,0.1991658,1703,443,307,118,129,-11
8/11/2020,MIAMI-DADE,9590,1682,0.175391,1650,427,291,167,190,-23
8/12/2020,MIAMI-DADE,9590,1640,0.1710115,1574,421,294,142,204,-62
8/13/2020,MIAMI-DADE,9590,1849,0.192805,1497,394,278,146,173,-27
8/14/2020,MIAMI-DADE,9590,1961,0.2044838,1415,395,269,115,181,-66
8/16/2020,MIAMI-DADE,9590,2162,0.2254432,1334,378,274,108,110,-2
8/17/2020,MIAMI-DADE,9590,2204,0.2298227,1317,371,284,88,72,16
8/18/2020,MIAMI-DADE,9590,2020,0.2106361,1295,355,261,137,137,0
8/19/2020,MIAMI-DADE,9590,1953,0.2036496,1232,346,271,131,158,-27
8/20/2020,MIAMI-DADE,9590,1915,0.1996872,1162,322,246,109,156,-47
8/21/2020,MIAMI-DADE,9590,1991,0.2076121,1138,290,238,124,137,-13
8/22/2020,MIAMI-DADE,9590,2157,0.2249218,1056,282,224,103,140,-37
8/23/2020,MIAMI-DADE,9590,2221,0.2315954,1047,278,221,65,93,-28
8/24/2020,MIAMI-DADE,9590,2064,0.2152242,1068,269,210,88,75,13
8/25/2020,MIAMI-DADE,9590,2048,0.2135558,996,266,209,89,109,-20
8/26/2020,MIAMI-DADE,9590,2055,0.2142857,966,253,206,86,110,-24
8/27/2020,MIAMI-DADE,9590,2235,0.2330553,934,240,194,103,113,-10
8/28/2020,MIAMI-DADE,9590,2268,0.2364964,891,227,188,76,114,-38
8/29/2020,MIAMI-DADE,9590,2417,0.2520334,841,214,175,80,106,-26
8/30/2020,MIAMI-DADE,9590,2521,0.262878,832,213,169,57,87,-30
8/31/2020,MIAMI-DADE,9590,2544,0.2652763,830,213,169,65,56,9
9/1/2020,MIAMI-DADE,9590,2337,0.2436913,803,210,166,80,93,-13
9/2/2020,MIAMI-DADE,9590,2318,0.2417101,762,200,169,85,117,-32
9/3/2020,MIAMI-DADE,9590,2263,0.235975,767,213,163,74,74,0
9/4/2020,MIAMI-DADE,9590,2261,0.2357664,750,212,157,92,76,16
9/5/2020,MIAMI-DADE,9590,2457,0.2562044,707,198,149,74,102,-28
9/6/2020,MIAMI-DADE,9590,2567,0.2676747,670,188,147,43,68,-25
9/7/2020,MIAMI-DADE,9590,2562,0.2671533,657,182,144,45,64,-19
9/8/2020,MIAMI-DADE,9590,2565,0.2674661,660,182,134,61,62,-1
9/9/2020,MIAMI-DADE,9590,2384,0.2485923,650,173,145,63,85,-22
9/11/2020,MIAMI-DADE,9590,2297,0.2395203,590,173,136,50,113,-63
9/12/2020,MIAMI-DADE,9590,2442,0.2546403,568,169,134,53,70,-17
9/13/2020,MIAMI-DADE,9590,2557,0.2666319,533,169,131,34,59,-25
9/15/2020,MIAMI-DADE,9590,2498,0.2604797,514,164,129,39,64,-25
9/16/2020,MIAMI-DADE,9590,2399,0.2501564,508,155,122,51,64,-13
9/17/2020,MIAMI-DADE,9590,2333,0.2432742,497,151,121,50,64,-14
9/18/2020,MIAMI-DADE,9590,2346,0.2446298,457,145,112,40,60,-20
9/19/2020,MIAMI-DADE,9590,2579,0.268926,416,138,105,42,64,-22
9/20/2020,MIAMI-DADE,9590,2735,0.2851929,410,132,106,37,40,-3
9/21/2020,MIAMI-DADE,9590,2660,0.2773723,410,128,107,25,29,-4
9/22/2020,MIAMI-DADE,9590,2466,0.2571429,418,125,97,34,55,-21
9/23/2020,MIAMI-DADE,9590,2459,0.2564129,413,126,93,22,52,-30
9/24/2020,MIAMI-DADE,9590,2436,0.2540146,381,114,85,35,60,-25
9/25/2020,MIAMI-DADE,9590,2418,0.2521376,369,116,81,32,51,-19
9/25/2020,MIAMI-DADE,9590,3415,0.3561001,365,121,78,38,54,-16
9/27/2020,MIAMI-DADE,9590,2541,0.2649635,363,119,74,57,40,17
9/29/2020,MIAMI-DADE,9590,2490,0.2596455,364,114,70,46,37,9
10/2/2020,MIAMI-DADE,9590,2316,0.2415016,373,116,67,34,33,1
10/5/2020,MIAMI-DADE,9590,2616,0.2727842,357,99,64,21,27,-6
10/6/2020,MIAMI-DADE,9590,2415,0.2518248,366,103,61,42,37,5
10/8/2020,MIAMI-DADE,9590,2173,0.2265902,357,97,64,46,46,0
10/9/2020,MIAMI-DADE,9590,2330,0.2429614,353,95,68,31,42,-11
10/10/2020,MIAMI-DADE,9590,2296,0.2394161,355,95,64,35,42,-7
10/12/2020,MIAMI-DADE,9590,2471,0.2576642,361,100,65,38,26,12
10/14/2020,MIAMI-DADE,9590,2399,0.2501564,353,98,62,25,53,-28
10/16/2020,MIAMI-DADE,9590,2301,0.2399374,357,92,56,42,51,-9
10/17/2020,MIAMI-DADE,9590,2478,0.2583942,352,92,57,40,51,-11
10/18/2020,MIAMI-DADE,9590,2703,0.2818561,338,95,56,32,48,-16
10/19/2020,MIAMI-DADE,9590,2560,0.2669447,345,98,56,36,34,2
10/20/2020,MIAMI-DADE,9590,2431,0.2534932,337,95,55,42,41,1
10/22/2020,MIAMI-DADE,9590,2368,0.2469239,376,96,55,34,48,-14
10/23/2020,MIAMI-DADE,9590,2415,0.2518248,370,99,59,39,38,1
10/24/2020,MIAMI-DADE,9590,2599,0.2710115,386,98,60,49,38,11
10/25/2020,MIAMI-DADE,9590,2631,0.2743483,389,96,58,39,37,2
10/26/2020,MIAMI-DADE,9590,2554,0.2663191,407,95,60,39,27,12
10/27/2020,MIAMI-DADE,9590,2396,0.2498436,424,103,64,52,40,12
10/28/2020,MIAMI-DADE,9590,2328,0.2427529,422,99,58,34,53,-19
10/29/2020,MIAMI-DADE,9590,2328,0.2427529,436,105,63,50,50,0
10/30/2020,MIAMI-DADE,9590,2357,0.2457769,412,107,63,47,NA,NA
10/31/2020,MIAMI-DADE,9590,2535,0.2643379,405,100,56,36,NA,NA
11/1/2020,MIAMI-DADE,9590,2686,0.2800834,393,79,58,51,NA,NA
11/2/2020,MIAMI-DADE,9590,2632,0.2744526,430,99,60,33,NA,NA
11/4/2020,MIAMI-DADE,9590,2424,0.2527633,434,104,58,42,55,-13
11/5/2020,MIAMI-DADE,9590,2402,0.2504692,435,103,64,57,57,0
11/6/2020,MIAMI-DADE,9590,2448,0.2552659,420,103,65,50,70,-20
11/7/2020,MIAMI-DADE,9590,2485,0.2591241,417,103,64,65,60,5
11/8/2020,MIAMI-DADE,9590,2635,0.2747654,424,104,57,50,40,10
11/9/2020,MIAMI-DADE,9590,2588,0.2698644,468,113,64,41,27,14
11/10/2020,MIAMI-DADE,9590,2414,0.2517205,473,105,65,56,61,-5
11/11/2020,MIAMI-DADE,9590,2301,0.2399374,492,111,69,55,59,-4
11/12/2020,MIAMI-DADE,9590,2225,0.2320125,520,108,66,60,40,20
11/13/2020,MIAMI-DADE,9590,2204,0.2298227,519,108,61,53,67,-14
11/14/2020,MIAMI-DADE,9590,3414,0.3559958,524,122,70,56,73,-17
11/15/2020,MIAMI-DADE,9590,2554,0.2663191,519,119,69,58,53,5
11/17/2020,MIAMI-DADE,9590,2260,0.2356621,555,117,69,60,60,0
11/18/2020,MIAMI-DADE,9590,2159,0.2251303,556,117,64,64,80,-16
11/19/2020,MIAMI-DADE,9590,2148,0.2239833,555,134,71,69,87,-18
11/20/2020,MIAMI-DADE,9590,2171,0.2263816,570,131,72,73,72,1
11/21/2020,MIAMI-DADE,9590,2290,0.2387904,565,128,66,71,71,0
11/22/2020,MIAMI-DADE,9590,2426,0.2529718,593,131,76,67,41,26
11/23/2020,MIAMI-DADE,9590,2355,0.2455683,608,136,81,66,51,15
11/24/2020,MIAMI-DADE,9590,2222,0.2316997,632,150,83,82,76,6
11/25/2020,MIAMI-DADE,9590,2282,0.2379562,639,151,93,68,80,-12
11/26/2020,MIAMI-DADE,9590,2529,0.2637122,641,149,89,84,77,7
11/27/2020,MIAMI-DADE,9590,2628,0.2740355,658,148,90,82,73,9
11/28/2020,MIAMI-DADE,9590,2688,0.280292,662,144,90,87,80,7
11/29/2020,MIAMI-DADE,9590,2622,0.2734098,709,148,87,89,73,16
11/30/2020,MIAMI-DADE,9590,2448,0.2552659,740,152,91,68,61,7
12/1/2020,MIAMI-DADE,9590,2256,0.235245,768,162,91,97,83,14
12/2/2020,MIAMI-DADE,9590,2078,0.216684,793,158,90,95,81,14
12/3/2020,MIAMI-DADE,9590,2024,0.2110532,891,206,93,107,99,8
12/4/2020,MIAMI-DADE,9590,2037,0.2124088,850,165,92,101,94,7
12/5/2020,MIAMI-DADE,9590,2194,0.22878,870,175,101,107,103,4
12/6/2020,MIAMI-DADE,9590,2269,0.2366006,883,178,99,109,83,26
12/7/2020,MIAMI-DADE,9590,2136,0.222732,921,190,107,124,80,44
12/8/2020,MIAMI-DADE,9590,1896,0.1977059,894,187,106,131,127,4
12/9/2020,MIAMI-DADE,9590,2056,0.21439,879,189,110,116,122,-6
12/10/2020,MIAMI-DADE,9590,1988,0.2072993,865,187,110,109,106,3
12/11/2020,MIAMI-DADE,9590,2012,0.2098019,888,183,114,121,95,26
12/12/2020,MIAMI-DADE,9590,2207,0.2301356,865,180,114,105,113,-8
12/13/2020,MIAMI-DADE,9590,2177,0.2270073,909,181,121,124,82,42
12/14/2020,MIAMI-DADE,9590,1963,0.2046924,963,195,125,132,62,70
12/15/2020,MIAMI-DADE,9590,1797,0.1873827,1030,211,136,179,113,66
12/16/2020,MIAMI-DADE,9590,1712,0.1785193,995,220,135,141,113,28
12/18/2020,MIAMI-DADE,9590,1716,0.1789364,1036,220,128,142,116,26
12/19/2020,MIAMI-DADE,9590,1844,0.1922836,1050,222,131,145,101,44
12/20/2020,MIAMI-DADE,9590,2109,0.2199166,1038,223,141,123,104,19
12/21/2020,MIAMI-DADE,9590,2025,0.2111575,1080,223,137,124,90,34
12/22/2020,MIAMI-DADE,9590,1982,0.2066736,1082,224,139,142,115,27
12/23/2020,MIAMI-DADE,9590,2095,0.2184567,1070,218,148,144,140,4
12/24/2020,MIAMI-DADE,9590,2241,0.2336809,1062,206,141,157,133,24
12/25/2020,MIAMI-DADE,9590,2617,0.2728884,1029,193,127,120,143,-23
12/26/2020,MIAMI-DADE,9590,2581,0.2691345,1051,194,130,123,89,34
12/27/2020,MIAMI-DADE,9590,2585,0.2695516,1071,191,134,132,87,45
12/28/2020,MIAMI-DADE,9590,2316,0.2415016,1094,211,138,116,92,24
12/29/2020,MIAMI-DADE,9590,2086,0.2175182,1080,216,138,122,121,1
12/30/2020,MIAMI-DADE,9590,2068,0.2156413,1090,212,133,157,135,22
12/31/2020,MIAMI-DADE,9590,2246,0.2342023,1105,206,138,155,138,17
1/1/2021,MIAMI-DADE,9590,2527,0.2635036,1085,215,142,143,149,-6
1/2/2021,MIAMI-DADE,9590,2596,0.2706986,1117,208,137,139,94,45
1/3/2021,MIAMI-DADE,9590,2388,0.2490094,1166,216,141,130,97,33
1/4/2021,MIAMI-DADE,9590,2184,0.2277372,1167,221,148,108,87,21
1/5/2021,MIAMI-DADE,9590,1987,0.207195,1195,221,147,148,121,27
1/6/2021,MIAMI-DADE,9590,1880,0.1960375,1194,217,146,161,146,15
1/7/2021,MIAMI-DADE,9590,1852,0.1931178,1140,219,143,141,162,-21
1/8/2021,MIAMI-DADE,9590,1826,0.1904067,1173,221,143,192,145,47
1/9/2021,MIAMI-DADE,9590,1985,0.2069864,1180,219,135,155,163,-8
1/10/2021,MIAMI-DADE,9590,2048,0.2135558,1195,220,142,133,100,33
1/11/2021,MIAMI-DADE,9590,1987,0.207195,1241,224,150,153,88,65
1/14/2021,MIAMI-DADE,9590,1828,0.1906152,1196,244,171,147,133,14
1/19/2021,MIAMI-DADE,9590,1974,0.2058394,1207,249,157,131,123,8
1/20/2021,MIAMI-DADE,9590,1863,0.1942649,1050,236,149,159,191,-32
1/21/2021,MIAMI-DADE,9590,1790,0.1866528,1133,226,141,150,171,-21
1/22/2021,MIAMI-DADE,9590,1766,0.1841502,1111,229,142,159,148,11
1/23/2021,MIAMI-DADE,9590,1929,0.201147,1076,235,147,130,153,-23
1/24/2021,MIAMI-DADE,9650,2115,0.219171,1058,230,149,123,127,-4
1/25/2021,MIAMI-DADE,9650,2006,0.2078756,1100,244,152,137,107,30
1/26/2021,MIAMI-DADE,9650,1939,0.2009326,1102,244,150,143,131,12
1/28/2021,MIAMI-DADE,9650,1971,0.2042487,1090,253,166,142,130,12
1/29/2021,MIAMI-DADE,9586,1884,0.1965366,1067,254,168,119,141,-22
1/30/2021,MIAMI-DADE,9586,2042,0.213019,1007,239,164,127,162,-35
1/31/2021,MIAMI-DADE,9586,2165,0.2258502,967,209,161,100,104,-4
2/2/2021,MIAMI-DADE,9586,2086,0.217609,1043,228,147,143,128,15
2/3/2021,MIAMI-DADE,9586,1988,0.2073858,999,209,137,141,133,8
2/4/2021,MIAMI-DADE,9586,2060,0.2148967,985,202,132,113,115,-2
2/5/2021,MIAMI-DADE,9586,2092,0.2182349,947,198,138,118,149,-31
2/6/2021,MIAMI-DADE,9586,2069,0.2158356,928,203,133,159,145,14
2/7/2021,MIAMI-DADE,9586,2124,0.2215731,949,212,132,134,95,39
2/8/2021,MIAMI-DADE,9586,2075,0.2164615,953,205,129,106,83,23
2/9/2021,MIAMI-DADE,9586,1820,0.1898602,971,209,126,137,102,35
2/10/2021,MIAMI-DADE,9586,1785,0.1862091,937,192,131,116,125,-9
2/11/2021,MIAMI-DADE,9586,1847,0.1926768,938,216,136,128,113,15
2/12/2021,MIAMI-DADE,9586,1959,0.2043605,898,214,141,117,128,-11
2/13/2021,MIAMI-DADE,9586,2140,0.2232422,854,210,137,97,127,-30
2/14/2021,MIAMI-DADE,9586,2255,0.2352389,855,186,176,79,89,-10
2/15/2021,MIAMI-DADE,9586,2199,0.229397,846,182,124,78,63,15
2/16/2021,MIAMI-DADE,9586,2085,0.2175047,852,182,124,97,83,14
2/17/2021,MIAMI-DADE,9586,1948,0.203213,803,168,115,109,133,-24
2/18/2021,MIAMI-DADE,9586,1945,0.2029001,777,164,114,104,109,-5
2/19/2021,MIAMI-DADE,9586,1908,0.1990403,791,159,114,146,118,28
2/20/2021,MIAMI-DADE,9586,2047,0.2135406,772,165,120,110,111,-1
2/21/2021,MIAMI-DADE,9586,2171,0.2264761,793,172,121,116,68,48
2/22/2021,MIAMI-DADE,9586,2090,0.2180263,810,179,122,103,81,22
2/23/2021,MIAMI-DADE,9586,2007,0.2093678,808,187,130,111,95,16
2/24/2021,MIAMI-DADE,9634,1981,0.2056259,743,186,133,94,129,-35
2/25/2021,MIAMI-DADE,9634,1993,0.2068715,708,182,124,78,108,-30
2/26/2021,MIAMI-DADE,9634,2139,0.2220262,671,186,125,78,110,-32
2/27/2021,MIAMI-DADE,9634,2318,0.2406062,654,178,129,96,106,-10
2/28/2021,MIAMI-DADE,9634,2585,0.2683205,674,179,126,74,78,-4
3/1/2021,MIAMI-DADE,9634,2286,0.2372846,687,174,121,81,62,19
3/2/2021,MIAMI-DADE,9634,2161,0.2243097,660,171,120,89,97,-8
3/3/2021,MIAMI-DADE,9634,2134,0.2215072,635,178,119,91,100,-9
3/4/2021,MIAMI-DADE,9634,2105,0.218497,651,179,122,80,77,3
3/5/2021,MIAMI-DADE,9634,2252,0.2337554,637,185,125,87,98,-11
3/6/2021,MIAMI-DADE,9634,2336,0.2424746,628,179,136,92,95,-3
3/7/2021,MIAMI-DADE,9634,2365,0.2454847,632,174,131,86,67,19
3/8/2021,MIAMI-DADE,9634,2252,0.2337554,654,176,132,83,51,32
3/10/2021,MIAMI-DADE,9634,2029,0.2106083,651,173,127,89,80,9
3/11/2021,MIAMI-DADE,9634,2137,0.2218186,627,163,125,85,85,0
3/12/2021,MIAMI-DADE,9634,2008,0.2084285,646,171,122,90,99,-9
3/13/2021,MIAMI-DADE,9688,2166,0.2235756,651,166,115,88,77,11
3/14/2021,MIAMI-DADE,9688,2263,0.2335879,668,179,118,70,61,9
3/15/2021,MIAMI-DADE,9688,2197,0.2267754,688,178,118,83,57,26
3/16/2021,MIAMI-DADE,9688,1946,0.2008671,680,172,113,98,87,11
3/17/2021,MIAMI-DADE,9688,1958,0.2021057,689,173,112,103,111,-8
3/18/2021,MIAMI-DADE,9688,2266,0.2338976,651,157,106,99,112,-13
3/19/2021,MIAMI-DADE,9688,1901,0.1962221,646,155,111,85,97,-12
3/20/2021,MIAMI-DADE,9688,2008,0.2072667,619,156,94,88,103,-15
3/21/2021,MIAMI-DADE,9688,2185,0.2255367,631,140,94,90,87,3
3/22/2021,MIAMI-DADE,9688,2181,0.2251239,623,143,97,74,70,4
3/23/2021,MIAMI-DADE,9688,2059,0.212531,612,132,91,87,94,-7
3/24/2021,MIAMI-DADE,9688,1989,0.2053055,598,135,84,81,114,-33
3/25/2021,MIAMI-DADE,9688,2059,0.212531,587,122,79,83,95,-12
3/26/2021,MIAMI-DADE,9688,2065,0.2131503,583,126,85,78,97,-19
3/27/2021,MIAMI-DADE,9688,2287,0.2360652,572,127,85,80,101,-21
3/28/2021,MIAMI-DADE,9688,2384,0.2460776,593,129,80,78,64,14
3/29/2021,MIAMI-DADE,9688,2252,0.2324525,602,131,81,73,62,11
3/30/2021,MIAMI-DADE,9688,2033,0.2098472,603,137,87,102,101,1
3/31/2021,MIAMI-DADE,9672,2018,0.2086435,579,135,88,76,94,-18
4/1/2021,MIAMI-DADE,9672,2089,0.2159843,544,122,83,68,87,-19
4/2/2021,MIAMI-DADE,9672,2233,0.2308726,548,126,78,73,97,-24
4/3/2021,MIAMI-DADE,9672,2464,0.254756,537,122,67,88,90,-2
4/4/2021,MIAMI-DADE,9672,2554,0.2640612,531,117,77,62,67,-5
4/5/2021,MIAMI-DADE,9672,2369,0.2449338,542,115,74,70,54,16
4/6/2021,MIAMI-DADE,9680,2111,0.2180785,548,122,79,74,66,8
4/7/2021,MIAMI-DADE,9680,2114,0.2183884,583,126,85,94,67,27
4/8/2021,MIAMI-DADE,9680,1982,0.2047521,600,125,77,106,72,34
4/9/2021,MIAMI-DADE,9680,2063,0.2131198,606,131,77,99,88,11
4/10/2021,MIAMI-DADE,9680,2205,0.2277893,601,122,74,100,98,2
4/11/2021,MIAMI-DADE,9680,2283,0.2358471,633,127,78,78,65,13
4/12/2021,MIAMI-DADE,9680,2148,0.2219008,639,131,82,79,78,1
4/13/2021,MIAMI-DADE,9680,1872,0.1933884,666,139,85,111,73,38
4/14/2021,MIAMI-DADE,9680,1834,0.1894628,671,146,88,106,91,15
4/15/2021,MIAMI-DADE,9680,1842,0.1902893,669,145,87,96,89,7
4/16/2021,MIAMI-DADE,9680,1851,0.191219,652,143,85,86,101,-15
4/17/2021,MIAMI-DADE,9680,1928,0.1991736,642,139,88,85,101,-16
4/18/2021,MIAMI-DADE,9680,2155,0.222624,653,144,91,88,73,15
4/19/2021,MIAMI-DADE,9680,1979,0.2044421,676,144,97,85,74,11
4/20/2021,MIAMI-DADE,9680,1844,0.1904959,699,153,103,112,90,22
4/21/2021,MIAMI-DADE,9680,1794,0.1853306,687,154,96,92,92,0
4/22/2021,MIAMI-DADE,9680,1832,0.1892562,673,145,96,90,102,-12
4/23/2021,MIAMI-DADE,9680,1813,0.1872934,660,146,88,89,98,-9
4/24/2021,MIAMI-DADE,9680,2031,0.209814,636,131,91,85,115,-30
4/25/2021,MIAMI-DADE,9680,2174,0.2245868,626,144,93,68,87,-19
4/26/2021,MIAMI-DADE,9680,2043,0.2110537,622,134,90,85,69,16
4/27/2021,MIAMI-DADE,9680,1929,0.1992769,620,145,89,86,100,-14
4/28/2021,MIAMI-DADE,9680,1837,0.1897727,598,147,90,84,93,-9
4/29/2021,MIAMI-DADE,9680,1797,0.1856405,594,149,89,68,70,-2
4/30/2021,MIAMI-DADE,9680,1830,0.1890496,575,128,77,76,77,-1
5/1/2021,MIAMI-DADE,9680,2048,0.2115702,560,127,80,82,93,-11
5/3/2021,MIAMI-DADE,9680,2006,0.2072314,554,134,72,72,48,24
5/4/2021,MIAMI-DADE,9680,1772,0.1830579,567,122,75,79,66,13
5/5/2021,MIAMI-DADE,9680,1722,0.1778926,541,122,74,61,106,-45
5/6/2021,MIAMI-DADE,9680,1764,0.1822314,525,129,77,63,94,-31
5/7/2021,MIAMI-DADE,9680,1782,0.1840909,516,123,78,62,88,-26
5/8/2021,MIAMI-DADE,9680,1894,0.1956612,474,124,77,61,94,-33
5/9/2021,MIAMI-DADE,9680,2070,0.213843,484,122,76,66,56,10
5/10/2021,MIAMI-DADE,9680,1949,0.201343,502,126,79,56,52,4
5/11/2021,MIAMI-DADE,9680,1730,0.178719,515,136,79,63,58,5
5/12/2021,MIAMI-DADE,9680,1722,0.1778926,528,140,88,76,81,-5
5/13/2021,MIAMI-DADE,9680,1651,0.1705579,513,129,77,69,61,8
5/14/2021,MIAMI-DADE,9680,1709,0.1765496,492,120,76,58,73,-15
5/15/2021,MIAMI-DADE,9680,1839,0.1899793,494,115,73,67,67,0
5/16/2021,MIAMI-DADE,9680,2037,0.2104339,474,107,72,52,59,-7
5/17/2021,MIAMI-DADE,9680,1954,0.2018595,518,131,72,63,38,25
5/18/2021,MIAMI-DADE,9670,1855,0.1918304,503,112,68,51,59,-8
5/19/2021,MIAMI-DADE,9670,1753,0.1812823,487,110,68,55,51,4
5/20/2021,MIAMI-DADE,9670,1698,0.1755946,464,109,67,58,71,-13
5/21/2021,MIAMI-DADE,9670,1759,0.1819028,448,104,62,53,64,-11
5/22/2021,MIAMI-DADE,9670,2011,0.2079628,443,103,61,52,66,-14
