"Date du décès","RI et Autre","Domicile et Inconnu","RPA","CHSLD et CH"
"2020-03-17 00:00:00",0,0,0,0
"2020-03-18 00:00:00",0,0,0,1
"2020-03-19 00:00:00",0,0,0,0
"2020-03-20 00:00:00",0,0,0,0
"2020-03-21 00:00:00",0,0,0,0
"2020-03-22 00:00:00",0,0,0,0
"2020-03-23 00:00:00",0,1,0,1
"2020-03-24 00:00:00",0,0,0,1
"2020-03-25 00:00:00",0,0,0,3
"2020-03-26 00:00:00",0,3,1,2
"2020-03-27 00:00:00",0,0,0,0
"2020-03-28 00:00:00",0,0,1,5
"2020-03-29 00:00:00",0,0,1,6
"2020-03-30 00:00:00",0,3,1,8
"2020-03-31 00:00:00",2,1,0,9
"2020-04-01 00:00:00",0,1,1,12
"2020-04-02 00:00:00",1,2,2,15
"2020-04-03 00:00:00",0,1,2,19
"2020-04-04 00:00:00",1,3,3,21
"2020-04-05 00:00:00",1,0,4,26
"2020-04-06 00:00:00",2,4,0,26
"2020-04-07 00:00:00",1,2,3,35
"2020-04-08 00:00:00",0,5,2,32
"2020-04-09 00:00:00",1,4,4,32
"2020-04-10 00:00:00",2,2,6,35
"2020-04-11 00:00:00",3,1,4,36
"2020-04-12 00:00:00",2,4,3,42
"2020-04-13 00:00:00",3,8,9,38
"2020-04-14 00:00:00",2,5,10,40
"2020-04-15 00:00:00",0,6,9,46
"2020-04-16 00:00:00",0,2,7,51
"2020-04-17 00:00:00",3,9,4,48
"2020-04-18 00:00:00",1,3,6,46
"2020-04-19 00:00:00",1,6,10,79
"2020-04-20 00:00:00",2,0,7,66
"2020-04-21 00:00:00",1,3,8,69
"2020-04-22 00:00:00",1,3,6,63
"2020-04-23 00:00:00",7,6,8,57
"2020-04-24 00:00:00",1,5,8,60
"2020-04-25 00:00:00",0,4,11,66
"2020-04-26 00:00:00",2,5,9,61
"2020-04-27 00:00:00",8,2,6,60
"2020-04-28 00:00:00",3,3,8,72
"2020-04-29 00:00:00",4,10,11,74
"2020-04-30 00:00:00",5,8,8,56
"2020-05-01 00:00:00",3,4,11,67
"2020-05-02 00:00:00",7,5,10,54
"2020-05-03 00:00:00",5,5,8,43
"2020-05-04 00:00:00",0,8,9,54
"2020-05-05 00:00:00",4,5,8,49
"2020-05-06 00:00:00",5,4,7,46
"2020-05-07 00:00:00",5,5,10,36
"2020-05-08 00:00:00",1,3,5,49
"2020-05-09 00:00:00",4,4,13,45
"2020-05-10 00:00:00",5,2,6,54
"2020-05-11 00:00:00",1,5,10,45
"2020-05-12 00:00:00",4,3,11,36
"2020-05-13 00:00:00",2,3,7,29
"2020-05-14 00:00:00",1,5,8,40
"2020-05-15 00:00:00",2,1,3,41
"2020-05-16 00:00:00",4,3,5,32
"2020-05-17 00:00:00",4,6,1,26
"2020-05-18 00:00:00",1,4,5,32
"2020-05-19 00:00:00",0,5,3,18
"2020-05-20 00:00:00",3,4,5,35
"2020-05-21 00:00:00",2,2,8,26
"2020-05-22 00:00:00",2,9,6,31
"2020-05-23 00:00:00",0,1,6,25
"2020-05-24 00:00:00",0,5,5,24
"2020-05-25 00:00:00",0,4,3,22
"2020-05-26 00:00:00",0,5,4,23
"2020-05-27 00:00:00",1,5,7,14
"2020-05-28 00:00:00",0,7,9,24
"2020-05-29 00:00:00",0,4,5,20
"2020-05-30 00:00:00",0,4,5,13
"2020-05-31 00:00:00",0,0,2,11
"2020-06-01 00:00:00",0,0,1,17
"2020-06-02 00:00:00",1,0,2,13
"2020-06-03 00:00:00",2,7,1,9
"2020-06-04 00:00:00",0,0,1,4
"2020-06-05 00:00:00",0,3,0,15
"2020-06-06 00:00:00",0,2,1,8
"2020-06-07 00:00:00",0,1,3,6
"2020-06-08 00:00:00",0,0,2,6
"2020-06-09 00:00:00",2,3,0,5
"2020-06-10 00:00:00",1,1,1,5
"2020-06-11 00:00:00",0,2,1,7
"2020-06-12 00:00:00",0,2,1,4
"2020-06-13 00:00:00",0,1,2,8
"2020-06-14 00:00:00",0,1,1,0
"2020-06-15 00:00:00",0,0,2,4
"2020-06-16 00:00:00",0,0,0,2
"2020-06-17 00:00:00",0,0,2,2
"2020-06-18 00:00:00",0,2,1,1
"2020-06-19 00:00:00",1,0,0,5
"2020-06-20 00:00:00",0,0,0,2
"2020-06-21 00:00:00",0,1,1,2
"2020-06-22 00:00:00",0,0,2,1
"2020-06-23 00:00:00",0,0,0,1
"2020-06-24 00:00:00",0,2,1,3
"2020-06-25 00:00:00",0,0,0,1
"2020-06-26 00:00:00",1,0,0,0
"2020-06-27 00:00:00",0,0,0,2
"2020-06-28 00:00:00",0,1,0,1
"2020-06-29 00:00:00",0,4,1,1
"2020-06-30 00:00:00",0,1,0,0
"2020-07-01 00:00:00",0,1,1,1
"2020-07-02 00:00:00",0,0,1,0
"2020-07-03 00:00:00",0,0,0,0
"2020-07-04 00:00:00",0,0,0,1
"2020-07-05 00:00:00",0,0,1,0
"2020-07-06 00:00:00",0,0,0,0
"2020-07-07 00:00:00",0,0,0,0
"2020-07-08 00:00:00",0,0,0,0
"2020-07-09 00:00:00",0,0,0,1
"2020-07-10 00:00:00",0,1,1,0
"2020-07-11 00:00:00",0,1,0,0
"2020-07-12 00:00:00",0,0,0,0
"2020-07-13 00:00:00",0,0,0,0
"2020-07-14 00:00:00",0,0,0,0
"2020-07-15 00:00:00",0,1,0,0
"2020-07-16 00:00:00",0,1,0,0
"2020-07-17 00:00:00",0,0,0,0
"2020-07-18 00:00:00",0,0,0,0
"2020-07-19 00:00:00",0,0,0,0
"2020-07-20 00:00:00",0,0,0,0
"2020-07-21 00:00:00",0,0,0,0
"2020-07-22 00:00:00",0,0,0,1
"2020-07-23 00:00:00",0,0,0,0
"2020-07-24 00:00:00",0,0,0,0
"2020-07-25 00:00:00",0,1,0,0
"2020-07-26 00:00:00",0,0,0,0
"2020-07-27 00:00:00",0,0,0,0
"2020-07-28 00:00:00",1,0,0,0
"2020-07-29 00:00:00",0,0,0,0
"2020-07-30 00:00:00",0,0,0,0
"2020-07-31 00:00:00",0,0,0,0
"2020-08-01 00:00:00",0,0,0,2
"2020-08-02 00:00:00",0,0,0,0
"2020-08-03 00:00:00",0,0,0,0
"2020-08-04 00:00:00",0,0,0,0
"2020-08-05 00:00:00",0,1,1,0
"2020-08-06 00:00:00",0,0,0,0
"2020-08-07 00:00:00",0,0,0,0
"2020-08-08 00:00:00",0,0,0,0
"2020-08-09 00:00:00",0,0,0,0
"2020-08-10 00:00:00",0,0,0,0
"2020-08-11 00:00:00",0,0,0,0
"2020-08-12 00:00:00",0,0,0,1
"2020-08-13 00:00:00",0,0,0,0
"2020-08-14 00:00:00",0,1,0,0
"2020-08-15 00:00:00",0,1,0,0
"2020-08-16 00:00:00",0,1,1,0
"2020-08-17 00:00:00",0,0,0,0
"2020-08-18 00:00:00",0,0,0,0
"2020-08-19 00:00:00",0,1,0,0
"2020-08-20 00:00:00",0,0,0,0
"2020-08-21 00:00:00",0,0,0,0
"2020-08-22 00:00:00",0,0,0,0
"2020-08-23 00:00:00",0,0,0,0
"2020-08-24 00:00:00",0,0,0,0
"2020-08-25 00:00:00",0,0,0,0
"2020-08-26 00:00:00",0,0,0,0
"2020-08-27 00:00:00",0,0,0,0
"2020-08-28 00:00:00",0,0,0,0
"2020-08-29 00:00:00",0,1,0,0
"2020-08-30 00:00:00",0,0,0,0
"2020-08-31 00:00:00",0,0,0,0
"2020-09-01 00:00:00",0,0,0,0
"2020-09-02 00:00:00",0,0,0,0
"2020-09-03 00:00:00",0,0,0,0
"2020-09-04 00:00:00",0,0,0,0
"2020-09-05 00:00:00",0,0,0,0
"2020-09-06 00:00:00",0,0,0,0
"2020-09-07 00:00:00",0,0,0,0
"2020-09-08 00:00:00",0,0,0,0
"2020-09-09 00:00:00",0,0,0,0
"2020-09-10 00:00:00",0,0,0,0
"2020-09-11 00:00:00",0,0,0,0
"2020-09-12 00:00:00",0,0,0,0
"2020-09-13 00:00:00",0,0,0,0
"2020-09-14 00:00:00",0,0,0,0
"2020-09-15 00:00:00",0,0,0,0
"2020-09-16 00:00:00",0,0,0,0
"2020-09-17 00:00:00",0,0,0,0
"2020-09-18 00:00:00",0,0,0,0
"2020-09-19 00:00:00",0,0,0,0
"2020-09-20 00:00:00",0,0,0,0
"2020-09-21 00:00:00",0,0,0,0
"2020-09-22 00:00:00",0,1,0,0
"2020-09-23 00:00:00",0,1,0,0
"2020-09-24 00:00:00",0,0,0,0
"2020-09-25 00:00:00",0,0,0,0
"2020-09-26 00:00:00",0,0,1,0
"2020-09-27 00:00:00",0,0,0,1
"2020-09-28 00:00:00",0,1,0,0
"2020-09-29 00:00:00",0,0,0,0
"2020-09-30 00:00:00",0,0,2,0
"2020-10-01 00:00:00",0,1,0,0
"2020-10-02 00:00:00",0,0,0,2
"2020-10-03 00:00:00",0,1,0,0
"2020-10-04 00:00:00",0,0,0,0
"2020-10-05 00:00:00",0,0,0,0
"2020-10-06 00:00:00",0,2,0,0
"2020-10-07 00:00:00",0,2,0,0
"2020-10-08 00:00:00",0,0,0,0
"2020-10-09 00:00:00",0,0,0,0
"2020-10-10 00:00:00",0,0,0,0
"2020-10-11 00:00:00",0,0,0,0
"2020-10-12 00:00:00",0,3,1,0
"2020-10-13 00:00:00",0,0,1,1
"2020-10-14 00:00:00",0,4,0,1
"2020-10-15 00:00:00",0,1,0,0
"2020-10-16 00:00:00",0,1,0,2
"2020-10-17 00:00:00",0,0,0,0
"2020-10-18 00:00:00",0,2,0,0
"2020-10-19 00:00:00",0,1,0,1
"2020-10-20 00:00:00",0,0,0,0
"2020-10-21 00:00:00",0,2,0,1
"2020-10-22 00:00:00",0,1,0,0
"2020-10-23 00:00:00",0,0,0,0
"2020-10-24 00:00:00",0,0,0,1
"2020-10-25 00:00:00",0,2,0,0
"2020-10-26 00:00:00",0,4,1,0
"2020-10-27 00:00:00",1,0,0,1
"2020-10-28 00:00:00",0,1,1,0
"2020-10-29 00:00:00",0,1,1,0
"2020-10-30 00:00:00",1,3,0,2
"2020-10-31 00:00:00",0,0,0,3
"2020-11-01 00:00:00",0,0,0,1
"2020-11-02 00:00:00",0,1,0,0
"2020-11-03 00:00:00",1,1,0,0
"2020-11-04 00:00:00",0,0,0,1
"2020-11-05 00:00:00",0,0,1,1
"2020-11-06 00:00:00",0,0,0,2
"2020-11-07 00:00:00",0,3,0,1
"2020-11-08 00:00:00",0,1,0,2
"2020-11-09 00:00:00",0,3,3,0
"2020-11-10 00:00:00",1,0,1,1
"2020-11-11 00:00:00",1,3,0,3
"2020-11-12 00:00:00",0,1,0,1
"2020-11-13 00:00:00",0,2,0,2
"2020-11-14 00:00:00",1,1,3,0
"2020-11-15 00:00:00",0,0,0,2
"2020-11-16 00:00:00",0,1,0,2
"2020-11-17 00:00:00",0,1,0,4
"2020-11-18 00:00:00",0,3,1,0
"2020-11-19 00:00:00",0,0,1,0
"2020-11-20 00:00:00",2,0,1,0
"2020-11-21 00:00:00",0,2,1,0
"2020-11-22 00:00:00",0,0,1,0
"2020-11-23 00:00:00",0,1,1,0
"2020-11-24 00:00:00",0,0,0,3
"2020-11-25 00:00:00",1,3,1,3
"2020-11-26 00:00:00",1,1,0,3
"2020-11-27 00:00:00",1,1,1,2
"2020-11-28 00:00:00",0,1,1,5
"2020-11-29 00:00:00",0,1,1,2
"2020-11-30 00:00:00",0,0,1,3
"2020-12-01 00:00:00",1,1,2,3
"2020-12-02 00:00:00",0,1,0,4
"2020-12-03 00:00:00",0,3,1,5
"2020-12-04 00:00:00",0,4,1,2
"2020-12-05 00:00:00",0,2,0,4
"2020-12-06 00:00:00",0,0,0,2
"2020-12-07 00:00:00",0,1,2,2
"2020-12-08 00:00:00",0,0,0,7
"2020-12-09 00:00:00",0,0,3,7
"2020-12-10 00:00:00",0,3,1,3
"2020-12-11 00:00:00",0,2,4,2
"2020-12-12 00:00:00",1,2,2,3
"2020-12-13 00:00:00",0,4,0,3
"2020-12-14 00:00:00",2,4,2,7
"2020-12-15 00:00:00",0,2,0,1
"2020-12-16 00:00:00",1,4,1,3
"2020-12-17 00:00:00",1,4,4,2
"2020-12-18 00:00:00",1,4,1,4
"2020-12-19 00:00:00",0,5,1,3
"2020-12-20 00:00:00",0,2,4,5
"2020-12-21 00:00:00",1,4,3,5
"2020-12-22 00:00:00",0,3,1,4
"2020-12-23 00:00:00",2,7,3,10
"2020-12-24 00:00:00",1,4,1,4
"2020-12-25 00:00:00",1,2,4,3
"2020-12-26 00:00:00",0,4,5,2
"2020-12-27 00:00:00",0,4,0,6
"2020-12-28 00:00:00",1,5,1,4
"2020-12-29 00:00:00",2,6,4,1
"2020-12-30 00:00:00",0,6,7,1
"2020-12-31 00:00:00",0,5,3,0
"2021-01-01 00:00:00",0,2,4,3
"2021-01-02 00:00:00",0,5,3,3
"2021-01-03 00:00:00",1,4,3,4
"2021-01-04 00:00:00",0,9,3,3
"2021-01-05 00:00:00",0,5,5,3
"2021-01-06 00:00:00",2,6,6,1
"2021-01-07 00:00:00",0,5,2,5
"2021-01-08 00:00:00",1,4,3,2
"2021-01-09 00:00:00",3,4,2,2
"2021-01-10 00:00:00",1,4,1,0
"2021-01-11 00:00:00",1,10,4,2
"2021-01-12 00:00:00",0,6,3,2
"2021-01-13 00:00:00",1,18,5,6
"2021-01-14 00:00:00",1,7,4,12
"2021-01-15 00:00:00",0,7,1,2
"2021-01-16 00:00:00",0,11,5,3
"2021-01-17 00:00:00",3,7,1,1
"2021-01-18 00:00:00",0,7,7,4
"2021-01-19 00:00:00",1,8,4,8
"2021-01-20 00:00:00",1,4,5,5
"2021-01-21 00:00:00",1,6,6,2
"2021-01-22 00:00:00",0,10,6,9
"2021-01-23 00:00:00",1,4,3,6
"2021-01-24 00:00:00",1,5,3,7
"2021-01-25 00:00:00",1,2,2,1
"2021-01-26 00:00:00",0,3,2,2
"2021-01-27 00:00:00",0,0,6,2
"2021-01-28 00:00:00",0,4,4,5
"2021-01-29 00:00:00",1,7,2,3
"2021-01-30 00:00:00",3,4,0,0
"2021-01-31 00:00:00",0,7,1,2
"2021-02-01 00:00:00",0,4,2,2
"2021-02-02 00:00:00",1,3,6,0
"2021-02-03 00:00:00",2,3,2,2
"2021-02-04 00:00:00",1,8,4,0
"2021-02-05 00:00:00",1,4,0,2
"2021-02-06 00:00:00",2,1,3,0
"2021-02-07 00:00:00",1,4,3,1
"2021-02-08 00:00:00",1,3,2,0
"2021-02-09 00:00:00",0,2,5,0
"2021-02-10 00:00:00",1,4,2,2
"2021-02-11 00:00:00",0,4,1,2
"2021-02-12 00:00:00",1,2,3,1
"2021-02-13 00:00:00",0,2,0,3
"2021-02-14 00:00:00",0,1,0,3
"2021-02-15 00:00:00",1,6,1,0
"2021-02-16 00:00:00",0,4,1,1
"2021-02-17 00:00:00",1,1,3,1
"2021-02-18 00:00:00",0,5,1,0
"2021-02-19 00:00:00",0,1,1,0
"2021-02-20 00:00:00",0,4,1,0
"2021-02-21 00:00:00",0,2,1,0
"2021-02-22 00:00:00",0,1,0,0
"2021-02-23 00:00:00",1,5,0,0
"2021-02-24 00:00:00",0,4,1,0
"2021-02-25 00:00:00",0,0,0,0
"2021-02-26 00:00:00",0,5,1,0
"2021-02-27 00:00:00",1,1,0,0
"2021-02-28 00:00:00",0,2,0,1
"2021-03-01 00:00:00",0,3,0,1
"2021-03-02 00:00:00",1,0,3,0
"2021-03-03 00:00:00",0,2,3,0
"2021-03-04 00:00:00",0,3,2,0
"2021-03-05 00:00:00",0,3,2,0
"2021-03-06 00:00:00",0,1,1,1
"2021-03-07 00:00:00",0,2,0,0
"2021-03-08 00:00:00",0,1,1,0
"2021-03-09 00:00:00",0,4,0,0
"2021-03-10 00:00:00",0,0,1,0
"2021-03-11 00:00:00",0,2,0,0
"2021-03-12 00:00:00",0,1,0,0
"2021-03-13 00:00:00",0,4,1,0
"2021-03-14 00:00:00",0,2,1,0
"2021-03-15 00:00:00",0,5,1,0
"2021-03-16 00:00:00",0,3,0,0
"2021-03-17 00:00:00",0,2,0,0
"2021-03-18 00:00:00",0,2,0,0
"2021-03-19 00:00:00",0,0,0,0
"2021-03-20 00:00:00",0,3,1,1
"2021-03-21 00:00:00",0,2,1,0
"2021-03-22 00:00:00",0,2,0,0
"2021-03-23 00:00:00",0,3,0,0
"2021-03-24 00:00:00",0,2,1,1
"2021-03-25 00:00:00",0,3,2,0
"2021-03-26 00:00:00",0,2,0,0
"2021-03-27 00:00:00",0,1,0,0
"2021-03-28 00:00:00",0,1,0,0
"2021-03-29 00:00:00",0,2,0,0
"2021-03-30 00:00:00",0,2,0,0
"2021-03-31 00:00:00",0,2,0,0
"2021-04-01 00:00:00",0,3,0,1
"2021-04-02 00:00:00",0,2,0,0
"2021-04-03 00:00:00",0,1,0,0
"2021-04-04 00:00:00",0,3,0,0
"2021-04-05 00:00:00",0,1,0,0
"2021-04-06 00:00:00",0,1,0,0
"2021-04-07 00:00:00",0,2,0,0
"2021-04-08 00:00:00",0,2,0,0
"2021-04-09 00:00:00",0,2,0,0
"2021-04-10 00:00:00",0,0,0,0
"2021-04-11 00:00:00",0,2,0,0
"2021-04-12 00:00:00",0,0,1,0
"2021-04-13 00:00:00",1,2,0,0
"2021-04-14 00:00:00",0,1,0,0
"2021-04-15 00:00:00",0,2,1,0
"2021-04-16 00:00:00",0,3,0,0
"2021-04-17 00:00:00",0,2,0,0
"2021-04-18 00:00:00",0,3,0,0
"2021-04-19 00:00:00",0,1,0,0
"2021-04-20 00:00:00",0,2,0,0
"2021-04-21 00:00:00",0,0,0,1
"2021-04-22 00:00:00",0,3,0,0
"2021-04-23 00:00:00",0,3,0,0
"2021-04-24 00:00:00",0,2,0,0
"2021-04-25 00:00:00",0,1,1,0
"2021-04-26 00:00:00",0,3,0,0
"2021-04-27 00:00:00",0,3,0,0
"2021-04-28 00:00:00",0,1,2,0
"2021-04-29 00:00:00",0,0,1,0
"2021-04-30 00:00:00",0,1,0,0
"2021-05-01 00:00:00",0,0,0,0
"2021-05-02 00:00:00",0,3,0,0
"2021-05-03 00:00:00",0,0,0,0
"2021-05-04 00:00:00",0,3,0,0
"2021-05-05 00:00:00",0,0,1,0
"2021-05-06 00:00:00",0,2,0,1
"2021-05-07 00:00:00",0,1,1,0
"2021-05-08 00:00:00",0,1,0,0
"2021-05-09 00:00:00",0,2,0,0
"2021-05-10 00:00:00",0,2,0,0
"2021-05-11 00:00:00",0,2,0,0
"2021-05-12 00:00:00",0,1,1,0
"2021-05-13 00:00:00",0,0,0,0
"2021-05-14 00:00:00",0,3,1,0
"2021-05-15 00:00:00",0,3,0,0
"2021-05-16 00:00:00",1,4,0,0
"2021-05-17 00:00:00",1,4,0,0
"2021-05-18 00:00:00",0,0,0,0
"2021-05-19 00:00:00",0,4,0,0
"2021-05-20 00:00:00",0,2,0,0
"2021-05-21 00:00:00",0,1,0,0
"2021-05-22 00:00:00",0,3,0,0
"2021-05-23 00:00:00",0,2,0,0
"2021-05-24 00:00:00",0,0,0,0
"2021-05-25 00:00:00",0,2,0,0
"2021-05-26 00:00:00",0,0,0,0
"2021-05-27 00:00:00",0,0,0,0
"2021-05-28 00:00:00",0,0,1,0
"2021-05-29 00:00:00",0,1,0,0
"2021-05-30 00:00:00",0,0,0,0
"2021-05-31 00:00:00",0,0,0,0
"2021-06-01 00:00:00",0,2,1,0
"2021-06-02 00:00:00",0,2,0,0
"2021-06-03 00:00:00",0,3,0,0
"2021-06-04 00:00:00",0,0,1,0
"2021-06-05 00:00:00",0,3,0,0
"2021-06-06 00:00:00",0,1,0,0
"2021-06-07 00:00:00",0,1,0,0
"2021-06-08 00:00:00",0,0,0,0
"2021-06-09 00:00:00",0,1,0,0
"2021-06-10 00:00:00",0,0,0,0
"2021-06-11 00:00:00",0,1,0,0
"2021-06-12 00:00:00",0,0,0,0
"2021-06-13 00:00:00",1,0,0,0
"2021-06-14 00:00:00",0,1,0,0
"2021-06-15 00:00:00",0,0,0,0
"2021-06-16 00:00:00",0,1,0,0
"2021-06-17 00:00:00",0,2,0,0
"2021-06-18 00:00:00",0,0,0,0
"2021-06-19 00:00:00",0,1,0,0
"2021-06-20 00:00:00",0,1,0,0
"2021-06-21 00:00:00",0,0,0,0
"2021-06-22 00:00:00",0,0,0,0
"2021-06-23 00:00:00",0,0,0,0
"2021-06-24 00:00:00",0,0,0,0
"2021-06-25 00:00:00",0,1,0,0
"2021-06-26 00:00:00",0,0,0,0
"2021-06-27 00:00:00",0,1,0,0
"2021-06-28 00:00:00",0,0,0,0
"2021-06-29 00:00:00",0,0,0,0
"2021-06-30 00:00:00",0,0,0,0
"2021-07-01 00:00:00",0,0,0,0
"2021-07-02 00:00:00",0,0,0,0
"2021-07-03 00:00:00",0,0,0,0
"2021-07-04 00:00:00",0,0,0,0
"2021-07-05 00:00:00",0,0,0,0
"2021-07-06 00:00:00",0,0,0,0
"2021-07-07 00:00:00",0,0,0,0
"2021-07-08 00:00:00",0,0,0,0
"2021-07-09 00:00:00",0,0,0,0
"2021-07-10 00:00:00",0,1,0,0
"2021-07-11 00:00:00",0,1,0,0
"2021-07-12 00:00:00",0,0,0,0
"2021-07-13 00:00:00",0,1,0,0
"2021-07-14 00:00:00",0,0,0,0
"2021-07-15 00:00:00",0,1,0,0
"2021-07-16 00:00:00",0,0,0,0
"2021-07-17 00:00:00",0,0,0,0
"2021-07-18 00:00:00",0,1,0,0
"2021-07-19 00:00:00",0,0,0,0
"2021-07-20 00:00:00",0,0,0,0
"2021-07-21 00:00:00",0,0,0,0
"2021-07-22 00:00:00",0,1,0,0
"2021-07-23 00:00:00",0,0,0,0
"2021-07-24 00:00:00",0,0,0,0
"2021-07-25 00:00:00",0,0,0,0
"2021-07-26 00:00:00",0,0,0,0
"2021-07-27 00:00:00",0,0,0,0
"2021-07-28 00:00:00",0,0,0,0
"2021-07-29 00:00:00",0,0,0,0
"2021-07-30 00:00:00",0,0,0,0
"2021-07-31 00:00:00",0,0,0,0
"2021-08-01 00:00:00",0,0,0,0
"2021-08-02 00:00:00",0,0,0,0
"2021-08-03 00:00:00",0,1,0,0
"2021-08-04 00:00:00",0,0,0,0
"2021-08-05 00:00:00",0,0,0,0
"2021-08-06 00:00:00",0,0,0,0
"2021-08-07 00:00:00",0,0,0,0
"2021-08-08 00:00:00",0,1,0,0
"2021-08-09 00:00:00",0,0,0,0
"2021-08-10 00:00:00",0,0,0,0
"2021-08-11 00:00:00",0,0,0,0
"2021-08-12 00:00:00",0,0,0,0
"2021-08-13 00:00:00",0,0,0,0
"2021-08-14 00:00:00",0,0,0,0
"2021-08-15 00:00:00",0,0,0,0
"2021-08-16 00:00:00",0,0,0,0
"2021-08-17 00:00:00",0,0,0,0
"2021-08-18 00:00:00",0,0,0,0
"2021-08-19 00:00:00",0,0,0,0
"2021-08-20 00:00:00",0,0,0,0
"2021-08-21 00:00:00",0,0,0,0
"2021-08-22 00:00:00",0,0,0,0
"2021-08-23 00:00:00",0,0,0,0
"2021-08-24 00:00:00",0,0,0,0
"2021-08-25 00:00:00",0,0,0,0
"2021-08-26 00:00:00",0,0,0,0
"2021-08-27 00:00:00",0,0,0,1
"2021-08-28 00:00:00",0,0,0,0
"2021-08-29 00:00:00",0,0,0,0
"2021-08-30 00:00:00",0,0,0,0
"2021-08-31 00:00:00",0,0,0,0
"2021-09-01 00:00:00",0,1,0,0
"2021-09-02 00:00:00",0,0,0,0
"2021-09-03 00:00:00",0,0,0,0
"2021-09-04 00:00:00",0,0,0,0
"2021-09-05 00:00:00",0,0,0,0
"2021-09-06 00:00:00",0,0,0,0
"2021-09-07 00:00:00",0,2,0,0
"2021-09-08 00:00:00",0,1,0,0
"2021-09-09 00:00:00",0,2,0,0
"2021-09-10 00:00:00",0,0,0,0
"2021-09-11 00:00:00",0,0,0,0
"2021-09-12 00:00:00",0,0,0,0
"2021-09-13 00:00:00",1,0,0,1
"2021-09-14 00:00:00",0,1,0,0
"2021-09-15 00:00:00",0,1,0,0
"2021-09-16 00:00:00",0,0,0,0
"2021-09-17 00:00:00",0,1,1,0
"2021-09-18 00:00:00",0,0,0,0
"2021-09-19 00:00:00",0,1,2,0
"2021-09-20 00:00:00",0,1,0,0
"2021-09-21 00:00:00",0,0,0,0
"2021-09-22 00:00:00",0,1,2,0
"2021-09-23 00:00:00",0,0,1,1
"2021-09-24 00:00:00",0,0,0,0
"2021-09-25 00:00:00",0,0,0,0
"2021-09-26 00:00:00",0,0,0,0
"2021-09-27 00:00:00",0,1,0,2
"2021-09-28 00:00:00",0,0,0,0
"2021-09-29 00:00:00",0,1,0,0
"2021-09-30 00:00:00",0,2,1,0
"2021-10-01 00:00:00",0,0,0,0
"2021-10-02 00:00:00",0,1,0,0
"2021-10-03 00:00:00",0,0,1,0
"2021-10-04 00:00:00",0,0,0,0
"2021-10-05 00:00:00",0,3,1,0
"2021-10-06 00:00:00",0,2,0,0
"2021-10-07 00:00:00",0,0,0,0
"2021-10-08 00:00:00",0,1,0,0
"2021-10-09 00:00:00",0,2,0,0
"2021-10-10 00:00:00",0,1,0,0
"2021-10-11 00:00:00",0,1,0,0
"2021-10-12 00:00:00",0,2,0,0
"2021-10-13 00:00:00",0,0,0,0
"2021-10-14 00:00:00",0,0,0,0
"2021-10-15 00:00:00",0,1,0,0
"2021-10-16 00:00:00",0,0,0,0
"2021-10-17 00:00:00",0,2,0,0
"2021-10-18 00:00:00",0,1,0,0
"2021-10-19 00:00:00",0,1,0,0
"2021-10-20 00:00:00",0,4,0,0
"2021-10-21 00:00:00",0,2,0,0
"2021-10-22 00:00:00",0,0,0,0
"2021-10-23 00:00:00",0,1,0,0
"2021-10-24 00:00:00",0,0,0,0
"2021-10-25 00:00:00",0,1,0,0
"2021-10-26 00:00:00",0,0,0,0
"2021-10-27 00:00:00",0,1,0,0
"2021-10-28 00:00:00",0,1,0,0
"2021-10-29 00:00:00",0,0,0,0
"2021-10-30 00:00:00",0,1,1,0
"2021-10-31 00:00:00",0,2,0,0
"2021-11-01 00:00:00",0,1,0,0
"2021-11-02 00:00:00",0,0,0,0
"2021-11-03 00:00:00",0,1,0,0
"2021-11-04 00:00:00",0,1,0,0
"2021-11-05 00:00:00",0,2,0,0
"2021-11-06 00:00:00",0,1,0,0
"2021-11-07 00:00:00",0,0,0,0
"2021-11-08 00:00:00",0,0,0,0
"2021-11-09 00:00:00",1,1,0,0
"2021-11-10 00:00:00",0,0,0,0
"2021-11-11 00:00:00",0,0,1,0
"2021-11-12 00:00:00",0,1,0,0
"2021-11-13 00:00:00",0,0,0,0
"2021-11-14 00:00:00",0,0,0,0
"2021-11-15 00:00:00",0,0,0,0
"2021-11-16 00:00:00",0,0,0,0
"2021-11-17 00:00:00",0,0,0,0
"2021-11-18 00:00:00",0,1,0,0
"2021-11-19 00:00:00",0,1,0,0
"2021-11-20 00:00:00",0,0,0,0
"2021-11-21 00:00:00",0,0,0,1
"2021-11-22 00:00:00",0,1,0,0
"2021-11-23 00:00:00",0,2,0,0
"2021-11-24 00:00:00",0,2,0,0
"2021-11-25 00:00:00",0,1,0,0
"2021-11-26 00:00:00",0,0,0,0
"2021-11-27 00:00:00",0,0,0,0
"2021-11-28 00:00:00",0,0,0,0
"2021-11-29 00:00:00",0,2,0,0
"2021-11-30 00:00:00",0,0,0,0
"2021-12-01 00:00:00",0,0,0,1
"2021-12-02 00:00:00",0,0,0,0
"2021-12-03 00:00:00",0,0,0,0
"2021-12-04 00:00:00",0,0,0,0
"2021-12-05 00:00:00",0,1,0,0
"2021-12-06 00:00:00",0,0,0,0
"2021-12-07 00:00:00",0,2,0,0
"2021-12-08 00:00:00",0,1,0,0
"2021-12-09 00:00:00",0,1,0,0
"2021-12-10 00:00:00",0,1,0,0
"2021-12-11 00:00:00",0,0,0,0
"2021-12-12 00:00:00",0,0,0,1
"2021-12-13 00:00:00",0,2,0,0
"2021-12-14 00:00:00",0,1,0,0
"2021-12-15 00:00:00",0,0,0,0
"2021-12-16 00:00:00",0,2,0,0
"2021-12-17 00:00:00",0,0,0,0
"2021-12-18 00:00:00",0,1,0,0
"2021-12-19 00:00:00",0,1,0,0
"2021-12-20 00:00:00",0,2,0,0
"2021-12-21 00:00:00",0,1,0,0
"2021-12-22 00:00:00",0,0,0,0
"2021-12-23 00:00:00",0,1,0,0
"2021-12-24 00:00:00",0,0,0,0
"2021-12-25 00:00:00",0,1,0,1
"2021-12-26 00:00:00",0,1,0,0
"2021-12-27 00:00:00",0,1,0,1
"2021-12-28 00:00:00",0,0,0,0
"2021-12-29 00:00:00",0,1,0,1
"2021-12-30 00:00:00",0,2,0,1
"2021-12-31 00:00:00",0,3,0,0
"2022-01-01 00:00:00",0,4,1,0
"2022-01-02 00:00:00",0,4,1,1
"2022-01-03 00:00:00",0,0,1,2
"2022-01-04 00:00:00",0,4,0,3
"2022-01-05 00:00:00",0,4,2,2
"2022-01-06 00:00:00",0,5,3,1
"2022-01-07 00:00:00",2,9,1,3
"2022-01-08 00:00:00",1,4,1,1
"2022-01-09 00:00:00",2,2,2,3
"2022-01-10 00:00:00",2,7,2,3
"2022-01-11 00:00:00",0,7,0,2
"2022-01-12 00:00:00",0,10,0,2
"2022-01-13 00:00:00",0,12,1,4
"2022-01-14 00:00:00",0,9,3,2
"2022-01-15 00:00:00",0,15,1,2
"2022-01-16 00:00:00",0,7,4,5
"2022-01-17 00:00:00",1,9,1,5
"2022-01-18 00:00:00",2,10,1,2
"2022-01-19 00:00:00",1,4,2,3
"2022-01-20 00:00:00",1,12,1,2
"2022-01-21 00:00:00",2,7,0,5
"2022-01-22 00:00:00",2,6,0,1
"2022-01-23 00:00:00",1,7,2,5
"2022-01-24 00:00:00",0,8,2,4
"2022-01-25 00:00:00",1,4,1,2
"2022-01-26 00:00:00",1,5,2,3
"2022-01-27 00:00:00",0,7,5,2
"2022-01-28 00:00:00",2,1,3,0
"2022-01-29 00:00:00",1,5,6,1
"2022-01-30 00:00:00",1,7,1,0
"2022-01-31 00:00:00",1,5,2,4
"2022-02-01 00:00:00",0,2,2,0
"2022-02-02 00:00:00",0,4,1,1
"2022-02-03 00:00:00",1,9,1,0
"2022-02-04 00:00:00",0,3,1,1
"2022-02-05 00:00:00",0,3,2,0
"2022-02-06 00:00:00",0,4,0,0
"2022-02-07 00:00:00",0,1,1,2
"2022-02-08 00:00:00",1,5,2,0
"2022-02-09 00:00:00",0,5,1,0
"2022-02-10 00:00:00",1,2,0,2
"2022-02-11 00:00:00",0,6,0,0
"2022-02-12 00:00:00",0,2,0,0
"2022-02-13 00:00:00",1,3,0,0
"2022-02-14 00:00:00",0,2,1,1
"2022-02-15 00:00:00",0,0,0,1
"2022-02-16 00:00:00",0,1,0,0
"2022-02-17 00:00:00",0,1,2,3
"2022-02-18 00:00:00",0,1,0,0
"2022-02-19 00:00:00",0,1,0,0
"2022-02-20 00:00:00",0,0,0,0
"2022-02-21 00:00:00",1,0,1,0
"2022-02-22 00:00:00",0,4,1,1
"2022-02-23 00:00:00",0,0,0,0
"2022-02-24 00:00:00",0,0,0,0
"2022-02-25 00:00:00",0,0,0,0
"2022-02-26 00:00:00",0,0,1,0
"2022-02-27 00:00:00",0,2,0,1
"2022-02-28 00:00:00",0,0,0,0
"2022-03-01 00:00:00",0,1,0,0
"2022-03-02 00:00:00",0,2,1,0
"2022-03-03 00:00:00",0,0,0,2
"2022-03-04 00:00:00",0,1,0,0
"2022-03-05 00:00:00",0,0,0,0
"2022-03-06 00:00:00",0,0,1,0
"2022-03-07 00:00:00",0,1,0,0
"2022-03-08 00:00:00",0,0,0,1
"2022-03-09 00:00:00",0,0,0,0
"2022-03-10 00:00:00",0,1,0,0
"2022-03-11 00:00:00",0,1,0,0
"2022-03-12 00:00:00",0,1,1,0
"2022-03-13 00:00:00",0,0,0,1
"2022-03-14 00:00:00",0,1,0,0
"2022-03-15 00:00:00",0,0,0,0
"2022-03-16 00:00:00",0,0,0,0
"2022-03-17 00:00:00",0,0,0,1
"2022-03-18 00:00:00",0,0,0,1
"2022-03-19 00:00:00",0,0,0,0
"2022-03-20 00:00:00",0,1,0,0
"2022-03-21 00:00:00",0,0,0,0
"2022-03-22 00:00:00",0,0,0,1
"2022-03-23 00:00:00",0,0,0,0
"2022-03-24 00:00:00",0,0,0,0
"2022-03-25 00:00:00",0,0,0,1
"2022-03-26 00:00:00",0,1,0,0
"2022-03-27 00:00:00",0,0,0,0
"2022-03-28 00:00:00",0,1,0,0
"2022-03-29 00:00:00",0,1,0,2
"2022-03-30 00:00:00",0,0,0,1
"2022-03-31 00:00:00",0,1,1,0
"2022-04-01 00:00:00",0,0,0,1
"2022-04-02 00:00:00",0,1,0,0
"2022-04-03 00:00:00",0,0,1,1
"2022-04-04 00:00:00",0,2,0,1
"2022-04-05 00:00:00",0,2,1,0
"2022-04-06 00:00:00",0,0,1,0
"2022-04-07 00:00:00",0,1,0,0
"2022-04-08 00:00:00",0,3,2,0
"2022-04-09 00:00:00",0,3,1,0
"2022-04-10 00:00:00",0,1,0,0
"2022-04-11 00:00:00",0,2,0,1
"2022-04-12 00:00:00",0,1,0,0
"2022-04-13 00:00:00",1,2,0,0
"2022-04-14 00:00:00",0,2,2,1
"2022-04-15 00:00:00",0,0,0,1
"2022-04-16 00:00:00",0,1,0,0
"2022-04-17 00:00:00",0,1,0,2
"2022-04-18 00:00:00",0,1,0,0
"2022-04-19 00:00:00",0,2,1,0
"2022-04-20 00:00:00",0,4,0,0
"2022-04-21 00:00:00",0,1,1,0
"2022-04-22 00:00:00",0,2,0,1
"2022-04-23 00:00:00",0,3,2,0
"2022-04-24 00:00:00",0,5,0,1
"2022-04-25 00:00:00",0,0,1,1
"2022-04-26 00:00:00",0,0,1,1
"2022-04-27 00:00:00",0,0,1,0
"2022-04-28 00:00:00",0,2,0,2
"2022-04-29 00:00:00",0,2,1,1
"2022-04-30 00:00:00",0,1,1,0
"2022-05-01 00:00:00",0,3,0,1
"2022-05-02 00:00:00",0,3,0,0
"2022-05-03 00:00:00",0,1,1,0
"2022-05-04 00:00:00",0,4,0,0
"2022-05-05 00:00:00",0,0,1,0
"2022-05-06 00:00:00",0,1,0,0
"2022-05-07 00:00:00",0,0,0,3
"2022-05-08 00:00:00",0,1,0,1
"2022-05-09 00:00:00",0,3,1,0
"2022-05-10 00:00:00",0,2,1,1
"2022-05-11 00:00:00",1,3,0,1
"2022-05-12 00:00:00",0,1,0,0
"2022-05-13 00:00:00",0,2,0,0
"2022-05-14 00:00:00",0,2,0,0
"2022-05-15 00:00:00",0,1,0,0
"2022-05-16 00:00:00",0,1,1,0
"2022-05-17 00:00:00",0,2,0,1
"2022-05-18 00:00:00",0,1,0,2
"2022-05-19 00:00:00",0,0,0,0
"2022-05-20 00:00:00",0,1,1,0
"2022-05-21 00:00:00",0,0,0,0
"2022-05-22 00:00:00",0,0,0,1
"2022-05-23 00:00:00",0,0,0,0
"2022-05-24 00:00:00",0,0,0,0
"2022-05-25 00:00:00",0,0,0,0
"2022-05-26 00:00:00",0,1,1,0
"2022-05-27 00:00:00",0,0,0,0
"2022-05-28 00:00:00",0,0,0,0
"2022-05-29 00:00:00",0,0,1,0
"2022-05-30 00:00:00",0,0,0,0
"2022-05-31 00:00:00",0,1,1,1
"2022-06-01 00:00:00",0,0,0,0
"2022-06-02 00:00:00",0,1,0,0
"2022-06-03 00:00:00",0,1,1,0
"2022-06-04 00:00:00",0,2,1,0
"2022-06-05 00:00:00",0,0,0,0
"2022-06-06 00:00:00",0,1,0,1
"2022-06-07 00:00:00",0,0,0,0
"2022-06-08 00:00:00",0,0,0,0
"2022-06-09 00:00:00",0,0,1,0
"2022-06-10 00:00:00",1,0,0,0
"2022-06-11 00:00:00",0,0,0,0
"2022-06-12 00:00:00",0,0,0,0
"2022-06-13 00:00:00",0,0,0,0
"2022-06-14 00:00:00",0,0,0,0
"2022-06-15 00:00:00",0,0,0,0
"2022-06-16 00:00:00",0,0,0,0
"2022-06-17 00:00:00",0,1,0,1
"2022-06-18 00:00:00",0,0,0,0
"2022-06-19 00:00:00",0,0,0,0
"2022-06-20 00:00:00",0,2,0,0
"2022-06-21 00:00:00",0,0,0,0
"2022-06-22 00:00:00",1,1,0,0
"2022-06-23 00:00:00",0,1,0,0
"2022-06-24 00:00:00",0,0,0,0
"2022-06-25 00:00:00",0,0,0,0
"2022-06-26 00:00:00",0,1,0,0
"2022-06-27 00:00:00",0,1,0,0
"2022-06-28 00:00:00",0,1,1,0
"2022-06-29 00:00:00",0,2,0,0
"2022-06-30 00:00:00",0,2,0,0
"2022-07-01 00:00:00",0,1,0,0
"2022-07-02 00:00:00",0,0,0,1
"2022-07-03 00:00:00",0,0,0,0
"2022-07-04 00:00:00",0,0,1,0
"2022-07-05 00:00:00",0,1,0,0
"2022-07-06 00:00:00",0,1,1,0
"2022-07-07 00:00:00",0,4,0,0
"2022-07-08 00:00:00",0,1,0,0
"2022-07-09 00:00:00",0,0,0,0
"2022-07-10 00:00:00",0,2,0,0
"2022-07-11 00:00:00",0,1,0,1
"2022-07-12 00:00:00",0,0,0,2
"2022-07-13 00:00:00",0,1,0,0
"2022-07-14 00:00:00",0,0,0,0
"2022-07-15 00:00:00",0,3,0,0
"2022-07-16 00:00:00",0,3,0,1
"2022-07-17 00:00:00",0,0,1,1
"2022-07-18 00:00:00",0,3,0,0
"2022-07-19 00:00:00",0,2,0,0
"2022-07-20 00:00:00",0,1,0,1
"2022-07-21 00:00:00",0,1,0,1
"2022-07-22 00:00:00",0,4,0,2
"2022-07-23 00:00:00",0,1,1,0
"2022-07-24 00:00:00",0,3,1,0
"2022-07-25 00:00:00",0,1,0,1
"2022-07-26 00:00:00",0,2,2,0
"2022-07-27 00:00:00",0,1,0,0
"2022-07-28 00:00:00",0,1,0,0
"2022-07-29 00:00:00",0,0,0,0
"2022-07-30 00:00:00",0,0,0,0
"2022-07-31 00:00:00",0,0,0,0
"2022-08-01 00:00:00",0,3,0,0
"2022-08-02 00:00:00",1,0,0,2
"2022-08-03 00:00:00",0,3,0,1
"2022-08-04 00:00:00",0,1,0,0
"2022-08-05 00:00:00",0,0,0,0
"2022-08-06 00:00:00",0,1,0,0
"2022-08-07 00:00:00",0,1,0,1
"2022-08-08 00:00:00",0,3,0,0
"2022-08-09 00:00:00",0,1,1,0
"2022-08-10 00:00:00",0,2,1,0
"2022-08-11 00:00:00",0,1,0,1
"2022-08-12 00:00:00",0,0,1,0
"2022-08-13 00:00:00",0,4,0,1
"2022-08-14 00:00:00",0,2,0,0
"2022-08-15 00:00:00",0,1,0,0
"2022-08-16 00:00:00",0,4,0,0
"2022-08-17 00:00:00",0,2,0,3
"2022-08-18 00:00:00",0,4,2,0
"2022-08-19 00:00:00",0,1,0,0
"2022-08-20 00:00:00",0,2,0,0
"2022-08-21 00:00:00",0,1,0,0
"2022-08-22 00:00:00",0,0,0,0
"2022-08-23 00:00:00",0,0,0,0
"2022-08-24 00:00:00",0,6,0,1
"2022-08-25 00:00:00",0,0,1,0
"2022-08-26 00:00:00",0,0,0,0
"2022-08-27 00:00:00",0,1,0,0
"2022-08-28 00:00:00",0,0,0,0
"2022-08-29 00:00:00",0,2,0,0
"2022-08-30 00:00:00",0,0,0,0
"2022-08-31 00:00:00",0,3,1,0
"2022-09-01 00:00:00",0,2,0,0
"2022-09-02 00:00:00",0,0,0,0
"2022-09-03 00:00:00",0,2,0,0
"2022-09-04 00:00:00",0,1,0,0
"2022-09-05 00:00:00",0,1,0,1
"2022-09-06 00:00:00",0,0,0,0
"2022-09-07 00:00:00",0,1,0,0
"2022-09-08 00:00:00",0,0,0,1
"2022-09-09 00:00:00",0,1,0,0
"2022-09-10 00:00:00",0,4,0,0
"2022-09-11 00:00:00",0,1,1,0
"2022-09-12 00:00:00",0,0,0,0
"2022-09-13 00:00:00",0,0,0,0
"2022-09-14 00:00:00",0,2,0,0
"2022-09-15 00:00:00",0,0,0,0
"2022-09-16 00:00:00",0,0,1,0
"2022-09-17 00:00:00",0,0,0,0
"2022-09-18 00:00:00",0,0,0,0
"2022-09-19 00:00:00",0,0,0,0
"2022-09-20 00:00:00",0,1,0,0
"2022-09-21 00:00:00",0,0,0,0
"2022-09-22 00:00:00",0,1,1,0
"2022-09-23 00:00:00",0,0,0,1
"2022-09-24 00:00:00",0,0,1,0
"2022-09-25 00:00:00",0,0,0,0
"2022-09-26 00:00:00",0,1,0,0
"2022-09-27 00:00:00",0,0,1,0
"2022-09-28 00:00:00",0,1,0,0
"2022-09-29 00:00:00",0,1,0,0
"2022-09-30 00:00:00",0,1,2,0
"2022-10-01 00:00:00",0,0,0,1
"2022-10-02 00:00:00",0,1,0,0
"2022-10-03 00:00:00",0,0,0,0
"2022-10-04 00:00:00",0,0,0,0
"2022-10-05 00:00:00",0,0,0,0
"2022-10-06 00:00:00",0,3,0,2
"2022-10-07 00:00:00",0,0,0,0
"2022-10-08 00:00:00",0,0,1,0
"2022-10-09 00:00:00",0,1,0,0
"2022-10-10 00:00:00",0,1,0,0
"2022-10-11 00:00:00",0,1,0,0
"2022-10-12 00:00:00",0,1,0,0
"2022-10-13 00:00:00",0,0,0,0
"2022-10-14 00:00:00",0,2,0,0
"2022-10-15 00:00:00",0,2,0,1
"2022-10-16 00:00:00",0,1,0,0
"2022-10-17 00:00:00",0,0,0,0
"2022-10-18 00:00:00",0,0,0,0
"2022-10-19 00:00:00",0,1,0,0
"2022-10-20 00:00:00",0,2,0,0
"2022-10-21 00:00:00",0,0,0,1
"2022-10-22 00:00:00",0,0,0,1
"2022-10-23 00:00:00",0,1,1,0
"2022-10-24 00:00:00",0,2,1,0
"2022-10-25 00:00:00",0,0,0,0
"2022-10-26 00:00:00",0,1,0,0
"2022-10-27 00:00:00",0,1,0,0
"2022-10-28 00:00:00",0,1,0,1
"2022-10-29 00:00:00",0,2,0,0
"2022-10-30 00:00:00",0,1,0,0
"2022-10-31 00:00:00",0,1,0,0
"2022-11-01 00:00:00",0,0,0,0
"2022-11-02 00:00:00",0,1,0,0
"2022-11-03 00:00:00",0,1,0,0
"2022-11-04 00:00:00",0,1,1,0
"2022-11-05 00:00:00",0,1,0,0
"2022-11-06 00:00:00",0,0,1,0
"2022-11-07 00:00:00",0,1,0,0
"2022-11-08 00:00:00",0,1,0,0
"2022-11-09 00:00:00",0,0,0,0
"2022-11-10 00:00:00",0,2,0,0
"2022-11-11 00:00:00",0,0,0,0
"2022-11-12 00:00:00",0,0,0,0
"2022-11-13 00:00:00",0,0,0,0
"2022-11-14 00:00:00",0,0,0,0
"2022-11-15 00:00:00",0,0,0,0