date,dailyCases,dailyDeaths,dailyHosp,Population,peak
2020-02-03,1,0,0,8799800,NA
2020-02-04,0.5,0,0,8799800,NA
2020-02-05,0.333333333333333,0,0,8799800,NA
2020-02-06,0.25,0,0,8799800,NA
2020-02-07,0.2,0,0,8799800,NA
2020-02-08,0.166666666666667,0,0,8799800,NA
2020-02-09,0.142857142857143,0,0,8799800,NA
2020-02-10,0.142857142857143,0,0,8799800,NA
2020-02-11,0.714285714285714,0,0,8799800,NA
2020-02-12,0.714285714285714,0,0,8799800,NA
2020-02-13,0.857142857142857,0,0,8799800,NA
2020-02-14,0.857142857142857,0,0,8799800,NA
2020-02-15,0.857142857142857,0,0,8799800,NA
2020-02-16,0.857142857142857,0,0,8799800,NA
2020-02-17,0.857142857142857,0,0,8799800,NA
2020-02-18,0.285714285714286,0,0,8799800,NA
2020-02-19,0.285714285714286,0,0,8799800,NA
2020-02-20,0.142857142857143,0,0,8799800,NA
2020-02-21,0.285714285714286,0,0,8799800,NA
2020-02-22,0.285714285714286,0,0,8799800,NA
2020-02-23,0.714285714285714,0,0,8799800,NA
2020-02-24,0.714285714285714,0,0,8799800,NA
2020-02-25,0.857142857142857,0,0,8799800,NA
2020-02-26,0.857142857142857,0,0,8799800,NA
2020-02-27,1,0,0,8799800,NA
2020-02-28,0.857142857142857,0,0,8799800,NA
2020-02-29,1,0,0,8799800,NA
2020-03-01,1,0,0,8799800,1
2020-03-02,2.57142857142857,0,0,8799800,1
2020-03-03,3.28571428571429,0,0,8799800,1
2020-03-04,5.42857142857143,0.142857142857143,0,8799800,1
2020-03-05,7.14285714285714,0.142857142857143,0,8799800,1
2020-03-06,10.4285714285714,0.285714285714286,0,8799800,1
2020-03-07,12.2857142857143,0.285714285714286,0,8799800,1
2020-03-08,15,0.285714285714286,0,8799800,1
2020-03-09,21,0.571428571428571,0,8799800,1
2020-03-10,33.7142857142857,0.714285714285714,0,8799800,1
2020-03-11,57.7142857142857,0.857142857142857,0,8799800,1
2020-03-12,79.7142857142857,1.71428571428571,0,8799800,1
2020-03-13,96.1428571428571,2.42857142857143,0,8799800,1
2020-03-14,115.428571428571,3.85714285714286,0,8799800,1
2020-03-15,135.857142857143,5,0,8799800,1
2020-03-16,162,6.85714285714286,0,8799800,1
2020-03-17,192.714285714286,10.4285714285714,0,8799800,1
2020-03-18,217.571428571429,14.1428571428571,0,8799800,1
2020-03-19,241.142857142857,17.7142857142857,34.2857142857143,8799800,1
2020-03-20,282,24,73.1428571428571,8799800,1
2020-03-21,310.428571428571,30.5714285714286,117.571428571429,8799800,1
2020-03-22,349.571428571429,38.4285714285714,165.428571428571,8799800,1
2020-03-23,413.571428571429,46.1428571428571,237.571428571429,8799800,1
2020-03-24,460.142857142857,56.4285714285714,328.571428571429,8799800,1
2020-03-25,516.571428571429,71.7142857142857,425,8799800,1
2020-03-26,574.857142857143,88.1428571428571,464.857142857143,8799800,1
2020-03-27,631.142857142857,103.142857142857,517.285714285714,8799800,1
2020-03-28,663.857142857143,116.285714285714,551.571428571429,8799800,1
2020-03-29,686.285714285714,132.285714285714,599.714285714286,8799800,1
2020-03-30,709.571428571429,150.428571428571,653.714285714286,8799800,1
2020-03-31,752.285714285714,170.571428571429,654.857142857143,8799800,1
2020-04-01,784.428571428571,185.142857142857,668,8799800,1
2020-04-02,830.571428571429,200.714285714286,713.142857142857,8799800,1
2020-04-03,854.428571428571,216.714285714286,714.285714285714,8799800,1
2020-04-04,881.285714285714,236.571428571429,740.285714285714,8799800,1
2020-04-05,887,250.571428571429,748.857142857143,8799800,1
2020-04-06,888.428571428571,261.571428571429,728.857142857143,8799800,1
2020-04-07,890,269.571428571429,739.857142857143,8799800,1
2020-04-08,874.285714285714,282.428571428571,736.571428571429,8799800,1
2020-04-09,835.428571428571,285.285714285714,696.428571428571,8799800,1
2020-04-10,783.571428571429,281.571428571429,679.857142857143,8799800,1
2020-04-11,748.285714285714,276.142857142857,645.142857142857,8799800,1
2020-04-12,729.142857142857,271,595.428571428571,8799800,1
2020-04-13,692.428571428571,264.571428571429,548.714285714286,8799800,1
2020-04-14,643,252.714285714286,509.428571428571,8799800,1
2020-04-15,613,235,462,8799800,1
2020-04-16,582,224.571428571429,438.285714285714,8799800,1
2020-04-17,575.571428571429,214.428571428571,413.571428571429,8799800,1
2020-04-18,558.857142857143,202.714285714286,384,8799800,1
2020-04-19,544,191.142857142857,370.571428571429,8799800,1
2020-04-20,518.857142857143,179.285714285714,355.142857142857,8799800,1
2020-04-21,499.285714285714,169.285714285714,332.428571428571,8799800,1
2020-04-22,462.428571428571,159.571428571429,305.714285714286,8799800,1
2020-04-23,454.714285714286,147.857142857143,288.285714285714,8799800,1
2020-04-24,425.857142857143,140.857142857143,261.571428571429,8799800,1
2020-04-25,416,128.285714285714,240.714285714286,8799800,1
2020-04-26,403.428571428571,118,226,8799800,1
2020-04-27,402.428571428571,107.857142857143,219.285714285714,8799800,1
2020-04-28,380.714285714286,99,213.571428571429,8799800,1
2020-04-29,385.428571428571,90.5714285714286,211.714285714286,8799800,1
2020-04-30,372,84.5714285714286,199.857142857143,8799800,1
2020-05-01,369.142857142857,75.8571428571429,204.142857142857,8799800,1
2020-05-02,357.142857142857,75.7142857142857,206,8799800,1
2020-05-03,337.142857142857,72,201.714285714286,8799800,1
2020-05-04,312.428571428571,69,188.571428571429,8799800,1
2020-05-05,298.857142857143,65,178.571428571429,8799800,1
2020-05-06,275.285714285714,62.4285714285714,179.142857142857,8799800,1
2020-05-07,253.428571428571,58.8571428571429,181.857142857143,8799800,1
2020-05-08,232.428571428571,57,167.285714285714,8799800,1
2020-05-09,215.285714285714,50.1428571428571,158,8799800,1
2020-05-10,208.571428571429,47.7142857142857,147.857142857143,8799800,1
2020-05-11,196.428571428571,46.5714285714286,136.714285714286,8799800,1
2020-05-12,192.857142857143,43.4285714285714,122.714285714286,8799800,1
2020-05-13,183.714285714286,38.7142857142857,104.857142857143,8799800,1
2020-05-14,167.428571428571,35.8571428571429,89,8799800,1
2020-05-15,156.571428571429,32.8571428571429,85.8571428571429,8799800,1
2020-05-16,148.857142857143,31.8571428571429,82.1428571428571,8799800,1
2020-05-17,142.571428571429,29.1428571428571,77.1428571428571,8799800,1
2020-05-18,135.857142857143,26.1428571428571,74.7142857142857,8799800,1
2020-05-19,126.857142857143,25.7142857142857,76,8799800,1
2020-05-20,118,25.2857142857143,73.1428571428571,8799800,1
2020-05-21,117.714285714286,23.7142857142857,71,8799800,1
2020-05-22,111.142857142857,22.4285714285714,71,8799800,1
2020-05-23,109.714285714286,21,68.7142857142857,8799800,1
2020-05-24,105.714285714286,20,67.2857142857143,8799800,1
2020-05-25,97.8571428571429,18.5714285714286,63.7142857142857,8799800,1
2020-05-26,88.7142857142857,18,60.5714285714286,8799800,1
2020-05-27,80.4285714285714,16.8571428571429,60.2857142857143,8799800,1
2020-05-28,68.5714285714286,15.1428571428571,57.5714285714286,8799800,1
2020-05-29,64.4285714285714,14.2857142857143,53.8571428571429,8799800,1
2020-05-30,60.7142857142857,14.8571428571429,52,8799800,1
2020-05-31,58.7142857142857,14.4285714285714,52.1428571428571,8799800,1
2020-06-01,57.5714285714286,14.2857142857143,52,8799800,NA
2020-06-02,55.5714285714286,13.1428571428571,49.7142857142857,8799800,NA
2020-06-03,54.8571428571429,12,49.5714285714286,8799800,NA
2020-06-04,52.4285714285714,12.1428571428571,49.7142857142857,8799800,NA
2020-06-05,50.8571428571429,11.5714285714286,49.5714285714286,8799800,NA
2020-06-06,52,9.57142857142857,51.8571428571429,8799800,NA
2020-06-07,53.1428571428571,8.85714285714286,53.8571428571429,8799800,NA
2020-06-08,53.8571428571429,8.28571428571429,56.8571428571429,8799800,NA
2020-06-09,56.8571428571429,7.28571428571429,54.5714285714286,8799800,NA
2020-06-10,53.1428571428571,7.42857142857143,50.7142857142857,8799800,NA
2020-06-11,51.5714285714286,6.71428571428571,47,8799800,NA
2020-06-12,52.5714285714286,7.14285714285714,44.1428571428571,8799800,NA
2020-06-13,51.5714285714286,7.57142857142857,40.4285714285714,8799800,NA
2020-06-14,49.4285714285714,7.85714285714286,35.5714285714286,8799800,NA
2020-06-15,47.2857142857143,7.14285714285714,32.7142857142857,8799800,NA
2020-06-16,43.8571428571429,6.57142857142857,35.7142857142857,8799800,NA
2020-06-17,42.4285714285714,6,37.8571428571429,8799800,NA
2020-06-18,42.5714285714286,5.14285714285714,40.4285714285714,8799800,NA
2020-06-19,40.4285714285714,5.28571428571429,42.8571428571429,8799800,NA
2020-06-20,39,5,42.7142857142857,8799800,NA
2020-06-21,38.4285714285714,3.85714285714286,43.1428571428571,8799800,NA
2020-06-22,40.2857142857143,4,44.7142857142857,8799800,NA
2020-06-23,40.7142857142857,4.14285714285714,46.5714285714286,8799800,NA
2020-06-24,41.2857142857143,4.85714285714286,45.8571428571429,8799800,NA
2020-06-25,42.8571428571429,5.57142857142857,45.4285714285714,8799800,NA
2020-06-26,44.2857142857143,4.85714285714286,44.2857142857143,8799800,NA
2020-06-27,44.7142857142857,4.28571428571429,45.7142857142857,8799800,NA
2020-06-28,44.1428571428571,4.71428571428571,44.7142857142857,8799800,NA
2020-06-29,45,4.57142857142857,39,8799800,NA
2020-06-30,45.2857142857143,4.42857142857143,33.1428571428571,8799800,NA
2020-07-01,44.8571428571429,4,33.4285714285714,8799800,NA
2020-07-02,42.7142857142857,3.71428571428571,30.5714285714286,8799800,NA
2020-07-03,41.2857142857143,3.14285714285714,27.8571428571429,8799800,NA
2020-07-04,41.2857142857143,3.42857142857143,26,8799800,NA
2020-07-05,45.5714285714286,3.42857142857143,26.7142857142857,8799800,NA
2020-07-06,45,3.42857142857143,28.1428571428571,8799800,NA
2020-07-07,46.1428571428571,3,27.8571428571429,8799800,NA
2020-07-08,48.4285714285714,2.71428571428571,24.5714285714286,8799800,NA
2020-07-09,50,2.71428571428571,24.5714285714286,8799800,NA
2020-07-10,50.1428571428571,2.71428571428571,25.4285714285714,8799800,NA
2020-07-11,48.4285714285714,3,25.5714285714286,8799800,NA
2020-07-12,46.4285714285714,2.57142857142857,24.5714285714286,8799800,NA
2020-07-13,50.7142857142857,2.42857142857143,22.8571428571429,8799800,NA
2020-07-14,51.1428571428571,2.71428571428571,21.8571428571429,8799800,NA
2020-07-15,53.5714285714286,2.42857142857143,20.7142857142857,8799800,NA
2020-07-16,55.8571428571429,2.14285714285714,20.2857142857143,8799800,NA
2020-07-17,57.1428571428571,2.42857142857143,19.1428571428571,8799800,NA
2020-07-18,61.1428571428571,2,17.4285714285714,8799800,NA
2020-07-19,61.7142857142857,2,16.1428571428571,8799800,NA
2020-07-20,64.1428571428571,1.71428571428571,15.5714285714286,8799800,NA
2020-07-21,66.7142857142857,1.71428571428571,14.4285714285714,8799800,NA
2020-07-22,68,2.14285714285714,12.8571428571429,8799800,NA
2020-07-23,68,2.71428571428571,11.4285714285714,8799800,NA
2020-07-24,73.1428571428571,2.57142857142857,11,8799800,NA
2020-07-25,74.4285714285714,2.57142857142857,11,8799800,NA
2020-07-26,77.5714285714286,2.71428571428571,11.2857142857143,8799800,NA
2020-07-27,77.4285714285714,2.71428571428571,10.7142857142857,8799800,NA
2020-07-28,80.1428571428571,2.57142857142857,10.1428571428571,8799800,NA
2020-07-29,82.7142857142857,2.14285714285714,10.1428571428571,8799800,NA
2020-07-30,87.5714285714286,1.42857142857143,8.85714285714286,8799800,NA
2020-07-31,86.5714285714286,1.28571428571429,7,8799800,NA
2020-08-01,86.8571428571429,1.42857142857143,7,8799800,NA
2020-08-02,88.5714285714286,1.57142857142857,7.14285714285714,8799800,NA
2020-08-03,86.8571428571429,1.42857142857143,6,8799800,NA
2020-08-04,87.7142857142857,1.28571428571429,5.71428571428571,8799800,NA
2020-08-05,90,1.14285714285714,5.85714285714286,8799800,NA
2020-08-06,90.5714285714286,1.57142857142857,6.14285714285714,8799800,NA
2020-08-07,97.5714285714286,1.28571428571429,6.85714285714286,8799800,NA
2020-08-08,97.1428571428571,1.42857142857143,6.42857142857143,8799800,NA
2020-08-09,96.1428571428571,1.14285714285714,6.42857142857143,8799800,NA
2020-08-10,104.428571428571,1.42857142857143,7.42857142857143,8799800,NA
2020-08-11,110.714285714286,1.57142857142857,9.28571428571429,8799800,NA
2020-08-12,117.285714285714,1.71428571428571,8.28571428571429,8799800,NA
2020-08-13,119.857142857143,1.71428571428571,8.57142857142857,8799800,NA
2020-08-14,120.571428571429,2,8.71428571428571,8799800,NA
2020-08-15,127.714285714286,1.57142857142857,9,8799800,NA
2020-08-16,130.428571428571,1.42857142857143,8.57142857142857,8799800,NA
2020-08-17,136.571428571429,1.28571428571429,7.57142857142857,8799800,NA
2020-08-18,141.428571428571,1.14285714285714,5.85714285714286,8799800,NA
2020-08-19,139.857142857143,1,6.14285714285714,8799800,NA
2020-08-20,151.571428571429,0.857142857142857,5.71428571428571,8799800,NA
2020-08-21,157.142857142857,0.571428571428571,5.28571428571429,8799800,NA
2020-08-22,159.142857142857,0.714285714285714,5.14285714285714,8799800,NA
2020-08-23,166.714285714286,0.714285714285714,5.28571428571429,8799800,NA
2020-08-24,167.857142857143,0.571428571428571,5.85714285714286,8799800,NA
2020-08-25,165.857142857143,0.571428571428571,6.28571428571429,8799800,NA
2020-08-26,167.428571428571,0.714285714285714,6,8799800,NA
2020-08-27,170.857142857143,0.428571428571429,5.85714285714286,8799800,NA
2020-08-28,178.428571428571,0.428571428571429,6.71428571428571,8799800,NA
2020-08-29,181.142857142857,0.428571428571429,7.14285714285714,8799800,NA
2020-08-30,179.857142857143,0.428571428571429,6.85714285714286,8799800,NA
2020-08-31,182.571428571429,0.571428571428571,6.85714285714286,8799800,NA
2020-09-01,203.428571428571,0.571428571428571,6.42857142857143,8799800,NA
2020-09-02,228.857142857143,0.428571428571429,7.28571428571429,8799800,NA
2020-09-03,245.428571428571,0.571428571428571,8.71428571428571,8799800,NA
2020-09-04,264.857142857143,0.571428571428571,8.71428571428571,8799800,NA
2020-09-05,283.714285714286,0.428571428571429,11.1428571428571,8799800,NA
2020-09-06,294.714285714286,0.714285714285714,12,8799800,NA
2020-09-07,330,0.571428571428571,11.8571428571429,8799800,NA
2020-09-08,335,0.571428571428571,12.5714285714286,8799800,NA
2020-09-09,335.571428571429,0.714285714285714,13.4285714285714,8799800,NA
2020-09-10,342.571428571429,1,14,8799800,NA
2020-09-11,339.142857142857,1.42857142857143,14.2857142857143,8799800,NA
2020-09-12,333.571428571429,1.42857142857143,13.7142857142857,8799800,NA
2020-09-13,319.714285714286,1.14285714285714,15.2857142857143,8799800,NA
2020-09-14,296.857142857143,1.14285714285714,19,8799800,NA
2020-09-15,285.571428571429,1.57142857142857,21.1428571428571,8799800,2
2020-09-16,278,1.57142857142857,22.2857142857143,8799800,2
2020-09-17,268.142857142857,1.85714285714286,23.5714285714286,8799800,2
2020-09-18,275.428571428571,1.71428571428571,27.5714285714286,8799800,2
2020-09-19,291.142857142857,2.57142857142857,29.4285714285714,8799800,2
2020-09-20,334.428571428571,3.14285714285714,31.5714285714286,8799800,2
2020-09-21,353,3.57142857142857,33.4285714285714,8799800,2
2020-09-22,389.142857142857,3.71428571428571,34.7142857142857,8799800,2
2020-09-23,441.142857142857,4.71428571428571,36.2857142857143,8799800,2
2020-09-24,480.285714285714,4.28571428571429,39,8799800,2
2020-09-25,511.857142857143,4.14285714285714,38.2857142857143,8799800,2
2020-09-26,541.857142857143,3.57142857142857,37.7142857142857,8799800,2
2020-09-27,559,3.28571428571429,35.5714285714286,8799800,2
2020-09-28,603.285714285714,3.71428571428571,33.2857142857143,8799800,2
2020-09-29,629,4.14285714285714,33.4285714285714,8799800,2
2020-09-30,678.714285714286,4,32.7142857142857,8799800,2
2020-10-01,746.428571428571,4.42857142857143,33.1428571428571,8799800,2
2020-10-02,808.285714285714,4.57142857142857,33.2857142857143,8799800,2
2020-10-03,843.714285714286,4.85714285714286,34.7142857142857,8799800,2
2020-10-04,886.428571428571,4.85714285714286,35.2857142857143,8799800,2
2020-10-05,965.571428571429,5.28571428571429,38,8799800,2
2020-10-06,1031.71428571429,4.85714285714286,39,8799800,2
2020-10-07,1091.57142857143,4.85714285714286,41.1428571428571,8799800,2
2020-10-08,1149.42857142857,5,39.5714285714286,8799800,2
2020-10-09,1195.42857142857,6,42.1428571428571,8799800,2
2020-10-10,1207,6,44,8799800,2
2020-10-11,1194.28571428571,6.28571428571429,47.2857142857143,8799800,2
2020-10-12,1236,5.57142857142857,50.4285714285714,8799800,2
2020-10-13,1274.85714285714,5.42857142857143,54.7142857142857,8799800,2
2020-10-14,1305.28571428571,5.42857142857143,59,8799800,2
2020-10-15,1342.28571428571,6.42857142857143,64.5714285714286,8799800,2
2020-10-16,1388.42857142857,6.14285714285714,66.2857142857143,8799800,2
2020-10-17,1422.14285714286,6.14285714285714,71.4285714285714,8799800,2
2020-10-18,1502.57142857143,6.42857142857143,77.8571428571429,8799800,2
2020-10-19,1612.42857142857,7.14285714285714,80.8571428571429,8799800,2
2020-10-20,1740.42857142857,7.57142857142857,83.1428571428571,8799800,2
2020-10-21,1845.85714285714,8.42857142857143,88.5714285714286,8799800,2
2020-10-22,1911.57142857143,8.14285714285714,92.8571428571429,8799800,2
2020-10-23,1962.71428571429,7.85714285714286,101.142857142857,8799800,2
2020-10-24,2011.42857142857,9.85714285714286,104.142857142857,8799800,2
2020-10-25,2010.71428571429,10.4285714285714,107.428571428571,8799800,2
2020-10-26,2039.57142857143,10.7142857142857,116.714285714286,8799800,2
2020-10-27,2007.42857142857,11.7142857142857,119.571428571429,8799800,2
2020-10-28,1953.14285714286,12.5714285714286,119.285714285714,8799800,2
2020-10-29,1928.85714285714,13.1428571428571,123.857142857143,8799800,2
2020-10-30,1907.71428571429,14.2857142857143,124,8799800,2
2020-10-31,1899.85714285714,12.7142857142857,127.428571428571,8799800,2
2020-11-01,1888.85714285714,13.8571428571429,129.714285714286,8799800,2
2020-11-02,1946.57142857143,15.1428571428571,127,8799800,2
2020-11-03,1953.85714285714,15.2857142857143,126.142857142857,8799800,2
2020-11-04,1966.42857142857,14.7142857142857,127.714285714286,8799800,2
2020-11-05,1978.57142857143,15.2857142857143,124.571428571429,8799800,2
2020-11-06,2014.28571428571,15.2857142857143,121,8799800,2
2020-11-07,2052,17.7142857142857,117.714285714286,8799800,2
2020-11-08,2132.85714285714,18.1428571428571,120,8799800,2
2020-11-09,2156.14285714286,18.7142857142857,120,8799800,2
2020-11-10,2243.85714285714,18.7142857142857,126.285714285714,8799800,2
2020-11-11,2369.14285714286,18.2857142857143,127.857142857143,8799800,2
2020-11-12,2479.85714285714,18.7142857142857,132.714285714286,8799800,2
2020-11-13,2565.42857142857,18.8571428571429,137.714285714286,8799800,2
2020-11-14,2607.28571428571,18.1428571428571,142,8799800,2
2020-11-15,2612.71428571429,17.7142857142857,144.857142857143,8799800,2
2020-11-16,2611.14285714286,19,147.428571428571,8799800,2
2020-11-17,2585.57142857143,21.5714285714286,148.142857142857,8799800,2
2020-11-18,2518,23,154.571428571429,8799800,2
2020-11-19,2421.14285714286,23.7142857142857,157.571428571429,8799800,2
2020-11-20,2336.57142857143,25.7142857142857,154.714285714286,8799800,2
2020-11-21,2272.85714285714,26.1428571428571,158.428571428571,8799800,2
2020-11-22,2226.85714285714,28.5714285714286,154.857142857143,8799800,2
2020-11-23,2128.71428571429,26.8571428571429,153.857142857143,8799800,2
2020-11-24,2069,26.7142857142857,150.857142857143,8799800,2
2020-11-25,2037.14285714286,28.8571428571429,153.857142857143,8799800,2
2020-11-26,2020,29,151.285714285714,8799800,2
2020-11-27,2031.71428571429,28.8571428571429,152.428571428571,8799800,2
2020-11-28,2051.71428571429,29.8571428571429,144.142857142857,8799800,2
2020-11-29,2074.85714285714,32.2857142857143,145.428571428571,8799800,2
2020-11-30,2116.28571428571,33.1428571428571,145.285714285714,8799800,2
2020-12-01,2160.57142857143,31.5714285714286,149.428571428571,8799800,2
2020-12-02,2242.57142857143,30.4285714285714,144,8799800,2
2020-12-03,2299,31.1428571428571,144.142857142857,8799800,2
2020-12-04,2403.28571428571,31.8571428571429,150.714285714286,8799800,2
2020-12-05,2492.28571428571,32,155.571428571429,8799800,2
2020-12-06,2603,28.7142857142857,159.142857142857,8799800,2
2020-12-07,2750,30.1428571428571,168.285714285714,8799800,2
2020-12-08,2931.42857142857,32.7142857142857,174.428571428571,8799800,2
2020-12-09,3163.28571428571,33,186.714285714286,8799800,2
2020-12-10,3533.71428571429,32.8571428571429,198,8799800,2
2020-12-11,3901.42857142857,32.4285714285714,213.285714285714,8799800,2
2020-12-12,4254.57142857143,34.7142857142857,228.285714285714,8799800,2
2020-12-13,4701.14285714286,35.1428571428571,243.714285714286,8799800,2
2020-12-14,5371,35.4285714285714,255.428571428571,8799800,2
2020-12-15,6116,36.4285714285714,273.857142857143,8799800,2
2020-12-16,6930.71428571429,37,274.428571428571,8799800,2
2020-12-17,7678.85714285714,41,293.142857142857,8799800,2
2020-12-18,8459.42857142857,44.4285714285714,304.571428571429,8799800,2
2020-12-19,8822.28571428571,44.7142857142857,327.142857142857,8799800,2
2020-12-20,9323.28571428571,47.4285714285714,345.142857142857,8799800,2
2020-12-21,10045.7142857143,50.2857142857143,375.571428571429,8799800,2
2020-12-22,10702.1428571429,56.4285714285714,400.714285714286,8799800,2
2020-12-23,11040.2857142857,62.2857142857143,437.714285714286,8799800,2
2020-12-24,10937,63.4285714285714,455.714285714286,8799800,2
2020-12-25,9995.71428571429,69.1428571428571,487.285714285714,8799800,2
2020-12-26,10680.8571428571,76.1428571428571,516.285714285714,8799800,2
2020-12-27,11293.1428571429,84,547.142857142857,8799800,2
2020-12-28,10919.5714285714,91.5714285714286,580.571428571429,8799800,2
2020-12-29,11876.1428571429,94.7142857142857,605,8799800,2
2020-12-30,12608.4285714286,103.285714285714,629.285714285714,8799800,2
2020-12-31,13047.4285714286,114,660.142857142857,8799800,2
2021-01-01,13401.1428571429,121.285714285714,691.285714285714,8799800,2
2021-01-02,13666.2857142857,131,722.857142857143,8799800,2
2021-01-03,13671,136.571428571429,756.571428571429,8799800,2
2021-01-04,14638.4285714286,146,769.571428571429,8799800,2
2021-01-05,13871.2857142857,157.285714285714,803,8799800,2
2021-01-06,13332.2857142857,162.857142857143,845.285714285714,8799800,2
2021-01-07,13287.5714285714,170,861.285714285714,8799800,2
2021-01-08,13842,176.428571428571,863.714285714286,8799800,2
2021-01-09,13130.4285714286,178.857142857143,864.285714285714,8799800,2
2021-01-10,12308.1428571429,186.857142857143,845.571428571429,8799800,2
2021-01-11,11478.4285714286,189.571428571429,840.571428571429,8799800,2
2021-01-12,10790.7142857143,192.571428571429,835.142857142857,8799800,2
2021-01-13,10165.7142857143,198.857142857143,810.428571428571,8799800,2
2021-01-14,9709.28571428571,201.857142857143,802.285714285714,8799800,2
2021-01-15,9370.28571428571,202,781.857142857143,8799800,2
2021-01-16,8991.85714285714,206.285714285714,771.285714285714,8799800,2
2021-01-17,8689.28571428571,207.857142857143,759.571428571429,8799800,2
2021-01-18,8213.85714285714,211.571428571429,746.571428571429,8799800,2
2021-01-19,7804.14285714286,214,727.571428571429,8799800,2
2021-01-20,7356.57142857143,210.428571428571,707,8799800,2
2021-01-21,6897.28571428571,208.428571428571,683.428571428571,8799800,2
2021-01-22,6517.71428571429,206.428571428571,670.571428571429,8799800,2
2021-01-23,6224.57142857143,200.857142857143,636.571428571429,8799800,2
2021-01-24,5892.57142857143,193.571428571429,621.142857142857,8799800,2
2021-01-25,5405.14285714286,185.857142857143,588.857142857143,8799800,2
2021-01-26,4988,174,550.285714285714,8799800,2
2021-01-27,4693.28571428571,167.857142857143,525.285714285714,8799800,2
2021-01-28,4411.57142857143,158.714285714286,507.428571428571,8799800,2
2021-01-29,4091.28571428571,153.428571428571,485,8799800,2
2021-01-30,3870.71428571429,144.142857142857,463.571428571429,8799800,2
2021-01-31,3740.57142857143,137.571428571429,442.142857142857,8799800,2
2021-02-01,3493.71428571429,129.714285714286,434,8799800,2
2021-02-02,3311.85714285714,126.428571428571,417.571428571429,8799800,2
2021-02-03,3092.57142857143,122.571428571429,398.142857142857,8799800,2
2021-02-04,2887.71428571429,114.857142857143,377.571428571429,8799800,2
2021-02-05,2700.28571428571,110.285714285714,358.857142857143,8799800,2
2021-02-06,2539.71428571429,107.571428571429,339.714285714286,8799800,2
2021-02-07,2410.42857142857,103.142857142857,326.571428571429,8799800,2
2021-02-08,2193.85714285714,99.1428571428571,307.428571428571,8799800,2
2021-02-09,2005.85714285714,91.4285714285714,289.571428571429,8799800,2
2021-02-10,1833.85714285714,84.8571428571429,274.428571428571,8799800,2
2021-02-11,1683.42857142857,82.2857142857143,258.428571428571,8799800,2
2021-02-12,1559,75.8571428571429,243.857142857143,8799800,2
2021-02-13,1459.85714285714,72.1428571428571,235.142857142857,8799800,2
2021-02-14,1393,68.5714285714286,220,8799800,2
2021-02-15,1331.14285714286,64.1428571428571,204.571428571429,8799800,2
2021-02-16,1263.57142857143,63.2857142857143,195.142857142857,8799800,2
2021-02-17,1199.85714285714,60.5714285714286,181.857142857143,8799800,2
2021-02-18,1151.14285714286,60.1428571428571,171.142857142857,8799800,2
2021-02-19,1114.71428571429,58.8571428571429,165.428571428571,8799800,2
2021-02-20,1104.14285714286,55,156.142857142857,8799800,2
2021-02-21,1082.42857142857,54.1428571428571,146.285714285714,8799800,2
2021-02-22,1027.85714285714,53,139.142857142857,8799800,2
2021-02-23,988.714285714286,49.1428571428571,130.142857142857,8799800,2
2021-02-24,936.428571428571,45.5714285714286,123.714285714286,8799800,2
2021-02-25,868,40.8571428571429,119.142857142857,8799800,2
2021-02-26,808.285714285714,37.5714285714286,108,8799800,2
2021-02-27,766.142857142857,36,101.428571428571,8799800,2
2021-02-28,728.428571428571,32,97.1428571428571,8799800,2
2021-03-01,661.428571428571,30.1428571428571,91.4285714285714,8799800,NA
2021-03-02,621.571428571429,29,90.2857142857143,8799800,NA
2021-03-03,597.714285714286,26.5714285714286,84.8571428571429,8799800,NA
2021-03-04,579,25.5714285714286,81.7142857142857,8799800,NA
2021-03-05,560.857142857143,25.1428571428571,80.2857142857143,8799800,NA
2021-03-06,544.857142857143,25,78.1428571428571,8799800,NA
2021-03-07,534.285714285714,24.5714285714286,72.5714285714286,8799800,NA
2021-03-08,535,21.8571428571429,67.8571428571429,8799800,NA
2021-03-09,526.142857142857,20.2857142857143,63.8571428571429,8799800,NA
2021-03-10,518.857142857143,19.8571428571429,61.7142857142857,8799800,NA
2021-03-11,510,19.7142857142857,55.8571428571429,8799800,NA
2021-03-12,511.857142857143,16.5714285714286,52.5714285714286,8799800,NA
2021-03-13,507.142857142857,15.4285714285714,52.4285714285714,8799800,NA
2021-03-14,499.571428571429,13.5714285714286,50,8799800,NA
2021-03-15,504.714285714286,13.4285714285714,47.7142857142857,8799800,NA
2021-03-16,491.285714285714,12.4285714285714,44.5714285714286,8799800,NA
2021-03-17,481.571428571429,12.2857142857143,41,8799800,NA
2021-03-18,483.428571428571,10.7142857142857,39,8799800,NA
2021-03-19,472.571428571429,11,39.4285714285714,8799800,NA
2021-03-20,473.142857142857,9.71428571428571,37,8799800,NA
2021-03-21,488.428571428571,10.7142857142857,35.1428571428571,8799800,NA
2021-03-22,479.285714285714,10.1428571428571,33.8571428571429,8799800,NA
2021-03-23,474.571428571429,9.57142857142857,32.1428571428571,8799800,NA
2021-03-24,497.285714285714,9.28571428571429,32.1428571428571,8799800,NA
2021-03-25,495.285714285714,8.85714285714286,32.1428571428571,8799800,NA
2021-03-26,496,8.14285714285714,29.8571428571429,8799800,NA
2021-03-27,486.714285714286,8.71428571428571,29.5714285714286,8799800,NA
2021-03-28,494,7.71428571428571,30.1428571428571,8799800,NA
2021-03-29,476.142857142857,6.57142857142857,29,8799800,NA
2021-03-30,461.142857142857,6.57142857142857,28.4285714285714,8799800,NA
2021-03-31,416.285714285714,6.14285714285714,28.8571428571429,8799800,NA
2021-04-01,401.857142857143,6.14285714285714,27.7142857142857,8799800,NA
2021-04-02,375.285714285714,6.28571428571429,27.8571428571429,8799800,NA
2021-04-03,365.285714285714,5.85714285714286,27.2857142857143,8799800,NA
2021-04-04,321.142857142857,5.14285714285714,26,8799800,NA
2021-04-05,297.428571428571,5.71428571428571,26,8799800,NA
2021-04-06,293.857142857143,5.14285714285714,25,8799800,NA
2021-04-07,301,4.28571428571429,24.4285714285714,8799800,NA
2021-04-08,295.285714285714,4.57142857142857,24.7142857142857,8799800,NA
2021-04-09,310.285714285714,4.85714285714286,23.8571428571429,8799800,NA
2021-04-10,316.142857142857,4.85714285714286,23.8571428571429,8799800,NA
2021-04-11,329.142857142857,4.85714285714286,24.5714285714286,8799800,NA
2021-04-12,342.142857142857,4.42857142857143,25,8799800,NA
2021-04-13,334.142857142857,4.85714285714286,24.7142857142857,8799800,NA
2021-04-14,323.142857142857,4.85714285714286,24,8799800,NA
2021-04-15,321.857142857143,4.85714285714286,22.1428571428571,8799800,NA
2021-04-16,315.571428571429,4.57142857142857,21.1428571428571,8799800,NA
2021-04-17,306.714285714286,3.71428571428571,18.8571428571429,8799800,NA
2021-04-18,318.571428571429,3.57142857142857,17.2857142857143,8799800,NA
2021-04-19,324.571428571429,3.71428571428571,16.1428571428571,8799800,NA
2021-04-20,335.142857142857,3.42857142857143,15.4285714285714,8799800,NA
2021-04-21,348.571428571429,3.28571428571429,15,8799800,NA
2021-04-22,349.428571428571,2.42857142857143,15,8799800,NA
2021-04-23,337.714285714286,2.14285714285714,16.1428571428571,8799800,NA
2021-04-24,340,2,17,8799800,NA
2021-04-25,323.714285714286,2,17,8799800,NA
2021-04-26,313.714285714286,1.42857142857143,16.2857142857143,8799800,NA
2021-04-27,300.714285714286,1.42857142857143,17.1428571428571,8799800,NA
2021-04-28,289,2,16.5714285714286,8799800,NA
2021-04-29,273.142857142857,1.85714285714286,16.7142857142857,8799800,NA
2021-04-30,271.714285714286,2.14285714285714,15.1428571428571,8799800,NA
2021-05-01,263.142857142857,2.57142857142857,14.7142857142857,8799800,3
2021-05-02,249.142857142857,2.42857142857143,13.8571428571429,8799800,3
2021-05-03,238.428571428571,2.71428571428571,13.5714285714286,8799800,3
2021-05-04,242.714285714286,2.57142857142857,11.4285714285714,8799800,3
2021-05-05,239.285714285714,2.57142857142857,11.8571428571429,8799800,3
2021-05-06,251.285714285714,2.57142857142857,11.5714285714286,8799800,3
2021-05-07,250.857142857143,2.42857142857143,12.1428571428571,8799800,3
2021-05-08,251.428571428571,2,11.8571428571429,8799800,3
2021-05-09,266.285714285714,1.85714285714286,12.5714285714286,8799800,3
2021-05-10,282.285714285714,2,13.4285714285714,8799800,3
2021-05-11,279.714285714286,1.85714285714286,15,8799800,3
2021-05-12,272.571428571429,1.28571428571429,14.2857142857143,8799800,3
2021-05-13,267.285714285714,1.28571428571429,14.5714285714286,8799800,3
2021-05-14,269.285714285714,1.14285714285714,14.1428571428571,8799800,3
2021-05-15,269.714285714286,1.14285714285714,14.2857142857143,8799800,3
2021-05-16,260.714285714286,1.28571428571429,13.5714285714286,8799800,3
2021-05-17,257.571428571429,0.857142857142857,13.8571428571429,8799800,3
2021-05-18,262,0.857142857142857,14.1428571428571,8799800,3
2021-05-19,280.142857142857,0.714285714285714,14.4285714285714,8799800,3
2021-05-20,289.571428571429,1,15.7142857142857,8799800,3
2021-05-21,292.714285714286,1.42857142857143,15.8571428571429,8799800,3
2021-05-22,300.571428571429,1.42857142857143,16.2857142857143,8799800,3
2021-05-23,308.714285714286,1.57142857142857,16.5714285714286,8799800,3
2021-05-24,314.428571428571,2,16.2857142857143,8799800,3
2021-05-25,328,2,15.8571428571429,8799800,3
2021-05-26,345.857142857143,2.57142857142857,16.5714285714286,8799800,3
2021-05-27,373.142857142857,2.42857142857143,15.5714285714286,8799800,3
2021-05-28,395.571428571429,2.14285714285714,16.4285714285714,8799800,3
2021-05-29,415.142857142857,2.42857142857143,16.8571428571429,8799800,3
2021-05-30,432.285714285714,2.14285714285714,17.5714285714286,8799800,3
2021-05-31,451.571428571429,1.85714285714286,18,8799800,3
2021-06-01,492.857142857143,1.85714285714286,19.8571428571429,8799800,3
2021-06-02,539.857142857143,1.42857142857143,19.8571428571429,8799800,3
2021-06-03,579.428571428571,1.28571428571429,20.2857142857143,8799800,3
2021-06-04,618.428571428571,1.28571428571429,19.8571428571429,8799800,3
2021-06-05,648.714285714286,1,19.7142857142857,8799800,3
2021-06-06,686.714285714286,1.42857142857143,21,8799800,3
2021-06-07,758.428571428571,1.42857142857143,20.5714285714286,8799800,3
2021-06-08,813,1.71428571428571,19.2857142857143,8799800,3
2021-06-09,850.571428571429,2.28571428571429,21.2857142857143,8799800,3
2021-06-10,879,2.28571428571429,22.5714285714286,8799800,3
2021-06-11,912.571428571429,2,24.2857142857143,8799800,3
2021-06-12,937.428571428571,2.57142857142857,25.8571428571429,8799800,3
2021-06-13,951.714285714286,2.42857142857143,26.8571428571429,8799800,3
2021-06-14,979,2.28571428571429,29.1428571428571,8799800,3
2021-06-15,1008.28571428571,2.28571428571429,31.5714285714286,8799800,3
2021-06-16,1020.57142857143,1.85714285714286,30.4285714285714,8799800,3
2021-06-17,1064,2,30.7142857142857,8799800,3
2021-06-18,1078.28571428571,2.57142857142857,30.4285714285714,8799800,3
2021-06-19,1100,2.14285714285714,31,8799800,3
2021-06-20,1129.14285714286,1.85714285714286,30.7142857142857,8799800,3
2021-06-21,1192.85714285714,1.85714285714286,28.7142857142857,8799800,3
2021-06-22,1262.42857142857,1.71428571428571,27.1428571428571,8799800,3
2021-06-23,1377.85714285714,1.42857142857143,27.7142857142857,8799800,3
2021-06-24,1472,1.57142857142857,26.4285714285714,8799800,3
2021-06-25,1617.57142857143,1.57142857142857,26.4285714285714,8799800,3
2021-06-26,1731.71428571429,1.28571428571429,27,8799800,3
2021-06-27,1863,1.57142857142857,27.8571428571429,8799800,3
2021-06-28,2037.14285714286,1.85714285714286,29.5714285714286,8799800,3
2021-06-29,2209.85714285714,2,33.1428571428571,8799800,3
2021-06-30,2368.71428571429,2.71428571428571,36.2857142857143,8799800,3
2021-07-01,2531.42857142857,2.85714285714286,37.4285714285714,8799800,3
2021-07-02,2658.14285714286,2.42857142857143,38.2857142857143,8799800,3
2021-07-03,2795.28571428571,3.14285714285714,39.2857142857143,8799800,3
2021-07-04,2902.28571428571,2.85714285714286,41.5714285714286,8799800,3
2021-07-05,3043.71428571429,2.85714285714286,45,8799800,3
2021-07-06,3190.71428571429,3,45.1428571428571,8799800,3
2021-07-07,3393.57142857143,2.71428571428571,46.7142857142857,8799800,3
2021-07-08,3478.14285714286,2.42857142857143,53.7142857142857,8799800,3
2021-07-09,3579.57142857143,2.57142857142857,58.8571428571429,8799800,3
2021-07-10,3660.71428571429,2.42857142857143,62,8799800,3
2021-07-11,3752.71428571429,2.42857142857143,63.7142857142857,8799800,3
2021-07-12,3910.71428571429,2.57142857142857,69.5714285714286,8799800,3
2021-07-13,4094.28571428571,2.71428571428571,74.7142857142857,8799800,3
2021-07-14,4390.14285714286,3,78.1428571428571,8799800,3
2021-07-15,4979.85714285714,3,78.7142857142857,8799800,3
2021-07-16,5477.42857142857,3.28571428571429,81.1428571428571,8799800,3
2021-07-17,5738.85714285714,3.71428571428571,86.2857142857143,8799800,3
2021-07-18,5916,4.71428571428571,91.2857142857143,8799800,3
2021-07-19,6083,5.57142857142857,94.2857142857143,8799800,3
2021-07-20,6061.57142857143,6.28571428571429,99.1428571428571,8799800,3
2021-07-21,5806,6.57142857142857,104.857142857143,8799800,3
2021-07-22,5305.42857142857,7.14285714285714,113.142857142857,8799800,3
2021-07-23,4847.85714285714,8,115.857142857143,8799800,3
2021-07-24,4567.42857142857,8,120.714285714286,8799800,3
2021-07-25,4333,7.71428571428571,124.857142857143,8799800,3
2021-07-26,4033.71428571429,7.71428571428571,131.285714285714,8799800,3
2021-07-27,3854.71428571429,7,132.714285714286,8799800,3
2021-07-28,3737.42857142857,7.42857142857143,129.857142857143,8799800,3
2021-07-29,3678.57142857143,8.28571428571429,128.142857142857,8799800,3
2021-07-30,3596.14285714286,8.71428571428571,131.285714285714,8799800,3
2021-07-31,3532.28571428571,8.85714285714286,129.857142857143,8799800,3
2021-08-01,3506.71428571429,9.57142857142857,128.857142857143,8799800,3
2021-08-02,3498.85714285714,9.71428571428571,119.857142857143,8799800,3
2021-08-03,3516.85714285714,10.1428571428571,118.142857142857,8799800,3
2021-08-04,3564,11.1428571428571,119.142857142857,8799800,3
2021-08-05,3619.42857142857,11.5714285714286,119.428571428571,8799800,3
2021-08-06,3672.14285714286,11,117.714285714286,8799800,3
2021-08-07,3721.14285714286,11.1428571428571,114.571428571429,8799800,3
2021-08-08,3751.71428571429,11,113,8799800,3
2021-08-09,3735.85714285714,10.7142857142857,112,8799800,3
2021-08-10,3721,11.2857142857143,109,8799800,3
2021-08-11,3732,10.8571428571429,110.142857142857,8799800,3
2021-08-12,3693.14285714286,11,110.571428571429,8799800,3
2021-08-13,3698.42857142857,10.5714285714286,111.142857142857,8799800,3
2021-08-14,3689,11.1428571428571,115,8799800,3
2021-08-15,3666.57142857143,11.7142857142857,111.714285714286,8799800,3
2021-08-16,3673.71428571429,12,116.571428571429,8799800,3
2021-08-17,3659,11.7142857142857,118.285714285714,8799800,3
2021-08-18,3578,11,121.857142857143,8799800,3
2021-08-19,3522.85714285714,10.8571428571429,122.714285714286,8799800,3
2021-08-20,3437.85714285714,13.1428571428571,123,8799800,3
2021-08-21,3406.42857142857,13.8571428571429,122.285714285714,8799800,3
2021-08-22,3401.14285714286,13.5714285714286,128.714285714286,8799800,3
2021-08-23,3362.57142857143,13.8571428571429,131.714285714286,8799800,3
2021-08-24,3318.14285714286,14.1428571428571,139.428571428571,8799800,3
2021-08-25,3278.85714285714,14.7142857142857,138.428571428571,8799800,3
2021-08-26,3223.71428571429,14.8571428571429,134.857142857143,8799800,3
2021-08-27,3220.28571428571,13.4285714285714,133.714285714286,8799800,3
2021-08-28,3208.85714285714,13.2857142857143,132.571428571429,8799800,3
2021-08-29,3146.42857142857,13,130.285714285714,8799800,3
2021-08-30,3034.42857142857,12.5714285714286,130.142857142857,8799800,3
2021-08-31,3076.71428571429,12.7142857142857,126.714285714286,8799800,3
2021-09-01,3097.85714285714,12.5714285714286,124.571428571429,8799800,3
2021-09-02,3178.71428571429,12.2857142857143,125.571428571429,8799800,3
2021-09-03,3234,13.8571428571429,124.142857142857,8799800,3
2021-09-04,3249.71428571429,12.5714285714286,120.142857142857,8799800,3
2021-09-05,3309.57142857143,13.1428571428571,117.571428571429,8799800,3
2021-09-06,3455.14285714286,14.2857142857143,117,8799800,3
2021-09-07,3405.42857142857,14.4285714285714,114.428571428571,8799800,3
2021-09-08,3339.42857142857,14.7142857142857,115.714285714286,8799800,3
2021-09-09,3196,15.7142857142857,114.571428571429,8799800,3
2021-09-10,3059,13.8571428571429,114.428571428571,8799800,3
2021-09-11,2983.14285714286,14.5714285714286,117.428571428571,8799800,3
2021-09-12,2891.57142857143,13.7142857142857,116.142857142857,8799800,3
2021-09-13,2744.14285714286,12,109.857142857143,8799800,3
2021-09-14,2627,12.1428571428571,105.142857142857,8799800,3
2021-09-15,2523.42857142857,12.5714285714286,98.8571428571429,8799800,3
2021-09-16,2471.28571428571,11.1428571428571,97.2857142857143,8799800,3
2021-09-17,2449.14285714286,11,93.7142857142857,8799800,3
2021-09-18,2440.28571428571,10.5714285714286,89.2857142857143,8799800,3
2021-09-19,2485.28571428571,10.5714285714286,86.2857142857143,8799800,3
2021-09-20,2530.71428571429,11.4285714285714,86.1428571428571,8799800,3
2021-09-21,2577.28571428571,10.8571428571429,85.5714285714286,8799800,3
2021-09-22,2631.71428571429,10.2857142857143,84.2857142857143,8799800,3
2021-09-23,2682,11.2857142857143,82.1428571428571,8799800,3
2021-09-24,2685,12.2857142857143,83.7142857142857,8799800,3
2021-09-25,2709.57142857143,12.2857142857143,84.1428571428571,8799800,3
2021-09-26,2735.14285714286,12.7142857142857,84.4285714285714,8799800,3
2021-09-27,2784.14285714286,13.8571428571429,82.8571428571429,8799800,3
2021-09-28,2766.14285714286,15,81,8799800,3
2021-09-29,2760.28571428571,15.2857142857143,81.1428571428571,8799800,3
2021-09-30,2739.71428571429,15.1428571428571,78,8799800,3
2021-10-01,2710.14285714286,15.1428571428571,75.5714285714286,8799800,NA
2021-10-02,2690.85714285714,15.2857142857143,75.7142857142857,8799800,NA
2021-10-03,2693,14.7142857142857,73.5714285714286,8799800,NA
2021-10-04,2670.57142857143,13.5714285714286,73.7142857142857,8799800,NA
2021-10-05,2711,13,73.8571428571429,8799800,NA
2021-10-06,2715.71428571429,12.4285714285714,73.1428571428571,8799800,NA
2021-10-07,2761.71428571429,11.4285714285714,75.7142857142857,8799800,NA
2021-10-08,2829.14285714286,10.7142857142857,76.8571428571429,8799800,NA
2021-10-09,2870.14285714286,11.2857142857143,74.7142857142857,8799800,NA
2021-10-10,2900.42857142857,11.8571428571429,74.8571428571429,8799800,NA
2021-10-11,2975.42857142857,12,73.1428571428571,8799800,NA
2021-10-12,3018.71428571429,11.1428571428571,75.8571428571429,8799800,NA
2021-10-13,3120,10.4285714285714,78.8571428571429,8799800,NA
2021-10-14,3191.14285714286,11.5714285714286,81.8571428571429,8799800,NA
2021-10-15,3279.71428571429,10.8571428571429,84.8571428571429,8799800,NA
2021-10-16,3325,10.4285714285714,89.5714285714286,8799800,NA
2021-10-17,3407.42857142857,11,96.4285714285714,8799800,NA
2021-10-18,3504.57142857143,11.1428571428571,99.1428571428571,8799800,NA
2021-10-19,3651.57142857143,11.5714285714286,100.857142857143,8799800,NA
2021-10-20,3764.57142857143,11.4285714285714,101.428571428571,8799800,NA
2021-10-21,3836,10.5714285714286,96.5714285714286,8799800,NA
2021-10-22,3865,11.4285714285714,98,8799800,NA
2021-10-23,3878,10.8571428571429,97,8799800,NA
2021-10-24,3803.14285714286,10.1428571428571,95.5714285714286,8799800,NA
2021-10-25,3725.71428571429,10.1428571428571,96.1428571428571,8799800,NA
2021-10-26,3590.85714285714,10.1428571428571,96.4285714285714,8799800,NA
2021-10-27,3504,12.1428571428571,96,8799800,NA
2021-10-28,3453.57142857143,12,98.4285714285714,8799800,NA
2021-10-29,3442.85714285714,11.5714285714286,96,8799800,NA
2021-10-30,3444.85714285714,11.7142857142857,94.1428571428571,8799800,NA
2021-10-31,3468.14285714286,11.8571428571429,95.1428571428571,8799800,NA
2021-11-01,3452.57142857143,12.2857142857143,96.5714285714286,8799800,NA
2021-11-02,3444.42857142857,12.8571428571429,95.5714285714286,8799800,NA
2021-11-03,3377.85714285714,11.4285714285714,93.2857142857143,8799800,NA
2021-11-04,3300.42857142857,11.4285714285714,92.2857142857143,8799800,NA
2021-11-05,3205,12.2857142857143,90.8571428571429,8799800,NA
2021-11-06,3151.71428571429,13.4285714285714,92.1428571428571,8799800,NA
2021-11-07,3124.85714285714,13.7142857142857,90.2857142857143,8799800,NA
2021-11-08,3135.57142857143,14,92.1428571428571,8799800,NA
2021-11-09,3214.42857142857,13.4285714285714,91.5714285714286,8799800,NA
2021-11-10,3334.85714285714,14.7142857142857,94,8799800,NA
2021-11-11,3456.28571428571,15.1428571428571,97.5714285714286,8799800,NA
2021-11-12,3585.14285714286,14.1428571428571,98.7142857142857,8799800,NA
2021-11-13,3684.85714285714,13.7142857142857,97.8571428571429,8799800,NA
2021-11-14,3749,13,100,8799800,NA
2021-11-15,3914.14285714286,12.2857142857143,99.1428571428571,8799800,4
2021-11-16,3977.85714285714,12.1428571428571,98.5714285714286,8799800,4
2021-11-17,4030.57142857143,10.7142857142857,98.1428571428571,8799800,4
2021-11-18,4112.57142857143,9.57142857142857,97.8571428571429,8799800,4
2021-11-19,4149.71428571429,9.71428571428571,95.8571428571429,8799800,4
2021-11-20,4216.42857142857,9.42857142857143,96.2857142857143,8799800,4
2021-11-21,4297.71428571429,9.42857142857143,93.5714285714286,8799800,4
2021-11-22,4334.71428571429,9.28571428571429,87.5714285714286,8799800,4
2021-11-23,4454,9.57142857142857,86,8799800,4
2021-11-24,4582.57142857143,10.4285714285714,87.7142857142857,8799800,4
2021-11-25,4680.57142857143,11.1428571428571,85.7142857142857,8799800,4
2021-11-26,4775.57142857143,11.1428571428571,90,8799800,4
2021-11-27,4865.71428571429,10.8571428571429,91.1428571428571,8799800,4
2021-11-28,4944.57142857143,11.5714285714286,94,8799800,4
2021-11-29,5151.57142857143,11.1428571428571,98,8799800,4
2021-11-30,5372,12,101.428571428571,8799800,4
2021-12-01,5607.57142857143,11.4285714285714,102.285714285714,8799800,4
2021-12-02,5798.14285714286,11.1428571428571,103.714285714286,8799800,4
2021-12-03,6010,12.1428571428571,104.857142857143,8799800,4
2021-12-04,6152.71428571429,12.8571428571429,108,8799800,4
2021-12-05,6315.42857142857,12.8571428571429,110,8799800,4
2021-12-06,6558.14285714286,14.2857142857143,111.428571428571,8799800,4
2021-12-07,6879.85714285714,13.4285714285714,117.571428571429,8799800,4
2021-12-08,7305.71428571429,13.7142857142857,120.142857142857,8799800,4
2021-12-09,7850.14285714286,14,126.142857142857,8799800,4
2021-12-10,8438.85714285714,14.2857142857143,133,8799800,4
2021-12-11,9089.42857142857,13.8571428571429,140.142857142857,8799800,4
2021-12-12,10051.8571428571,15.2857142857143,145.428571428571,8799800,4
2021-12-13,12093.1428571429,14.7142857142857,153.714285714286,8799800,4
2021-12-14,15019.4285714286,15.8571428571429,161,8799800,4
2021-12-15,18016.4285714286,15.7142857142857,170.857142857143,8799800,4
2021-12-16,20833.4285714286,15.8571428571429,178.142857142857,8799800,4
2021-12-17,23255,15.2857142857143,186.428571428571,8799800,4
2021-12-18,25408.1428571429,15.8571428571429,192.714285714286,8799800,4
2021-12-19,26886.5714285714,15.1428571428571,205.285714285714,8799800,4
2021-12-20,28290.1428571429,14.5714285714286,224.142857142857,8799800,4
2021-12-21,28914.8571428571,13.7142857142857,239.571428571429,8799800,4
2021-12-22,29079.7142857143,15,266,8799800,4
2021-12-23,29225.2857142857,16.7142857142857,294.142857142857,8799800,4
2021-12-24,28787.7142857143,18.1428571428571,302.428571428571,8799800,4
2021-12-25,26818.2857142857,17.8571428571429,324.428571428571,8799800,4
2021-12-26,26267,18.5714285714286,342.857142857143,8799800,4
2021-12-27,25609,20.5714285714286,362.285714285714,8799800,4
2021-12-28,24787.7142857143,22.1428571428571,383.571428571429,8799800,4
2021-12-29,25467.5714285714,23.2857142857143,401.428571428571,8799800,4
2021-12-30,25235.2857142857,24.7142857142857,410,8799800,4
2021-12-31,24963.2857142857,23.7142857142857,415.857142857143,8799800,4
2022-01-01,25314,26.4285714285714,408.714285714286,8799800,4
2022-01-02,25765.4285714286,28.8571428571429,404.857142857143,8799800,4
2022-01-03,25606.5714285714,29.5714285714286,399.714285714286,8799800,4
2022-01-04,26164.1428571429,29.7142857142857,387,8799800,4
2022-01-05,24494.2857142857,29.1428571428571,366.285714285714,8799800,4
2022-01-06,23458.5714285714,29.4285714285714,346.285714285714,8799800,4
2022-01-07,22456,31.2857142857143,345.285714285714,8799800,4
2022-01-08,22248.2857142857,31.5714285714286,344.285714285714,8799800,4
2022-01-09,20851.5714285714,30.8571428571429,334.285714285714,8799800,4
2022-01-10,19376.5714285714,31.4285714285714,324.857142857143,8799800,4
2022-01-11,16851.7142857143,33.4285714285714,317.285714285714,8799800,4
2022-01-12,15095.1428571429,34.4285714285714,308.714285714286,8799800,4
2022-01-13,13613.1428571429,34.5714285714286,307.857142857143,8799800,4
2022-01-14,12946.4285714286,35.8571428571429,302.714285714286,8799800,4
2022-01-15,12569.2857142857,36.2857142857143,295,8799800,4
2022-01-16,12442.7142857143,36.2857142857143,298.857142857143,8799800,4
2022-01-17,12228,35,284.571428571429,8799800,4
2022-01-18,12150.1428571429,34,282.714285714286,8799800,4
2022-01-19,12161.7142857143,32.4285714285714,279.714285714286,8799800,4
2022-01-20,12190.5714285714,30.2857142857143,268.285714285714,8799800,4
2022-01-21,12219.2857142857,29.5714285714286,258.857142857143,8799800,4
2022-01-22,12234.7142857143,28.1428571428571,248.857142857143,8799800,4
2022-01-23,12248.5714285714,26,238.285714285714,8799800,4
2022-01-24,12146.7142857143,26.4285714285714,237.714285714286,8799800,4
2022-01-25,12056.7142857143,24.7142857142857,225.142857142857,8799800,4
2022-01-26,12065.2857142857,25.2857142857143,216.714285714286,8799800,4
2022-01-27,12001.5714285714,24.4285714285714,211.571428571429,8799800,4
2022-01-28,11886.4285714286,22.4285714285714,208,8799800,4
2022-01-29,11755.8571428571,21.2857142857143,207,8799800,4
2022-01-30,11540.5714285714,21.1428571428571,199.142857142857,8799800,4
2022-01-31,11189.1428571429,19,192.571428571429,8799800,4
2022-02-01,10878.7142857143,18.4285714285714,190.571428571429,8799800,4
2022-02-02,10539.8571428571,17.7142857142857,189.428571428571,8799800,4
2022-02-03,10203.2857142857,17.1428571428571,190.428571428571,8799800,4
2022-02-04,9865.28571428571,17.2857142857143,189,8799800,4
2022-02-05,9540,16,186.428571428571,8799800,4
2022-02-06,9144.71428571429,14.5714285714286,186.428571428571,8799800,4
2022-02-07,8727,14.7142857142857,186.571428571429,8799800,4
2022-02-08,8343.28571428571,13.5714285714286,183.571428571429,8799800,4
2022-02-09,7927.28571428571,12,175.714285714286,8799800,4
2022-02-10,7532,11.7142857142857,169.857142857143,8799800,4
2022-02-11,7211,10.7142857142857,167.857142857143,8799800,4
2022-02-12,6910.14285714286,10.2857142857143,165.142857142857,8799800,4
2022-02-13,6527.14285714286,11.1428571428571,159,8799800,4
2022-02-14,6102.85714285714,11.4285714285714,155.285714285714,8799800,4
2022-02-15,5730.57142857143,11.4285714285714,149.428571428571,8799800,4
2022-02-16,5481.57142857143,11.7142857142857,146.714285714286,8799800,4
2022-02-17,5315.71428571429,12.1428571428571,146,8799800,4
2022-02-18,5046.42857142857,11.4285714285714,141.428571428571,8799800,4
2022-02-19,5057.57142857143,10.8571428571429,136.714285714286,8799800,4
2022-02-20,5090.71428571429,10.2857142857143,133.714285714286,8799800,4
2022-02-21,4999.85714285714,10,127.142857142857,8799800,4
2022-02-22,4838.42857142857,10,125.428571428571,8799800,4
2022-02-23,4568.14285714286,9.57142857142857,120,8799800,4
2022-02-24,4307.14285714286,8.85714285714286,115.285714285714,8799800,4
2022-02-25,4258,8.57142857142857,111.714285714286,8799800,4
2022-02-26,4006.57142857143,8.85714285714286,109.714285714286,8799800,5
2022-02-27,3803.85714285714,9.28571428571429,109.857142857143,8799800,5
2022-02-28,3725.28571428571,7.71428571428571,112.714285714286,8799800,5
2022-03-01,3749.28571428571,7.57142857142857,114.428571428571,8799800,5
2022-03-02,3895.71428571429,7.85714285714286,121.142857142857,8799800,5
2022-03-03,4104.57142857143,7.71428571428571,123.857142857143,8799800,5
2022-03-04,4324.71428571429,7.71428571428571,127.428571428571,8799800,5
2022-03-05,4547.42857142857,7.42857142857143,133.285714285714,8799800,5
2022-03-06,4806.42857142857,6.57142857142857,140.857142857143,8799800,5
2022-03-07,5110.28571428571,7.28571428571429,144.428571428571,8799800,5
2022-03-08,5452.71428571429,7.71428571428571,145.285714285714,8799800,5
2022-03-09,5810.42857142857,7.42857142857143,152.142857142857,8799800,5
2022-03-10,6153.28571428571,7.28571428571429,158.142857142857,8799800,5
2022-03-11,6468.85714285714,7.85714285714286,167.714285714286,8799800,5
2022-03-12,6762.57142857143,9.57142857142857,172.428571428571,8799800,5
2022-03-13,7075.85714285714,9.57142857142857,172.857142857143,8799800,5
2022-03-14,7488.85714285714,9.85714285714286,177.714285714286,8799800,5
2022-03-15,7794.85714285714,9.42857142857143,185.714285714286,8799800,5
2022-03-16,8021.42857142857,10.4285714285714,186.428571428571,8799800,5
2022-03-17,8203.71428571429,11.1428571428571,189.857142857143,8799800,5
2022-03-18,8335,11.2857142857143,186.142857142857,8799800,5
2022-03-19,8381,10.8571428571429,192.571428571429,8799800,5
2022-03-20,8441.28571428571,11.4285714285714,194.857142857143,8799800,5
2022-03-21,8577.85714285714,11.1428571428571,198.285714285714,8799800,5
2022-03-22,8672.85714285714,11.5714285714286,200.285714285714,8799800,5
2022-03-23,8730,10.5714285714286,201,8799800,5
2022-03-24,8719.85714285714,10.1428571428571,201.285714285714,8799800,5
2022-03-25,8695.57142857143,10,202.857142857143,8799800,5
2022-03-26,8656.85714285714,9.14285714285714,201.571428571429,8799800,5
2022-03-27,8550.85714285714,8.28571428571429,206.571428571429,8799800,5
2022-03-28,8354.71428571429,8.71428571428571,213.142857142857,8799800,5
2022-03-29,8119.85714285714,8.71428571428571,220.428571428571,8799800,5
2022-03-30,7867.85714285714,9.42857142857143,223.285714285714,8799800,5
2022-03-31,7471.42857142857,10.2857142857143,229.428571428571,8799800,5
2022-04-01,7118.28571428571,10.7142857142857,230.285714285714,8799800,5
2022-04-02,6753.14285714286,11.5714285714286,231.285714285714,8799800,5
2022-04-03,6327.42857142857,13.2857142857143,233.428571428571,8799800,5
2022-04-04,5725.85714285714,12.7142857142857,227.285714285714,8799800,5
2022-04-05,5191.14285714286,12.7142857142857,226.285714285714,8799800,5
2022-04-06,4661.14285714286,13.5714285714286,224.428571428571,8799800,5
2022-04-07,4343.28571428571,14.1428571428571,220.142857142857,8799800,5
2022-04-08,4075.85714285714,13.4285714285714,219.714285714286,8799800,5
2022-04-09,3921.42857142857,13.1428571428571,214.428571428571,8799800,5
2022-04-10,3771.57142857143,12.1428571428571,204.428571428571,8799800,5
2022-04-11,3489.85714285714,13.4285714285714,201.285714285714,8799800,5
2022-04-12,3265.57142857143,13.5714285714286,195.571428571429,8799800,5
2022-04-13,3059.42857142857,13.2857142857143,191,8799800,5
2022-04-14,2899.28571428571,12.8571428571429,183.285714285714,8799800,5
2022-04-15,2706.42857142857,12.7142857142857,176.142857142857,8799800,5
2022-04-16,2573.28571428571,12.8571428571429,170.142857142857,8799800,5
2022-04-17,2412.57142857143,13.1428571428571,162.714285714286,8799800,5
2022-04-18,2292,12.5714285714286,159.142857142857,8799800,5
2022-04-19,2204.71428571429,12.7142857142857,148.857142857143,8799800,5
2022-04-20,2095.14285714286,11.8571428571429,141.142857142857,8799800,5
2022-04-21,1999,11.5714285714286,134.571428571429,8799800,5
2022-04-22,1949.57142857143,11.7142857142857,132.714285714286,8799800,5
2022-04-23,1872.42857142857,11.4285714285714,129.142857142857,8799800,5
2022-04-24,1822.57142857143,10.4285714285714,132.571428571429,8799800,5
2022-04-25,1706.85714285714,10.4285714285714,127.428571428571,8799800,5
2022-04-26,1546.42857142857,9.28571428571429,123.714285714286,8799800,5
2022-04-27,1454.42857142857,9.28571428571429,121.428571428571,8799800,5
2022-04-28,1372.42857142857,8.57142857142857,120.714285714286,8799800,5
2022-04-29,1304.71428571429,7.71428571428571,117.571428571429,8799800,5
2022-04-30,1258.28571428571,7,113.571428571429,8799800,5
2022-05-01,1194.71428571429,8,107.285714285714,8799800,NA
2022-05-02,1156.57142857143,7.14285714285714,101.285714285714,8799800,NA
2022-05-03,1172.42857142857,8,97.4285714285714,8799800,NA
2022-05-04,1174.57142857143,7.57142857142857,94.1428571428571,8799800,NA
2022-05-05,1184.14285714286,7.14285714285714,90.4285714285714,8799800,NA
2022-05-06,1181,7.57142857142857,89.4285714285714,8799800,NA
2022-05-07,1171.85714285714,8,87.7142857142857,8799800,NA
2022-05-08,1192.28571428571,6.85714285714286,84.4285714285714,8799800,NA
2022-05-09,1177.14285714286,6.71428571428571,82.5714285714286,8799800,NA
2022-05-10,1144.28571428571,6.14285714285714,81.7142857142857,8799800,NA
2022-05-11,1093.42857142857,5.42857142857143,82.1428571428571,8799800,NA
2022-05-12,1051.71428571429,5.42857142857143,82.2857142857143,8799800,NA
2022-05-13,1019.42857142857,5.28571428571429,78.5714285714286,8799800,NA
2022-05-14,1008.28571428571,5,79.7142857142857,8799800,NA
2022-05-15,991,4.85714285714286,81,8799800,NA
2022-05-16,978.857142857143,4.42857142857143,78.1428571428571,8799800,NA
2022-05-17,956.714285714286,3.85714285714286,75.8571428571429,8799800,NA
2022-05-18,951.714285714286,3.85714285714286,71.7142857142857,8799800,NA
2022-05-19,943.571428571429,3.42857142857143,68.1428571428571,8799800,NA
2022-05-20,931.571428571429,3.14285714285714,68.1428571428571,8799800,NA
2022-05-21,916.142857142857,3,65.2857142857143,8799800,NA
2022-05-22,883.571428571429,3.42857142857143,65.7142857142857,8799800,NA
2022-05-23,857.857142857143,3.71428571428571,67.8571428571429,8799800,NA
2022-05-24,827.142857142857,4,67.1428571428571,8799800,NA
2022-05-25,803.714285714286,4.42857142857143,69.4285714285714,8799800,NA
2022-05-26,787.285714285714,5.14285714285714,69.4285714285714,8799800,NA
2022-05-27,791.142857142857,6,71,8799800,NA
2022-05-28,797.285714285714,5.57142857142857,70.5714285714286,8799800,NA
2022-05-29,800.857142857143,4.85714285714286,68,8799800,NA
2022-05-30,793,5,68.7142857142857,8799800,NA
2022-05-31,811,4.71428571428571,66.8571428571429,8799800,NA
2022-06-01,823.428571428571,4.28571428571429,64.8571428571429,8799800,NA
2022-06-02,825.714285714286,4,63.5714285714286,8799800,NA
2022-06-03,843.142857142857,3,60.8571428571429,8799800,NA
2022-06-04,883.285714285714,3.42857142857143,64.1428571428571,8799800,NA
2022-06-05,963.428571428571,3.28571428571429,65.2857142857143,8799800,NA
2022-06-06,1060.57142857143,3,67.5714285714286,8799800,NA
2022-06-07,1161.85714285714,3.14285714285714,72.4285714285714,8799800,NA
2022-06-08,1273.57142857143,3.42857142857143,75.8571428571429,8799800,NA
2022-06-09,1397.85714285714,3.14285714285714,79.2857142857143,8799800,NA
2022-06-10,1483.42857142857,3.42857142857143,84.2857142857143,8799800,NA
2022-06-11,1540.71428571429,2.71428571428571,85.7142857142857,8799800,NA
2022-06-12,1607.28571428571,2.85714285714286,88.1428571428571,8799800,NA
2022-06-13,1665.85714285714,2.57142857142857,90.4285714285714,8799800,NA
2022-06-14,1719.71428571429,3.14285714285714,93.4285714285714,8799800,NA
2022-06-15,1765,3.42857142857143,98.7142857142857,8799800,NA
2022-06-16,1788.57142857143,3.71428571428571,104.285714285714,8799800,NA
2022-06-17,1829.14285714286,3.71428571428571,106.285714285714,8799800,NA
2022-06-18,1894.28571428571,4.57142857142857,109.428571428571,8799800,NA
2022-06-19,1941.42857142857,4.71428571428571,114.857142857143,8799800,NA
2022-06-20,2008.14285714286,5.14285714285714,119.428571428571,8799800,NA
2022-06-21,2089.42857142857,4.85714285714286,131.571428571429,8799800,NA
2022-06-22,2180.57142857143,5.14285714285714,137.714285714286,8799800,NA
2022-06-23,2281.57142857143,5.71428571428571,146.571428571429,8799800,NA
2022-06-24,2343.71428571429,5.71428571428571,151.571428571429,8799800,NA
2022-06-25,2379.14285714286,5.71428571428571,158.142857142857,8799800,NA
2022-06-26,2430,6.42857142857143,164.857142857143,8799800,NA
2022-06-27,2520.85714285714,6.85714285714286,169,8799800,NA
2022-06-28,2591.71428571429,6.42857142857143,166.857142857143,8799800,NA
2022-06-29,2680,6.42857142857143,169.714285714286,8799800,NA
2022-06-30,2772.85714285714,5.71428571428571,176.571428571429,8799800,NA
2022-07-01,2896.14285714286,5.57142857142857,182.428571428571,8799800,NA
2022-07-02,3003.71428571429,6.14285714285714,189.428571428571,8799800,NA
2022-07-03,3169.28571428571,6,197.571428571429,8799800,NA
2022-07-04,3340,6.14285714285714,207.571428571429,8799800,NA
2022-07-05,3473.57142857143,7.42857142857143,217.714285714286,8799800,NA
2022-07-06,3577.85714285714,7.71428571428571,230,8799800,NA
2022-07-07,3627.85714285714,8.85714285714286,245,8799800,NA
2022-07-08,3635.71428571429,9.71428571428571,250.857142857143,8799800,NA
2022-07-09,3626,9.85714285714286,252.428571428571,8799800,NA
2022-07-10,3566.28571428571,10.4285714285714,258.142857142857,8799800,NA
2022-07-11,3480.71428571429,11.1428571428571,260.714285714286,8799800,NA
2022-07-12,3380.42857142857,10.8571428571429,264,8799800,NA
2022-07-13,3258.42857142857,11.2857142857143,262.142857142857,8799800,NA
2022-07-14,3140.28571428571,10.2857142857143,254.714285714286,8799800,NA
2022-07-15,3031.42857142857,10.5714285714286,253.428571428571,8799800,NA
2022-07-16,2905.42857142857,10.8571428571429,248.857142857143,8799800,NA
2022-07-17,2736.28571428571,11.7142857142857,243,8799800,NA
2022-07-18,2535.42857142857,11.7142857142857,240.571428571429,8799800,NA
2022-07-19,2329,12.4285714285714,238.714285714286,8799800,NA
2022-07-20,2162.28571428571,13.2857142857143,230.428571428571,8799800,NA
2022-07-21,2017,14.1428571428571,220.142857142857,8799800,NA
2022-07-22,1900.85714285714,13.8571428571429,214.571428571429,8799800,NA
2022-07-23,1800.28571428571,13.7142857142857,210.142857142857,8799800,NA
2022-07-24,1692.85714285714,12.2857142857143,199.857142857143,8799800,NA
2022-07-25,1573.71428571429,12.1428571428571,192.714285714286,8799800,NA
2022-07-26,1495.71428571429,11.5714285714286,179,8799800,NA
2022-07-27,1397.42857142857,10.8571428571429,169.857142857143,8799800,NA
2022-07-28,1302.85714285714,10.8571428571429,160.285714285714,8799800,NA
2022-07-29,1222.42857142857,10.5714285714286,155.285714285714,8799800,NA
2022-07-30,1179.28571428571,10,150.857142857143,8799800,NA
2022-07-31,1138.14285714286,9.57142857142857,147.571428571429,8799800,NA
2022-08-01,1077.14285714286,9,142.714285714286,8799800,NA
2022-08-02,1024.14285714286,9.42857142857143,139.857142857143,8799800,NA
2022-08-03,975.571428571429,9.14285714285714,138.285714285714,8799800,NA
2022-08-04,948.142857142857,8.42857142857143,139.857142857143,8799800,NA
2022-08-05,911.142857142857,8,139.857142857143,8799800,NA
2022-08-06,872.857142857143,8,137.857142857143,8799800,NA
2022-08-07,830.714285714286,9.14285714285714,134.571428571429,8799800,NA
2022-08-08,796.428571428571,9.85714285714286,127.571428571429,8799800,NA
2022-08-09,761.428571428571,9,124.285714285714,8799800,NA
2022-08-10,740.285714285714,8.14285714285714,122.571428571429,8799800,NA
2022-08-11,721.142857142857,9,116,8799800,NA
2022-08-12,699.285714285714,9.71428571428571,109.142857142857,8799800,NA
2022-08-13,677.714285714286,10.1428571428571,108.857142857143,8799800,NA
2022-08-14,656,9.28571428571429,104.571428571429,8799800,NA
2022-08-15,638.142857142857,8.14285714285714,103.714285714286,8799800,NA
2022-08-16,616.428571428571,8.14285714285714,98.8571428571429,8799800,NA
2022-08-17,577.142857142857,8.14285714285714,97.1428571428571,8799800,NA
2022-08-18,542.142857142857,7.14285714285714,93.4285714285714,8799800,NA
2022-08-19,520.571428571429,7,89,8799800,NA
2022-08-20,505.714285714286,6.57142857142857,85.5714285714286,8799800,NA
2022-08-21,486.714285714286,6.57142857142857,82.4285714285714,8799800,NA
2022-08-22,464,6.57142857142857,78.5714285714286,8799800,NA
2022-08-23,448,6.28571428571429,77.7142857142857,8799800,NA
2022-08-24,445.285714285714,6,74.2857142857143,8799800,NA
2022-08-25,434.571428571429,6,72.5714285714286,8799800,NA
2022-08-26,423.428571428571,5.42857142857143,70.8571428571429,8799800,NA
2022-08-27,419.857142857143,5,66.7142857142857,8799800,NA
2022-08-28,404.714285714286,4.57142857142857,64.7142857142857,8799800,NA
2022-08-29,390.142857142857,5,61.4285714285714,8799800,NA
2022-08-30,392,4.71428571428571,61.2857142857143,8799800,NA
2022-08-31,393.857142857143,4.85714285714286,59.8571428571429,8799800,NA
2022-09-01,407.857142857143,5,59.5714285714286,8799800,NA
2022-09-02,415.142857142857,4.85714285714286,60.8571428571429,8799800,NA
2022-09-03,416.428571428571,4.14285714285714,58.5714285714286,8799800,NA
2022-09-04,435.714285714286,4.28571428571429,59.1428571428571,8799800,NA
2022-09-05,444.428571428571,3.71428571428571,60.4285714285714,8799800,NA
2022-09-06,429.142857142857,3.42857142857143,58.1428571428571,8799800,NA
2022-09-07,420.714285714286,3.14285714285714,57.7142857142857,8799800,NA
2022-09-08,406,2.71428571428571,59.1428571428571,8799800,NA
2022-09-09,404.142857142857,2.71428571428571,59.5714285714286,8799800,NA
2022-09-10,400.857142857143,2.85714285714286,62.2857142857143,8799800,NA
2022-09-11,403,2.71428571428571,61.5714285714286,8799800,NA
2022-09-12,403.428571428571,3.14285714285714,60.4285714285714,8799800,NA
2022-09-13,416.285714285714,3.42857142857143,65.2857142857143,8799800,NA
2022-09-14,421,3.42857142857143,64.5714285714286,8799800,NA
2022-09-15,434.285714285714,3.57142857142857,62,8799800,NA
2022-09-16,433.142857142857,3.42857142857143,61.4285714285714,8799800,NA
2022-09-17,435.142857142857,3.57142857142857,61,8799800,NA
2022-09-18,429.857142857143,3.85714285714286,62,8799800,NA
2022-09-19,441.285714285714,3.14285714285714,65.4285714285714,8799800,NA
2022-09-20,471.428571428571,3.14285714285714,63.8571428571429,8799800,NA
2022-09-21,496.285714285714,3.14285714285714,68.5714285714286,8799800,NA
2022-09-22,520.857142857143,3.14285714285714,74.2857142857143,8799800,NA
2022-09-23,547.714285714286,3,77,8799800,NA
2022-09-24,577.142857142857,3.14285714285714,79.2857142857143,8799800,NA
2022-09-25,605.142857142857,3.28571428571429,83.7142857142857,8799800,NA
2022-09-26,625,3.85714285714286,85.7142857142857,8799800,NA
2022-09-27,621.571428571429,3.71428571428571,85.2857142857143,8799800,NA
2022-09-28,627.571428571429,4.14285714285714,85.7142857142857,8799800,NA
2022-09-29,629.571428571429,4.42857142857143,88.5714285714286,8799800,NA
2022-09-30,638.857142857143,4.57142857142857,89,8799800,NA
2022-10-01,650.428571428571,5.14285714285714,96.8571428571429,8799800,NA
2022-10-02,680.571428571429,4.57142857142857,102.285714285714,8799800,NA
2022-10-03,712.857142857143,4.28571428571429,105.428571428571,8799800,NA
2022-10-04,751,4.28571428571429,111.714285714286,8799800,NA
2022-10-05,777,4.28571428571429,113.142857142857,8799800,NA
2022-10-06,813.571428571429,4.14285714285714,112.428571428571,8799800,NA
2022-10-07,842.428571428571,4.71428571428571,116.428571428571,8799800,NA
2022-10-08,844,4.28571428571429,112.571428571429,8799800,NA
2022-10-09,837.285714285714,4.85714285714286,110.714285714286,8799800,NA
2022-10-10,835.571428571429,4.71428571428571,112.857142857143,8799800,NA
2022-10-11,825.285714285714,5.85714285714286,112.857142857143,8799800,NA
2022-10-12,821.428571428571,6.28571428571429,112.857142857143,8799800,NA
2022-10-13,788.571428571429,7,119.142857142857,8799800,NA
2022-10-14,775.142857142857,7.71428571428571,118,8799800,NA
2022-10-15,767.857142857143,8.42857142857143,119.428571428571,8799800,NA
2022-10-16,759.714285714286,8.71428571428571,120.428571428571,8799800,NA
2022-10-17,758.571428571429,10.2857142857143,117.285714285714,8799800,NA
2022-10-18,749.428571428571,10.1428571428571,117.428571428571,8799800,NA
2022-10-19,737.428571428571,9.85714285714286,117.571428571429,8799800,NA
2022-10-20,725.142857142857,9.42857142857143,110.428571428571,8799800,NA
2022-10-21,704,9,114,8799800,NA
2022-10-22,685.285714285714,8.57142857142857,110.428571428571,8799800,NA
2022-10-23,657.714285714286,8.57142857142857,107.857142857143,8799800,NA
2022-10-24,618.857142857143,8.14285714285714,105.285714285714,8799800,NA
2022-10-25,578,8.14285714285714,103,8799800,NA
2022-10-26,551.571428571429,8.28571428571429,102.285714285714,8799800,NA
2022-10-27,538.428571428571,8.85714285714286,100.714285714286,8799800,NA
2022-10-28,521.857142857143,9.14285714285714,92.4285714285714,8799800,NA
2022-10-29,514.857142857143,9.71428571428571,90.8571428571429,8799800,NA
2022-10-30,505,10.5714285714286,88,8799800,NA
2022-10-31,490,9.71428571428571,84.8571428571429,8799800,NA
2022-11-01,482,9.85714285714286,80.4285714285714,8799800,NA
2022-11-02,459.571428571429,9,77.5714285714286,8799800,NA
2022-11-03,444,7.85714285714286,74.4285714285714,8799800,NA
2022-11-04,425.571428571429,7.57142857142857,74.8571428571429,8799800,NA
2022-11-05,409.714285714286,6.14285714285714,72.8571428571429,8799800,NA
2022-11-06,398.285714285714,4.14285714285714,71.2857142857143,8799800,NA
2022-11-07,387,3.42857142857143,70.5714285714286,8799800,NA
2022-11-08,379.142857142857,1.85714285714286,70.2857142857143,8799800,NA
2022-11-09,370.857142857143,1.57142857142857,66.8571428571429,8799800,NA
2022-11-10,361.571428571429,1.14285714285714,65,8799800,NA
2022-11-11,360.571428571429,0,63.4285714285714,8799800,NA
2022-11-12,353.857142857143,0,63.2857142857143,8799800,NA
2022-11-13,342,0,61.2857142857143,8799800,NA
2022-11-14,334.714285714286,0,61.1428571428571,8799800,NA
2022-11-15,326.714285714286,0,50,8799800,NA
2022-11-16,304.428571428571,0,40.7142857142857,8799800,NA
