date,dailyCases,dailyHosp,dailyDeaths,Population,peak
2/29/2020,1,1,0,8804190,NA
3/1/2020,0.5,1,0,8804190,NA
3/2/2020,0.333333333,1.333333333,0,8804190,1
3/3/2020,0.5,2.75,0,8804190,1
3/4/2020,1.4,2.6,0,8804190,1
3/5/2020,1.666666667,4.5,0,8804190,1
3/6/2020,2.571428571,5,0,8804190,1
3/7/2020,3.428571429,6,0,8804190,1
3/8/2020,6.428571429,8.428571429,0,8804190,1
3/9/2020,14.57142857,13.28571429,0,8804190,1
3/10/2020,24.28571429,20.85714286,0,8804190,1
3/11/2020,45.71428571,31.85714286,0.142857143,8804190,1
3/12/2020,96,44.85714286,0.142857143,8804190,1
3/13/2020,183.2857143,65.28571429,0.142857143,8804190,1
3/14/2020,274,89.28571429,0.428571429,8804190,1
3/15/2020,418.7142857,116.7142857,1,8804190,1
3/16/2020,713.5714286,159.8571429,2,8804190,1
3/17/2020,1053.857143,205.8571429,3.142857143,8804190,1
3/18/2020,1456.142857,264.8571429,5.857142857,8804190,1
3/19/2020,1934.857143,340,9.285714286,8804190,1
3/20/2020,2418.857143,423.1428571,16,8804190,1
3/21/2020,2704.142857,502.5714286,22,8804190,1
3/22/2020,2925,582.7142857,28.42857143,8804190,1
3/23/2020,3132,696.1428571,39.14285714,8804190,1
3/24/2020,3424.285714,826.2857143,51.57142857,8804190,1
3/25/2020,3696.142857,958.7142857,66.57142857,8804190,1
3/26/2020,3887.285714,1087,89.71428571,8804190,1
3/27/2020,4046.142857,1206,114,8804190,1
3/28/2020,4166.142857,1298,146.5714286,8804190,1
3/29/2020,4306.142857,1402.285714,181,8804190,1
3/30/2020,4671.714286,1504.285714,215.4285714,8804190,1
3/31/2020,4809,1573.857143,257.2857143,8804190,1
4/1/2020,4891,1618.714286,303.2857143,8804190,1
4/2/2020,4991.285714,1637.142857,348,8804190,1
4/3/2020,5070,1655.571429,388.2857143,8804190,1
4/4/2020,5125.285714,1664.428571,422.4285714,8804190,1
4/5/2020,5156.857143,1648.428571,463.5714286,8804190,1
4/6/2020,5188.857143,1632.285714,499.7142857,8804190,1
4/7/2020,5272.571429,1602.714286,529.7142857,8804190,1
4/8/2020,5290.714286,1574.285714,547,8804190,1
4/9/2020,5194.142857,1528.285714,555.4285714,8804190,1
4/10/2020,5028.428571,1468.714286,560.8571429,8804190,1
4/11/2020,5009.285714,1411.142857,565.5714286,8804190,1
4/12/2020,4881.571429,1347.428571,564.8571429,8804190,1
4/13/2020,4447,1263.285714,563.7142857,8804190,1
4/14/2020,4175.571429,1177.285714,550.8571429,8804190,1
4/15/2020,3932.857143,1080.571429,534.8571429,8804190,1
4/16/2020,3712.857143,1000.857143,514.1428571,8804190,1
4/17/2020,3580.857143,929.5714286,492.2857143,8804190,1
4/18/2020,3358,864.2857143,470.2857143,8804190,1
4/19/2020,3280.285714,805.5714286,445.2857143,8804190,1
4/20/2020,3349,730.8571429,416.1428571,8804190,1
4/21/2020,3194.428571,675,389.7142857,8804190,1
4/22/2020,3133,625.2857143,369,8804190,1
4/23/2020,3034.571429,577,357.1428571,8804190,1
4/24/2020,2884.428571,531.5714286,347.1428571,8804190,1
4/25/2020,2802,494.5714286,329.2857143,8804190,1
4/26/2020,2610.571429,462.4285714,307.4285714,8804190,1
4/27/2020,2396,425.8571429,294,8804190,1
4/28/2020,2348,392.7142857,280.5714286,8804190,1
4/29/2020,2190,363.8571429,270,8804190,1
4/30/2020,2073,336.7142857,254.7142857,8804190,1
5/1/2020,1980.428571,307.7142857,239.7142857,8804190,1
5/2/2020,1903.714286,290.8571429,228.8571429,8804190,1
5/3/2020,1872.857143,277.5714286,219.2857143,8804190,1
5/4/2020,1767.142857,259.4285714,203.2857143,8804190,1
5/5/2020,1593.714286,240,192.1428571,8804190,1
5/6/2020,1459,226,179.8571429,8804190,1
5/7/2020,1347,215.1428571,168.1428571,8804190,1
5/8/2020,1231.571429,201.8571429,156.8571429,8804190,1
5/9/2020,1174.285714,190.2857143,144,8804190,1
5/10/2020,1127.142857,174.5714286,133.1428571,8804190,1
5/11/2020,1081.571429,166.2857143,125.2857143,8804190,1
5/12/2020,1049.142857,151.7142857,116.7142857,8804190,1
5/13/2020,1040,140,107,8804190,1
5/14/2020,1021.714286,135.2857143,96.85714286,8804190,1
5/15/2020,992.2857143,129.7142857,90.57142857,8804190,1
5/16/2020,967.7142857,125.4285714,88.28571429,8804190,1
5/17/2020,953.8571429,122.1428571,84.57142857,8804190,1
5/18/2020,905.8571429,112,78.28571429,8804190,1
5/19/2020,865.5714286,112.4285714,73.14285714,8804190,1
5/20/2020,829,105.5714286,72.57142857,8804190,1
5/21/2020,823.1428571,97.42857143,68.85714286,8804190,1
5/22/2020,846.4285714,93.71428571,65.85714286,8804190,1
5/23/2020,842.1428571,91.42857143,62.57142857,8804190,1
5/24/2020,857.4285714,92.14285714,58.57142857,8804190,1
5/25/2020,795.8571429,87.85714286,56.85714286,8804190,1
5/26/2020,802.5714286,82.28571429,54.14285714,8804190,1
5/27/2020,754.5714286,81.85714286,49.71428571,8804190,1
5/28/2020,694.1428571,81.14285714,48.71428571,8804190,1
5/29/2020,637.2857143,78.85714286,45.57142857,8804190,1
5/30/2020,621.7142857,76,44.42857143,8804190,1
5/31/2020,587.8571429,72.28571429,43.14285714,8804190,1
6/1/2020,619.5714286,72.57142857,41.28571429,8804190,1
6/2/2020,551,70.85714286,41.42857143,8804190,1
6/3/2020,518.7142857,70.42857143,40.57142857,8804190,1
6/4/2020,500.2857143,69.71428571,40,8804190,1
6/5/2020,466.5714286,65.28571429,37.71428571,8804190,1
6/6/2020,452.4285714,62.85714286,35.14285714,8804190,1
6/7/2020,447.7142857,62,33,8804190,1
6/8/2020,413.5714286,59,33.57142857,8804190,1
6/9/2020,392,59.42857143,32.57142857,8804190,1
6/10/2020,370.2857143,58,31.14285714,8804190,1
6/11/2020,348.2857143,54.57142857,29.42857143,8804190,1
6/12/2020,349.2857143,54.42857143,28.71428571,8804190,1
6/13/2020,342,54.14285714,26,8804190,1
6/14/2020,339.5714286,53,25.71428571,8804190,1
6/15/2020,330,51.85714286,23,8804190,1
6/16/2020,330,51.28571429,21,8804190,NA
6/17/2020,329,49.42857143,19.28571429,8804190,NA
6/18/2020,331.1428571,50.42857143,18.42857143,8804190,NA
6/19/2020,324.2857143,49.42857143,17.42857143,8804190,NA
6/20/2020,325.2857143,48.14285714,17.57142857,8804190,NA
6/21/2020,324.1428571,47.71428571,17.57142857,8804190,NA
6/22/2020,327.2857143,47.14285714,17.42857143,8804190,NA
6/23/2020,321.8571429,44.71428571,17.57142857,8804190,NA
6/24/2020,325.4285714,45.14285714,17.28571429,8804190,NA
6/25/2020,314,43,17.28571429,8804190,NA
6/26/2020,307.7142857,41.28571429,17.57142857,8804190,NA
6/27/2020,308.1428571,43.57142857,17,8804190,NA
6/28/2020,312.2857143,42,15.42857143,8804190,NA
6/29/2020,317.2857143,41.85714286,15.14285714,8804190,NA
6/30/2020,325.8571429,41.71428571,14.28571429,8804190,NA
7/1/2020,327.8571429,39.57142857,13,8804190,NA
7/2/2020,344.7142857,40.14285714,13.14285714,8804190,NA
7/3/2020,332.7142857,39.71428571,12.28571429,8804190,NA
7/4/2020,320.4285714,38,11.28571429,8804190,NA
7/5/2020,313.8571429,37.42857143,10.85714286,8804190,NA
7/6/2020,313,38.42857143,9.571428571,8804190,NA
7/7/2020,315.8571429,39,8.857142857,8804190,NA
7/8/2020,321.8571429,38.42857143,9.428571429,8804190,NA
7/9/2020,318.4285714,38.42857143,7.857142857,8804190,NA
7/10/2020,328.8571429,40.42857143,7,8804190,NA
7/11/2020,348.7142857,41,7.428571429,8804190,NA
7/12/2020,358.4285714,40.71428571,6.857142857,8804190,NA
7/13/2020,365.8571429,40,7.714285714,8804190,NA
7/14/2020,357.4285714,39.42857143,8.285714286,8804190,NA
7/15/2020,357.8571429,40.71428571,8.142857143,8804190,NA
7/16/2020,360.5714286,39,8.285714286,8804190,NA
7/17/2020,375.8571429,39.71428571,8.857142857,8804190,NA
7/18/2020,369.7142857,38.57142857,9,8804190,NA
7/19/2020,363,40.28571429,9.428571429,8804190,NA
7/20/2020,351.2857143,38.71428571,8.571428571,8804190,NA
7/21/2020,342.4285714,36,8,8804190,NA
7/22/2020,326.5714286,35.57142857,7.142857143,8804190,NA
7/23/2020,311.8571429,35.28571429,7.285714286,8804190,NA
7/24/2020,295.4285714,34,6.714285714,8804190,NA
7/25/2020,286.4285714,35.28571429,6.857142857,8804190,NA
7/26/2020,281.2857143,33.42857143,6.857142857,8804190,NA
7/27/2020,268.5714286,33.28571429,6.285714286,8804190,NA
7/28/2020,264.7142857,35.14285714,7.142857143,8804190,NA
7/29/2020,258.7142857,33.71428571,6.857142857,8804190,NA
7/30/2020,253.8571429,34.28571429,6.428571429,8804190,NA
7/31/2020,248.7142857,33.28571429,6.142857143,8804190,NA
8/1/2020,253.8571429,32,5.571428571,8804190,NA
8/2/2020,253.1428571,33.14285714,4.857142857,8804190,NA
8/3/2020,258.2857143,33.28571429,4.714285714,8804190,NA
8/4/2020,240.2857143,32.57142857,3.428571429,8804190,NA
8/5/2020,241.8571429,33.71428571,3.571428571,8804190,NA
8/6/2020,243.8571429,33.42857143,3.714285714,8804190,NA
8/7/2020,242.8571429,32,3.571428571,8804190,NA
8/8/2020,238.7142857,31.14285714,3.285714286,8804190,NA
8/9/2020,238.4285714,30.28571429,3.428571429,8804190,NA
8/10/2020,233.2857143,30.71428571,3.857142857,8804190,NA
8/11/2020,244.1428571,29.71428571,4,8804190,NA
8/12/2020,247.2857143,28.57142857,3.428571429,8804190,NA
8/13/2020,245.5714286,29.14285714,3,8804190,NA
8/14/2020,248.7142857,31.28571429,3,8804190,NA
8/15/2020,247.4285714,31.71428571,3,8804190,NA
8/16/2020,248.4285714,30.85714286,3.285714286,8804190,NA
8/17/2020,251.4285714,29.71428571,3.285714286,8804190,NA
8/18/2020,254.2857143,31.71428571,2.857142857,8804190,NA
8/19/2020,245.2857143,32.42857143,2.857142857,8804190,NA
8/20/2020,238.2857143,32.14285714,3.428571429,8804190,NA
8/21/2020,234.7142857,31.14285714,3.571428571,8804190,NA
8/22/2020,232.5714286,31.71428571,3.857142857,8804190,NA
8/23/2020,234,31.85714286,3.571428571,8804190,NA
8/24/2020,228.8571429,32.28571429,4,8804190,NA
8/25/2020,228.8571429,32.42857143,4.285714286,8804190,NA
8/26/2020,236.8571429,31.28571429,5,8804190,NA
8/27/2020,243.5714286,30.57142857,4.285714286,8804190,NA
8/28/2020,247.5714286,29.28571429,4.428571429,8804190,NA
8/29/2020,246.4285714,28.57142857,3.857142857,8804190,NA
8/30/2020,251.5714286,28.28571429,4,8804190,NA
8/31/2020,254.1428571,29.14285714,3,8804190,NA
9/1/2020,255.7142857,26.28571429,3,8804190,NA
9/2/2020,249.7142857,26.42857143,2.714285714,8804190,NA
9/3/2020,249.5714286,24.57142857,2.857142857,8804190,NA
9/4/2020,242.4285714,25.85714286,3,8804190,NA
9/5/2020,246.4285714,25.85714286,3.142857143,8804190,NA
9/6/2020,249.4285714,27.42857143,3.428571429,8804190,NA
9/7/2020,235.4285714,24.14285714,3.285714286,8804190,NA
9/8/2020,249.5714286,25,3.142857143,8804190,NA
9/9/2020,261.2857143,25.42857143,2.857142857,8804190,NA
9/10/2020,268.4285714,26.42857143,3,8804190,NA
9/11/2020,280.2857143,26.42857143,2.857142857,8804190,NA
9/12/2020,286.8571429,24.85714286,3,8804190,NA
9/13/2020,294.8571429,22.85714286,2.571428571,8804190,NA
9/14/2020,329.7142857,24.71428571,3.285714286,8804190,NA
9/15/2020,332.8571429,25.14285714,3.428571429,8804190,NA
9/16/2020,347.5714286,27.28571429,4,8804190,NA
9/17/2020,364.4285714,28.42857143,4,8804190,NA
9/18/2020,361.4285714,29.14285714,3.857142857,8804190,NA
9/19/2020,363.4285714,30.57142857,4,8804190,NA
9/20/2020,357.2857143,31.57142857,4.285714286,8804190,NA
9/21/2020,371.1428571,31.14285714,4,8804190,NA
9/22/2020,382.8571429,31.85714286,4,8804190,NA
9/23/2020,405.1428571,30.71428571,3.714285714,8804190,NA
9/24/2020,419.5714286,31.85714286,3.571428571,8804190,NA
9/25/2020,444,33.28571429,3.857142857,8804190,NA
9/26/2020,453.1428571,34.14285714,3.857142857,8804190,NA
9/27/2020,476.2857143,35.71428571,3.428571429,8804190,NA
9/28/2020,459,37,3.428571429,8804190,NA
9/29/2020,491.2857143,39.28571429,3.857142857,8804190,NA
9/30/2020,490.2857143,41,4.428571429,8804190,NA
10/1/2020,513.5714286,41,4.857142857,8804190,2
10/2/2020,533.8571429,41.42857143,4.571428571,8804190,2
10/3/2020,536.5714286,41.14285714,4.571428571,8804190,2
10/4/2020,529.8571429,42.28571429,5.285714286,8804190,2
10/5/2020,576.8571429,44.71428571,4.857142857,8804190,2
10/6/2020,555.1428571,44.28571429,4.428571429,8804190,2
10/7/2020,546,43.57142857,3.857142857,8804190,2
10/8/2020,520.2857143,44.42857143,3.857142857,8804190,2
10/9/2020,508.7142857,45.14285714,3.714285714,8804190,2
10/10/2020,510.8571429,47,3.571428571,8804190,2
10/11/2020,503.1428571,47.85714286,3.571428571,8804190,2
10/12/2020,467.2857143,47.28571429,4.714285714,8804190,2
10/13/2020,469.7142857,47.57142857,5,8804190,2
10/14/2020,475.7142857,49.42857143,5.285714286,8804190,2
10/15/2020,486.8571429,53.28571429,5.714285714,8804190,2
10/16/2020,483.8571429,52.57142857,6.428571429,8804190,2
10/17/2020,491.2857143,52.14285714,6.571428571,8804190,2
10/18/2020,510,50.85714286,6.142857143,8804190,2
10/19/2020,525.8571429,53.28571429,6,8804190,2
10/20/2020,527.7142857,56.57142857,6,8804190,2
10/21/2020,537.8571429,55.71428571,5.857142857,8804190,2
10/22/2020,560.1428571,52.71428571,5.142857143,8804190,2
10/23/2020,574.1428571,54.28571429,4.857142857,8804190,2
10/24/2020,577,56,4.285714286,8804190,2
10/25/2020,569.8571429,56.57142857,5,8804190,2
10/26/2020,579.7142857,54.71428571,4.571428571,8804190,2
10/27/2020,599.8571429,51,5.142857143,8804190,2
10/28/2020,618.2857143,49.85714286,5,8804190,2
10/29/2020,598.5714286,50.71428571,5.142857143,8804190,2
10/30/2020,606.1428571,50.57142857,5.857142857,8804190,2
10/31/2020,608.5714286,50.57142857,6.285714286,8804190,2
11/1/2020,628.4285714,52,6.714285714,8804190,2
11/2/2020,665.2857143,53.14285714,7.571428571,8804190,2
11/3/2020,688.2857143,57.28571429,8,8804190,2
11/4/2020,735.4285714,60.71428571,8.714285714,8804190,2
11/5/2020,809.4285714,64.42857143,9.428571429,8804190,2
11/6/2020,864.1428571,65,9.428571429,8804190,2
11/7/2020,927.2857143,66.85714286,10.71428571,8804190,2
11/8/2020,968.2857143,68.28571429,10.14285714,8804190,2
11/9/2020,1052.857143,70.42857143,9.428571429,8804190,2
11/10/2020,1152.285714,72.14285714,8.714285714,8804190,2
11/11/2020,1213.285714,76.57142857,8.714285714,8804190,2
11/12/2020,1265,75.57142857,9.714285714,8804190,2
11/13/2020,1330.285714,79.71428571,9.142857143,8804190,2
11/14/2020,1356,85.28571429,8.571428571,8804190,2
11/15/2020,1371.428571,88.85714286,9.428571429,8804190,2
11/16/2020,1412.428571,95.42857143,9.857142857,8804190,2
11/17/2020,1431.142857,97.42857143,10.28571429,8804190,2
11/18/2020,1461.571429,100.2857143,10.42857143,8804190,2
11/19/2020,1512.428571,107.8571429,9.428571429,8804190,2
11/20/2020,1552.285714,113.8571429,9.428571429,8804190,2
11/21/2020,1590.142857,116.5714286,9.714285714,8804190,2
11/22/2020,1626.142857,120.1428571,9.142857143,8804190,2
11/23/2020,1695.428571,123.4285714,9.857142857,8804190,2
11/24/2020,1744.571429,127.5714286,10.71428571,8804190,2
11/25/2020,1832.714286,130.2857143,11.14285714,8804190,2
11/26/2020,1684.142857,133.5714286,10.85714286,8804190,2
11/27/2020,1759.142857,136.7142857,12.14285714,8804190,2
11/28/2020,1837.571429,137.8571429,12.42857143,8804190,2
11/29/2020,1943.714286,145.1428571,13.14285714,8804190,2
11/30/2020,2026.285714,150.8571429,13.85714286,8804190,2
12/1/2020,2202.571429,160.8571429,14.42857143,8804190,2
12/2/2020,2311,165.7142857,16.42857143,8804190,2
12/3/2020,2615,174.4285714,18,8804190,2
12/4/2020,2689,178.1428571,19.57142857,8804190,2
12/5/2020,2695.857143,185.1428571,21,8804190,2
12/6/2020,2676.285714,186.4285714,21.85714286,8804190,2
12/7/2020,2734.714286,191.1428571,22,8804190,2
12/8/2020,2699.142857,194.2857143,22.28571429,8804190,2
12/9/2020,2695.857143,208.5714286,22.14285714,8804190,2
12/10/2020,2725,212.8571429,23.14285714,8804190,2
12/11/2020,2748.428571,221.7142857,23.71428571,8804190,2
12/12/2020,2794,226.4285714,25.14285714,8804190,2
12/13/2020,2854.285714,233.7142857,25.85714286,8804190,2
12/14/2020,2893.714286,239.8571429,27.42857143,8804190,2
12/15/2020,2982.571429,241.7142857,28.85714286,8804190,2
12/16/2020,2937,233.2857143,30.71428571,8804190,2
12/17/2020,2762.285714,230.7142857,32.14285714,8804190,2
12/18/2020,2826.142857,234.5714286,33.42857143,8804190,2
12/19/2020,2876.285714,239,33,8804190,2
12/20/2020,2900.571429,241.5714286,33.57142857,8804190,2
12/21/2020,3008.857143,251,35.14285714,8804190,2
12/22/2020,3069,258.1428571,38.14285714,8804190,2
12/23/2020,3220,270.4285714,38.14285714,8804190,2
12/24/2020,3375.571429,277.2857143,38.71428571,8804190,2
12/25/2020,3035.428571,276.5714286,38.57142857,8804190,2
12/26/2020,3163.571429,280.1428571,39.57142857,8804190,2
12/27/2020,3241.142857,280,41.71428571,8804190,2
12/28/2020,3391.571429,282.8571429,41.85714286,8804190,2
12/29/2020,3549.285714,288.2857143,41.28571429,8804190,2
12/30/2020,3712.428571,290.5714286,41.42857143,8804190,2
12/31/2020,3766.428571,291.5714286,41.71428571,8804190,2
1/1/2021,3808.428571,296,41.28571429,8804190,2
1/2/2021,3915,304.8571429,44.14285714,8804190,2
1/3/2021,3997.285714,313,43.28571429,8804190,2
1/4/2021,4170.428571,321.2857143,46,8804190,2
1/5/2021,4306.285714,325.1428571,48.42857143,8804190,2
1/6/2021,4406.142857,334.2857143,51.14285714,8804190,2
1/7/2021,4699.285714,345.2857143,52.71428571,8804190,2
1/8/2021,5265.285714,353.4285714,56.28571429,8804190,2
1/9/2021,5192.714286,353.7142857,58,8804190,2
1/10/2021,5154.714286,355,59.85714286,8804190,2
1/11/2021,5056.428571,354.2857143,59.42857143,8804190,2
1/12/2021,4925.142857,360.2857143,60.42857143,8804190,2
1/13/2021,4852.714286,367.2857143,61.57142857,8804190,2
1/14/2021,4826.142857,377.4285714,63.42857143,8804190,2
1/15/2021,4761.571429,382.1428571,63.71428571,8804190,2
1/16/2021,4731.428571,388,63.28571429,8804190,2
1/17/2021,4691.428571,391.7142857,63.71428571,8804190,2
1/18/2021,4510,397.2857143,65.85714286,8804190,2
1/19/2021,4496.142857,396.5714286,67.14285714,8804190,2
1/20/2021,4457.571429,388.5714286,68.14285714,8804190,2
1/21/2021,4412,386.5714286,67.85714286,8804190,2
1/22/2021,4392.857143,392.5714286,70.28571429,8804190,2
1/23/2021,4390.142857,386,72,8804190,2
1/24/2021,4391.714286,386,73.85714286,8804190,2
1/25/2021,4559.142857,380.7142857,72.57142857,8804190,2
1/26/2021,4519.571429,377.4285714,72.14285714,8804190,2
1/27/2021,4533.714286,384.5714286,74.42857143,8804190,2
1/28/2021,4512.857143,381,77.71428571,8804190,2
1/29/2021,4363.571429,378,79,8804190,2
1/30/2021,4280,370.1428571,79,8804190,2
1/31/2021,4274.857143,365.8571429,79.71428571,8804190,2
2/1/2021,3583.857143,349,79.71428571,8804190,2
2/2/2021,3268.857143,354.1428571,79.28571429,8804190,2
2/3/2021,3288.571429,356.1428571,77.28571429,8804190,2
2/4/2021,3296.857143,361.2857143,77.85714286,8804190,2
2/5/2021,3366.428571,365.5714286,76.85714286,8804190,2
2/6/2021,3395.428571,378.2857143,76.71428571,8804190,2
2/7/2021,3217,379,77.28571429,8804190,2
2/8/2021,3710,393.4285714,79.57142857,8804190,2
2/9/2021,3863.714286,392.7142857,78.71428571,8804190,2
2/10/2021,3668.428571,381.1428571,79,8804190,2
2/11/2021,3463.285714,365.4285714,79.85714286,8804190,2
2/12/2021,3342.857143,351.8571429,79.85714286,8804190,2
2/13/2021,3218.428571,340.5714286,80.42857143,8804190,2
2/14/2021,3254.142857,331,80.85714286,8804190,2
2/15/2021,3030,321.2857143,81.14285714,8804190,2
2/16/2021,3028.428571,314.8571429,83.28571429,8804190,2
2/17/2021,2979.571429,305.7142857,83.57142857,8804190,2
2/18/2021,2784.285714,297.5714286,77.57142857,8804190,2
2/19/2021,2741.857143,291.2857143,74,8804190,2
2/20/2021,2782.571429,293.5714286,72.28571429,8804190,2
2/21/2021,2838.428571,297.4285714,69.28571429,8804190,2
2/22/2021,2947.571429,301.5714286,67.85714286,8804190,2
2/23/2021,2911.571429,298.2857143,66.14285714,8804190,2
2/24/2021,2915.571429,306.8571429,65.85714286,8804190,2
2/25/2021,3120,311.1428571,68.42857143,8804190,2
2/26/2021,3152,315.2857143,70.57142857,8804190,2
2/27/2021,3084,307.2857143,70,8804190,2
2/28/2021,3048.428571,303.5714286,71.42857143,8804190,2
3/1/2021,3062.714286,299.5714286,70,8804190,2
3/2/2021,3010.714286,291.8571429,67.14285714,8804190,2
3/3/2021,2979.285714,285.1428571,66.14285714,8804190,2
3/4/2021,2927.428571,285.8571429,64.42857143,8804190,2
3/5/2021,2876.714286,275.2857143,62,8804190,2
3/6/2021,2880.285714,275.4285714,60.71428571,8804190,2
3/7/2021,2857.285714,275.7142857,59.42857143,8804190,2
3/8/2021,2810.714286,272,60.14285714,8804190,2
3/9/2021,2844.428571,273,62.71428571,8804190,2
3/10/2021,2838.857143,269.2857143,61.57142857,8804190,2
3/11/2021,2837.142857,268.2857143,61,8804190,2
3/12/2021,2882.571429,273.2857143,63.57142857,8804190,2
3/13/2021,2901.285714,270.5714286,64.42857143,8804190,2
3/14/2021,2908.571429,271.2857143,61.42857143,8804190,2
3/15/2021,2907.714286,271,58.14285714,8804190,2
3/16/2021,2886.428571,266.2857143,57.14285714,8804190,2
3/17/2021,2882.142857,265.8571429,54.57142857,8804190,2
3/18/2021,2856,267.7142857,55,8804190,2
3/19/2021,2832.857143,263.1428571,51.14285714,8804190,2
3/20/2021,2831,268.8571429,49.28571429,8804190,2
3/21/2021,2854.714286,271.5714286,50.71428571,8804190,2
3/22/2021,2924.428571,276.2857143,52.14285714,8804190,2
3/23/2021,2933,281.2857143,50.71428571,8804190,2
3/24/2021,2972.571429,283.2857143,50.14285714,8804190,2
3/25/2021,3097.714286,284.4285714,51.71428571,8804190,2
3/26/2021,3151,291.7142857,54.42857143,8804190,2
3/27/2021,3159.571429,292.2857143,55,8804190,2
3/28/2021,3110.571429,283.5714286,56.14285714,8804190,2
3/29/2021,3064.285714,280.2857143,55.28571429,8804190,2
3/30/2021,3054.285714,277.7142857,53.57142857,8804190,2
3/31/2021,3016.142857,277.8571429,56.42857143,8804190,2
4/1/2021,2883.142857,271.2857143,54.57142857,8804190,2
4/2/2021,2769.714286,265,53.14285714,8804190,2
4/3/2021,2745.285714,260.7142857,52.42857143,8804190,2
4/4/2021,2704.714286,261.5714286,51,8804190,2
4/5/2021,2663.714286,256.5714286,51.85714286,8804190,2
4/6/2021,2638,251,52.42857143,8804190,2
4/7/2021,2577.857143,240.8571429,49.71428571,8804190,2
4/8/2021,2536.285714,234.4285714,49.28571429,8804190,2
4/9/2021,2514.142857,226.1428571,49.28571429,8804190,2
4/10/2021,2467.571429,219.8571429,49.28571429,8804190,2
4/11/2021,2446,212.2857143,50.28571429,8804190,2
4/12/2021,2341,203.1428571,48.42857143,8804190,2
4/13/2021,2249.714286,200.1428571,47,8804190,2
4/14/2021,2175,196.1428571,46,8804190,2
4/15/2021,2095,196.1428571,44.28571429,8804190,2
4/16/2021,2004,194.8571429,40.85714286,8804190,2
4/17/2021,1940,191.1428571,39,8804190,2
4/18/2021,1902.142857,191.7142857,36.28571429,8804190,2
4/19/2021,1809.142857,188,36.42857143,8804190,2
4/20/2021,1700.714286,180.8571429,36,8804190,2
4/21/2021,1583.857143,170.1428571,36,8804190,2
4/22/2021,1490,161.7142857,35.85714286,8804190,2
4/23/2021,1412.571429,155.1428571,38.14285714,8804190,2
4/24/2021,1352.285714,146.1428571,37.28571429,8804190,2
4/25/2021,1310,139.5714286,35.71428571,8804190,2
4/26/2021,1236.714286,135.1428571,34.14285714,8804190,2
4/27/2021,1169.714286,129.4285714,33.85714286,8804190,2
4/28/2021,1139.285714,130.8571429,33.14285714,8804190,2
4/29/2021,1095.571429,124.7142857,31.85714286,8804190,2
4/30/2021,1047.285714,116.1428571,30.71428571,8804190,2
5/1/2021,1007.857143,112.5714286,31,8804190,2
5/2/2021,981.2857143,105.8571429,31.85714286,8804190,2
5/3/2021,919,97.71428571,30.71428571,8804190,2
5/4/2021,881.5714286,95.14285714,30,8804190,2
5/5/2021,819.8571429,88.71428571,29.42857143,8804190,2
5/6/2021,781.5714286,83.85714286,28.71428571,8804190,2
5/7/2021,748,81.14285714,28.28571429,8804190,2
5/8/2021,720.2857143,79.28571429,27.28571429,8804190,2
5/9/2021,688.1428571,77.57142857,26.71428571,8804190,2
5/10/2021,647.8571429,74.85714286,27,8804190,2
5/11/2021,612.4285714,71.14285714,26.28571429,8804190,2
5/12/2021,586.1428571,68.57142857,25.14285714,8804190,2
5/13/2021,547.7142857,66.14285714,24.57142857,8804190,2
5/14/2021,515.1428571,65.57142857,23.57142857,8804190,2
5/15/2021,502,62.42857143,21.57142857,8804190,2
5/16/2021,493,59.57142857,20.14285714,8804190,NA
5/17/2021,464.2857143,59.85714286,18.85714286,8804190,NA
5/18/2021,433.8571429,57.14285714,17.85714286,8804190,NA
5/19/2021,402.8571429,56.28571429,17.28571429,8804190,NA
5/20/2021,385.8571429,56.28571429,16,8804190,NA
5/21/2021,366.1428571,54,13.85714286,8804190,NA
5/22/2021,357.7142857,53.14285714,14.85714286,8804190,NA
5/23/2021,344.4285714,54,14.14285714,8804190,NA
5/24/2021,330.4285714,48.71428571,13.28571429,8804190,NA
5/25/2021,314.7142857,47.28571429,12.14285714,8804190,NA
5/26/2021,296.4285714,43.85714286,10.71428571,8804190,NA
5/27/2021,276.4285714,41,10,8804190,NA
5/28/2021,256.5714286,38.57142857,9.857142857,8804190,NA
5/29/2021,241.2857143,37.14285714,8.714285714,8804190,NA
5/30/2021,231.4285714,34.42857143,8.285714286,8804190,NA
5/31/2021,197.5714286,31.85714286,8.571428571,8804190,NA
6/1/2021,195.2857143,30.71428571,9.428571429,8804190,NA
6/2/2021,194.5714286,32.28571429,10.42857143,8804190,NA
6/3/2021,187.2857143,30,10.57142857,8804190,NA
6/4/2021,189.4285714,28.57142857,9.857142857,8804190,NA
6/5/2021,191.8571429,27.28571429,9.428571429,8804190,NA
6/6/2021,193.5714286,26.85714286,9,8804190,NA
6/7/2021,208.4285714,29,8.142857143,8804190,NA
6/8/2021,192.2857143,29.28571429,7.857142857,8804190,NA
6/9/2021,187.5714286,26.28571429,7.571428571,8804190,NA
6/10/2021,180.4285714,25.71428571,7,8804190,NA
6/11/2021,175.2857143,25.57142857,7,8804190,NA
6/12/2021,172.1428571,26.28571429,6.857142857,8804190,NA
6/13/2021,170,27.14285714,7,8804190,NA
6/14/2021,164.2857143,26.14285714,7.142857143,8804190,NA
6/15/2021,164.7142857,24.71428571,6.571428571,8804190,NA
6/16/2021,159.2857143,24.71428571,6.285714286,8804190,NA
6/17/2021,163.8571429,25.28571429,6.714285714,8804190,NA
6/18/2021,159.7142857,24.57142857,6.857142857,8804190,NA
6/19/2021,157.7142857,23.42857143,7.714285714,8804190,NA
6/20/2021,155,22.71428571,7.571428571,8804190,NA
6/21/2021,153,23.28571429,7,8804190,NA
6/22/2021,151.8571429,24.57142857,7.142857143,8804190,NA
6/23/2021,153.8571429,24.71428571,6.857142857,8804190,NA
6/24/2021,152,22.57142857,6.285714286,8804190,NA
6/25/2021,154.8571429,22.42857143,5.857142857,8804190,NA
6/26/2021,156.4285714,23.14285714,4.714285714,8804190,NA
6/27/2021,158.2857143,22.71428571,4.142857143,8804190,NA
6/28/2021,163.7142857,22.28571429,4.571428571,8804190,NA
6/29/2021,169.7142857,20.42857143,4.142857143,8804190,NA
6/30/2021,175.2857143,20,4,8804190,NA
7/1/2021,179.4285714,22.42857143,3.857142857,8804190,3
7/2/2021,186.8571429,24.85714286,4,8804190,3
7/3/2021,190.8571429,25.28571429,4.428571429,8804190,3
7/4/2021,193,25.42857143,4.714285714,8804190,3
7/5/2021,190.2857143,23.85714286,4.142857143,8804190,3
7/6/2021,211.8571429,24.28571429,4,8804190,3
7/7/2021,237,24.57142857,3.714285714,8804190,3
7/8/2021,260.5714286,23.42857143,3.428571429,8804190,3
7/9/2021,280.4285714,23.57142857,2.857142857,8804190,3
7/10/2021,293.5714286,23.42857143,2.285714286,8804190,3
7/11/2021,314.7142857,24,2.428571429,8804190,3
7/12/2021,356.1428571,25.28571429,2.714285714,8804190,3
7/13/2021,369.4285714,25.57142857,2.714285714,8804190,3
7/14/2021,390.4285714,28.85714286,2.714285714,8804190,3
7/15/2021,416.7142857,29.57142857,3.142857143,8804190,3
7/16/2021,443.2857143,29.71428571,3.571428571,8804190,3
7/17/2021,457.8571429,32.14285714,4.142857143,8804190,3
7/18/2021,475.4285714,33.71428571,3.857142857,8804190,3
7/19/2021,523.4285714,37.85714286,4,8804190,3
7/20/2021,559.7142857,41.71428571,4.142857143,8804190,3
7/21/2021,609.1428571,41.71428571,4.142857143,8804190,3
7/22/2021,669.5714286,45.14285714,3.857142857,8804190,3
7/23/2021,721.1428571,47.14285714,3.571428571,8804190,3
7/24/2021,751.4285714,47.71428571,3,8804190,3
7/25/2021,785.8571429,48.14285714,3.285714286,8804190,3
7/26/2021,845.1428571,49.42857143,2.714285714,8804190,3
7/27/2021,915,52,2.857142857,8804190,3
7/28/2021,964.7142857,56.28571429,3.428571429,8804190,3
7/29/2021,1009.571429,59.71428571,4,8804190,3
7/30/2021,1061.714286,63.71428571,4.857142857,8804190,3
7/31/2021,1104.285714,67.85714286,5.142857143,8804190,3
8/1/2021,1132.142857,68.85714286,6.142857143,8804190,3
8/2/2021,1180.857143,70.42857143,6.571428571,8804190,3
8/3/2021,1235.857143,74.42857143,6.142857143,8804190,3
8/4/2021,1289,76,6.428571429,8804190,3
8/5/2021,1323,77.71428571,6.285714286,8804190,3
8/6/2021,1365.142857,82.57142857,6.714285714,8804190,3
8/7/2021,1407.857143,85,8.142857143,8804190,3
8/8/2021,1442.285714,92.28571429,7.428571429,8804190,3
8/9/2021,1488.714286,100.2857143,8.142857143,8804190,3
8/10/2021,1500.428571,103.1428571,8.714285714,8804190,3
8/11/2021,1520.142857,110.1428571,8.857142857,8804190,3
8/12/2021,1553,115.1428571,8.857142857,8804190,3
8/13/2021,1556.142857,118.8571429,8.428571429,8804190,3
8/14/2021,1541.857143,119.5714286,7.857142857,8804190,3
8/15/2021,1552.285714,121.2857143,7.857142857,8804190,3
8/16/2021,1557.714286,121.5714286,7.428571429,8804190,3
8/17/2021,1568.857143,123.8571429,8.857142857,8804190,3
8/18/2021,1577.571429,119.8571429,9.428571429,8804190,3
8/19/2021,1568.428571,116.2857143,10.57142857,8804190,3
8/20/2021,1562.857143,114,10.14285714,8804190,3
8/21/2021,1568.857143,117.1428571,11,8804190,3
8/22/2021,1507.857143,116.1428571,11.57142857,8804190,3
8/23/2021,1510.857143,114.2857143,12.42857143,8804190,3
8/24/2021,1524,110.4285714,11.71428571,8804190,3
8/25/2021,1520.142857,110.4285714,11,8804190,3
8/26/2021,1513,111.2857143,10.85714286,8804190,3
8/27/2021,1497.428571,109.1428571,11.42857143,8804190,3
8/28/2021,1482.428571,104.8571429,11.14285714,8804190,3
8/29/2021,1521.285714,103.2857143,11.57142857,8804190,3
8/30/2021,1505.142857,103.5714286,11.71428571,8804190,3
8/31/2021,1474.571429,105.7142857,11.57142857,8804190,3
9/1/2021,1442.142857,108.1428571,12.28571429,8804190,3
9/2/2021,1411.857143,106.5714286,12,8804190,3
9/3/2021,1407.571429,102.2857143,11.71428571,8804190,3
9/4/2021,1396,105.7142857,11.42857143,8804190,3
9/5/2021,1390.857143,103,11.42857143,8804190,3
9/6/2021,1262.571429,96.42857143,11.85714286,8804190,3
9/7/2021,1255.142857,94.71428571,11.42857143,8804190,3
9/8/2021,1259.857143,90.85714286,12.57142857,8804190,3
9/9/2021,1300,91.85714286,13.57142857,8804190,3
9/10/2021,1318,94.71428571,14.57142857,8804190,3
9/11/2021,1336.857143,91.28571429,15,8804190,3
9/12/2021,1373.857143,93.28571429,14.71428571,8804190,3
9/13/2021,1487.857143,97.57142857,14.14285714,8804190,3
9/14/2021,1498,93.28571429,14.42857143,8804190,3
9/15/2021,1500.714286,92.85714286,12.85714286,8804190,3
9/16/2021,1454.142857,90.42857143,11.85714286,8804190,3
9/17/2021,1450.714286,89,11.28571429,8804190,3
9/18/2021,1439.142857,89.28571429,10.57142857,8804190,3
9/19/2021,1416.857143,86.57142857,11.28571429,8804190,3
9/20/2021,1402.857143,85.85714286,11.85714286,8804190,3
9/21/2021,1354.285714,86.42857143,12.42857143,8804190,3
9/22/2021,1326.142857,86.71428571,12.85714286,8804190,3
9/23/2021,1312.571429,89,13,8804190,3
9/24/2021,1269.571429,87.71428571,12.57142857,8804190,3
9/25/2021,1249.285714,85.28571429,13.28571429,8804190,3
9/26/2021,1220.571429,83.28571429,13.14285714,8804190,3
9/27/2021,1184.714286,79.85714286,13.28571429,8804190,3
9/28/2021,1158.428571,77.14285714,13.28571429,8804190,3
9/29/2021,1113,72.42857143,13.28571429,8804190,3
9/30/2021,1091.142857,67.42857143,12.71428571,8804190,3
10/1/2021,1071.714286,67.71428571,12.71428571,8804190,3
10/2/2021,1052.714286,66.85714286,12.28571429,8804190,3
10/3/2021,1060,68,11.85714286,8804190,3
10/4/2021,1042.857143,68.28571429,11.14285714,8804190,3
10/5/2021,1064.714286,69.14285714,10.14285714,8804190,3
10/6/2021,1071.857143,69,10.57142857,8804190,3
10/7/2021,1063.428571,68.71428571,11.28571429,8804190,3
10/8/2021,1052.857143,63.57142857,12.28571429,8804190,3
10/9/2021,1043,64.14285714,11.71428571,8804190,3
10/10/2021,1011.714286,62.42857143,12.28571429,8804190,3
10/11/2021,963.7142857,59.42857143,11.85714286,8804190,3
10/12/2021,945.7142857,56,11.42857143,8804190,3
10/13/2021,940.4285714,57.42857143,10.42857143,8804190,3
10/14/2021,932.7142857,55.57142857,9.714285714,8804190,3
10/15/2021,914.5714286,57.85714286,8.571428571,8804190,3
10/16/2021,897,56.28571429,8.285714286,8804190,3
10/17/2021,882.4285714,55.71428571,7.285714286,8804190,3
10/18/2021,873.7142857,56,7.571428571,8804190,3
10/19/2021,824.1428571,56.28571429,8.571428571,8804190,3
10/20/2021,779.8571429,53.14285714,8.285714286,8804190,3
10/21/2021,749.1428571,53.28571429,9,8804190,3
10/22/2021,721.7142857,51.14285714,9.285714286,8804190,3
10/23/2021,716.2857143,49.14285714,9.857142857,8804190,3
10/24/2021,696,48.71428571,10.57142857,8804190,3
10/25/2021,699.1428571,45.42857143,10.28571429,8804190,3
10/26/2021,670.4285714,44.42857143,9.857142857,8804190,3
10/27/2021,664.4285714,44.14285714,10.14285714,8804190,3
10/28/2021,654,42.42857143,9.285714286,8804190,3
10/29/2021,646.4285714,40.42857143,8.571428571,8804190,3
10/30/2021,639.1428571,38.71428571,8.428571429,8804190,3
10/31/2021,639.4285714,36.85714286,7.428571429,8804190,3
11/1/2021,622.8571429,37.42857143,6.714285714,8804190,NA
11/2/2021,652.7142857,38.42857143,7,8804190,NA
11/3/2021,662.2857143,39,6.571428571,8804190,NA
11/4/2021,686.2857143,39,6.142857143,8804190,NA
11/5/2021,704.5714286,39.28571429,6.428571429,8804190,NA
11/6/2021,720,40.71428571,6.714285714,8804190,NA
11/7/2021,733.7142857,41.14285714,6.857142857,8804190,NA
11/8/2021,784.4285714,41.71428571,7.428571429,8804190,NA
11/9/2021,817.4285714,39.42857143,7.857142857,8804190,NA
11/10/2021,849.4285714,38.42857143,7.857142857,8804190,NA
11/11/2021,845,40,8.142857143,8804190,NA
11/12/2021,882,41.14285714,9.285714286,8804190,NA
11/13/2021,897.1428571,41.57142857,8.571428571,8804190,NA
11/14/2021,917.8571429,42.28571429,8.142857143,8804190,NA
11/15/2021,936.1428571,43,8.285714286,8804190,NA
11/16/2021,969.7142857,44.14285714,8,8804190,NA
11/17/2021,1009.714286,44.85714286,8.142857143,8804190,NA
11/18/2021,1071.857143,45.57142857,8.428571429,8804190,NA
11/19/2021,1094.142857,46.85714286,7.571428571,8804190,NA
11/20/2021,1124.428571,47.42857143,8.142857143,8804190,NA
11/21/2021,1146.285714,47.85714286,8,8804190,NA
11/22/2021,1184.142857,49,7.571428571,8804190,NA
11/23/2021,1199.714286,52,7,8804190,NA
11/24/2021,1212.142857,54.42857143,7.714285714,8804190,NA
11/25/2021,1100.857143,56.42857143,7.714285714,8804190,NA
11/26/2021,1099,59.85714286,7.857142857,8804190,NA
11/27/2021,1119.857143,62,7.714285714,8804190,NA
11/28/2021,1151.285714,64,8.428571429,8804190,NA
11/29/2021,1265.571429,67.71428571,9,8804190,NA
11/30/2021,1354.857143,71.42857143,9,8804190,NA
12/1/2021,1464,74.28571429,9.571428571,8804190,4
12/2/2021,1689.428571,77.28571429,10.42857143,8804190,4
12/3/2021,1792.571429,81.42857143,11,8804190,4
12/4/2021,1842.428571,84.57142857,11.14285714,8804190,4
12/5/2021,1891.428571,91.28571429,11.85714286,8804190,4
12/6/2021,1958.571429,99.71428571,11.57142857,8804190,4
12/7/2021,2089.428571,106,12.85714286,8804190,4
12/8/2021,2226,113.2857143,11.57142857,8804190,4
12/9/2021,2356.285714,120.5714286,11,8804190,4
12/10/2021,2527,129.2857143,11.42857143,8804190,4
12/11/2021,2646.714286,135.7142857,11.14285714,8804190,4
12/12/2021,2845.571429,140.7142857,11.57142857,8804190,4
12/13/2021,3521.285714,148.7142857,13.42857143,8804190,4
12/14/2021,4657.142857,158.5714286,13.85714286,8804190,4
12/15/2021,6090.142857,170.2857143,14.28571429,8804190,4
12/16/2021,7639.428571,197.7142857,14.57142857,8804190,4
12/17/2021,9133.714286,217.7142857,15.57142857,8804190,4
12/18/2021,10246.57143,240.4285714,17,8804190,4
12/19/2021,11355.28571,269.5714286,18,8804190,4
12/20/2021,14273,300.8571429,16.85714286,8804190,4
12/21/2021,17063.57143,337.4285714,15.85714286,8804190,4
12/22/2021,19668.42857,403.5714286,18.42857143,8804190,4
12/23/2021,22232.85714,453.8571429,20,8804190,4
12/24/2021,22793,492.5714286,22.42857143,8804190,4
12/25/2021,22485.14286,538.2857143,24.57142857,8804190,4
12/26/2021,24260.85714,595.1428571,26,8804190,4
12/27/2021,27587.42857,673.5714286,29.28571429,8804190,4
12/28/2021,30340.57143,731.4285714,33,8804190,4
12/29/2021,33068.14286,768.7142857,35,8804190,4
12/30/2021,35301,819.4285714,36.42857143,8804190,4
12/31/2021,36966.57143,855.2857143,38.71428571,8804190,4
1/1/2022,37576.28571,893.4285714,42.14285714,8804190,4
1/2/2022,38936.14286,972.4285714,46,8804190,4
1/3/2022,39465.85714,995.4285714,50.57142857,8804190,4
1/4/2022,39396.14286,1017,56.28571429,8804190,4
1/5/2022,37930.42857,1043,61.57142857,8804190,4
1/6/2022,36347.42857,1030.714286,70,8804190,4
1/7/2022,35501.14286,1030.142857,74.14285714,8804190,4
1/8/2022,36090.85714,1013.285714,79.71428571,8804190,4
1/9/2022,33497.14286,932.4285714,88.14285714,8804190,4
1/10/2022,29223.57143,903.1428571,94.14285714,8804190,4
1/11/2022,24844.42857,868,101.8571429,8804190,4
1/12/2022,21730.57143,815.5714286,107.2857143,8804190,4
1/13/2022,18834.42857,783.4285714,112,8804190,4
1/14/2022,17418.14286,763.5714286,118,8804190,4
1/15/2022,16070.71429,728.8571429,118.1428571,8804190,4
1/16/2022,15005.57143,689,117.2857143,8804190,4
1/17/2022,12833.42857,634.2857143,116.4285714,8804190,4
1/18/2022,11745.28571,597.1428571,114.2857143,8804190,4
1/19/2022,10401.28571,550.7142857,110.4285714,8804190,4
1/20/2022,9108.285714,512.5714286,108.7142857,8804190,4
1/21/2022,8037.857143,471.4285714,105.7142857,8804190,4
1/22/2022,7591.285714,443.8571429,104,8804190,4
1/23/2022,7091.857143,419.8571429,101.7142857,8804190,4
1/24/2022,6547.714286,394,102.5714286,8804190,4
1/25/2022,5668.142857,370.8571429,100.4285714,8804190,4
1/26/2022,4978.142857,348.7142857,103,8804190,4
1/27/2022,4491.285714,322.2857143,98.14285714,8804190,4
1/28/2022,4052.285714,295.1428571,96.42857143,8804190,4
1/29/2022,3606.571429,269.1428571,95,8804190,4
1/30/2022,3324.857143,249.7142857,93.14285714,8804190,4
1/31/2022,2909.714286,228.2857143,89.57142857,8804190,4
2/1/2022,2549.142857,204,85.14285714,8804190,4
2/2/2022,2281.714286,187.5714286,82.85714286,8804190,4
2/3/2022,2048.571429,168,81.71428571,8804190,4
2/4/2022,1879.285714,159.8571429,75.57142857,8804190,4
2/5/2022,1941.285714,156.5714286,71.71428571,8804190,4
2/6/2022,1861.857143,151,67.14285714,8804190,4
2/7/2022,1646.285714,136.2857143,60.28571429,8804190,4
2/8/2022,1542.857143,129.5714286,58.28571429,8804190,4
2/9/2022,1398.714286,122.1428571,52.14285714,8804190,4
2/10/2022,1287.714286,114.8571429,47.85714286,8804190,4
2/11/2022,1208.285714,109,46.57142857,8804190,4
2/12/2022,1164,102.2857143,44.28571429,8804190,4
2/13/2022,1105.285714,95.42857143,43,8804190,4
2/14/2022,1021.714286,91.85714286,40.85714286,8804190,4
2/15/2022,939.7142857,83.57142857,36.28571429,8804190,4
2/16/2022,885.2857143,77.42857143,33.71428571,8804190,NA
2/17/2022,829.1428571,75.42857143,33.57142857,8804190,NA
2/18/2022,783.4285714,68.57142857,32.57142857,8804190,NA
2/19/2022,753.2857143,65.85714286,32.42857143,8804190,NA
2/20/2022,742.4285714,63.14285714,28.42857143,8804190,NA
2/21/2022,677,57.42857143,29.42857143,8804190,NA
2/22/2022,640.5714286,55,27.71428571,8804190,NA
2/23/2022,607.1428571,51,26,8804190,NA
2/24/2022,582.5714286,46.42857143,22.85714286,8804190,NA
2/25/2022,564.8571429,44,20.28571429,8804190,NA
2/26/2022,552.2857143,41,16.71428571,8804190,NA
2/27/2022,549.1428571,39.85714286,17.14285714,8804190,NA
2/28/2022,570.2857143,41.57142857,13.85714286,8804190,NA
3/1/2022,559.5714286,40,14.85714286,8804190,NA
3/2/2022,551.1428571,39.85714286,14.57142857,8804190,NA
3/3/2022,540.7142857,39.71428571,13.14285714,8804190,NA
3/4/2022,529.5714286,39.28571429,12.14285714,8804190,NA
3/5/2022,526.7142857,38.85714286,12.85714286,8804190,NA
3/6/2022,523.7142857,37.42857143,11.28571429,8804190,NA
3/7/2022,516.4285714,33.42857143,11.85714286,8804190,NA
3/8/2022,526.5714286,30.57142857,9.857142857,8804190,NA
3/9/2022,523.8571429,28.71428571,9,8804190,NA
3/10/2022,539.8571429,26.85714286,9.142857143,8804190,NA
3/11/2022,560.4285714,24.28571429,8.857142857,8804190,NA
3/12/2022,558,23.42857143,8.571428571,8804190,NA
3/13/2022,571.7142857,24,8.857142857,8804190,NA
3/14/2022,606.8571429,25.28571429,9.571428571,8804190,NA
3/15/2022,630.5714286,26.14285714,10.28571429,8804190,5
3/16/2022,665.8571429,25.57142857,10,8804190,5
3/17/2022,673.7142857,25.57142857,9.285714286,8804190,5
3/18/2022,702,27.14285714,9,8804190,5
3/19/2022,723.1428571,27.42857143,8.428571429,8804190,5
3/20/2022,754.2857143,27.57142857,8.142857143,8804190,5
3/21/2022,812.8571429,26.71428571,6.428571429,8804190,5
3/22/2022,875.5714286,26.71428571,5.571428571,8804190,5
3/23/2022,932.2857143,26.42857143,4.857142857,8804190,5
3/24/2022,992.7142857,25.85714286,5,8804190,5
3/25/2022,1034.428571,26.71428571,4.857142857,8804190,5
3/26/2022,1067.428571,27.14285714,4.857142857,8804190,5
3/27/2022,1085.142857,26.71428571,4.571428571,8804190,5
3/28/2022,1113.857143,27.42857143,4.857142857,8804190,5
3/29/2022,1135.285714,27.42857143,5,8804190,5
3/30/2022,1170.428571,29.85714286,5.142857143,8804190,5
3/31/2022,1217.857143,32.57142857,4.857142857,8804190,5
4/1/2022,1252.428571,31.85714286,4.857142857,8804190,5
4/2/2022,1280.714286,32.42857143,4.428571429,8804190,5
4/3/2022,1298.857143,32.85714286,4.142857143,8804190,5
4/4/2022,1390.571429,34,4.142857143,8804190,5
4/5/2022,1467.714286,36.85714286,4,8804190,5
4/6/2022,1550.714286,37.42857143,3.714285714,8804190,5
4/7/2022,1622,37.71428571,3.571428571,8804190,5
4/8/2022,1700.285714,39.42857143,3.285714286,8804190,5
4/9/2022,1742.285714,41.28571429,3.714285714,8804190,5
4/10/2022,1783.142857,43.85714286,4.142857143,8804190,5
4/11/2022,1845.714286,46.42857143,3.714285714,8804190,5
4/12/2022,1910.142857,46,3.857142857,8804190,5
4/13/2022,1983.285714,46.85714286,3.714285714,8804190,5
4/14/2022,2025.714286,47.42857143,4.428571429,8804190,5
4/15/2022,2042.714286,48.71428571,4.857142857,8804190,5
4/16/2022,2047.428571,48.42857143,4.714285714,8804190,5
4/17/2022,2015.428571,49.42857143,4.285714286,8804190,5
4/18/2022,1980.571429,49.57142857,4.428571429,8804190,5
4/19/2022,1962.571429,51.57142857,4.428571429,8804190,5
4/20/2022,1899.857143,51.42857143,4.285714286,8804190,5
4/21/2022,1856,53.28571429,4,8804190,5
4/22/2022,1829.285714,57.71428571,4,8804190,5
4/23/2022,1858.857143,60,3.857142857,8804190,5
4/24/2022,1929.714286,59.85714286,3.857142857,8804190,5
4/25/2022,2011,61,3.857142857,8804190,5
4/26/2022,2103.285714,62.42857143,4.142857143,8804190,5
4/27/2022,2192,68.28571429,4.571428571,8804190,5
4/28/2022,2288,70.14285714,4.428571429,8804190,5
4/29/2022,2426.428571,68.85714286,4,8804190,5
4/30/2022,2456.142857,70.85714286,4.428571429,8804190,5
5/1/2022,2515.285714,72.71428571,4.428571429,8804190,5
5/2/2022,2654.428571,73,4.714285714,8804190,5
5/3/2022,2772.857143,75.85714286,4.428571429,8804190,5
5/4/2022,2905.714286,75.57142857,4.428571429,8804190,5
5/5/2022,3034.571429,79.57142857,4.428571429,8804190,5
5/6/2022,3076.857143,80.42857143,4.857142857,8804190,5
5/7/2022,3110.428571,81.42857143,5,8804190,5
5/8/2022,3124.428571,82,4.857142857,8804190,5
5/9/2022,3190.142857,86.57142857,5.285714286,8804190,5
5/10/2022,3228.285714,88.28571429,4.714285714,8804190,5
5/11/2022,3280.142857,90.42857143,5.714285714,8804190,5
5/12/2022,3340.571429,89.71428571,6.428571429,8804190,5
5/13/2022,3404.571429,95.71428571,5.857142857,8804190,5
5/14/2022,3487.428571,99.42857143,6.571428571,8804190,5
5/15/2022,3525,102,7.428571429,8804190,5
5/16/2022,3547.142857,105,7.142857143,8804190,5
5/17/2022,3563,107.4285714,8,8804190,5
5/18/2022,3588.142857,108.4285714,7.571428571,8804190,5
5/19/2022,3553.285714,105.8571429,7,8804190,5
5/20/2022,3540,106.1428571,8,8804190,5
5/21/2022,3542.714286,110.1428571,8.285714286,8804190,5
5/22/2022,3556.428571,114.4285714,7.714285714,8804190,5
5/23/2022,3584.428571,116.4285714,8.285714286,8804190,5
5/24/2022,3556.142857,114.4285714,9.285714286,8804190,5
5/25/2022,3502.714286,118,9.714285714,8804190,5
5/26/2022,3439.285714,123.4285714,9.857142857,8804190,5
5/27/2022,3371,118,9.714285714,8804190,5
5/28/2022,3307.142857,109.2857143,8.857142857,8804190,5
5/29/2022,3229.428571,105.2857143,9.857142857,8804190,5
5/30/2022,2803.857143,100,9.285714286,8804190,5
5/31/2022,2850.571429,102.2857143,8.285714286,8804190,5
6/1/2022,2811,98.71428571,8,8804190,5
6/2/2022,2795.571429,97.85714286,9,8804190,5
6/3/2022,2773.142857,98.57142857,9.142857143,8804190,5
6/4/2022,2740,98,9.428571429,8804190,5
6/5/2022,2722.714286,96.71428571,9.142857143,8804190,5
6/6/2022,2951.428571,99.57142857,10.42857143,8804190,5
6/7/2022,2755.428571,95.14285714,10.42857143,8804190,5
6/8/2022,2657.428571,97,11.28571429,8804190,5
6/9/2022,2562.857143,97.14285714,11,8804190,5
6/10/2022,2507.714286,98,11.42857143,8804190,5
6/11/2022,2462.857143,101.2857143,11.85714286,8804190,5
6/12/2022,2440.571429,102,12.28571429,8804190,5
6/13/2022,2412,102.7142857,11,8804190,5
6/14/2022,2405.428571,106.2857143,10.42857143,8804190,5
6/15/2022,2392.714286,107.1428571,9,8804190,5
6/16/2022,2383,109.2857143,9.142857143,8804190,5
6/17/2022,2386.857143,110.7142857,8.571428571,8804190,5
6/18/2022,2436.142857,109.8571429,7.571428571,8804190,5
6/19/2022,2445.285714,111.5714286,6.142857143,8804190,5
6/20/2022,2347.857143,110.7142857,6.428571429,8804190,5
6/21/2022,2462,114.1428571,7.714285714,8804190,5
6/22/2022,2528,115.5714286,8,8804190,5
6/23/2022,2596.142857,113.7142857,7.857142857,8804190,5
6/24/2022,2649.285714,119,8.714285714,8804190,5
6/25/2022,2686.571429,122.2857143,9.428571429,8804190,5
6/26/2022,2755.428571,125.8571429,9.857142857,8804190,5
6/27/2022,2948.857143,128.2857143,10.28571429,8804190,5
6/28/2022,2944.142857,126.2857143,10.14285714,8804190,5
6/29/2022,2988,126.8571429,10.42857143,8804190,5
6/30/2022,3017,133.5714286,10,8804190,5
7/1/2022,3059.571429,133.1428571,9.142857143,8804190,5
7/2/2022,3081,135,8.857142857,8804190,5
7/3/2022,3103.285714,136.2857143,9.714285714,8804190,5
7/4/2022,2808.857143,134,9.857142857,8804190,5
7/5/2022,3037.142857,140.2857143,9.714285714,8804190,5
7/6/2022,3144.714286,146,9.142857143,8804190,5
7/7/2022,3299.142857,150.1428571,9.142857143,8804190,5
7/8/2022,3399.428571,152.7142857,8.571428571,8804190,5
7/9/2022,3447.142857,155.1428571,9.142857143,8804190,5
7/10/2022,3481.428571,158.2857143,8.571428571,8804190,5
7/11/2022,3945.571429,170.2857143,7.571428571,8804190,5
7/12/2022,3804.857143,174.8571429,7.857142857,8804190,5
7/13/2022,3750.428571,174.7142857,9.142857143,8804190,5
7/14/2022,3703.571429,173.2857143,9.857142857,8804190,5
7/15/2022,3693.142857,176.8571429,10.85714286,8804190,5
7/16/2022,3665.428571,179.7142857,9.857142857,8804190,5
7/17/2022,3656,180.2857143,11.42857143,8804190,5
7/18/2022,3566.285714,180.5714286,12.57142857,8804190,5
7/19/2022,3542.285714,180,12.28571429,8804190,5
7/20/2022,3521.714286,181.4285714,12.42857143,8804190,5
7/21/2022,3455,182.5714286,12.57142857,8804190,5
7/22/2022,3379.285714,178.5714286,13.28571429,8804190,5
7/23/2022,3353.857143,176.7142857,15.14285714,8804190,5
7/24/2022,3303,173.1428571,14.28571429,8804190,5
7/25/2022,3292.857143,172.8571429,14.85714286,8804190,5
7/26/2022,3264.857143,168.7142857,15.14285714,8804190,5
7/27/2022,3239.714286,166.2857143,15.14285714,8804190,5
7/28/2022,3208.714286,159.2857143,15.28571429,8804190,5
7/29/2022,3164.857143,157.8571429,15.28571429,8804190,5
7/30/2022,3113.428571,156.5714286,14.71428571,8804190,5
7/31/2022,3099.714286,158,14.71428571,8804190,5
8/1/2022,3037.857143,152.8571429,14.14285714,8804190,5
8/2/2022,2989.142857,152.4285714,14.42857143,8804190,5
8/3/2022,2924.285714,151.5714286,13.85714286,8804190,5
8/4/2022,2887.714286,153.7142857,14,8804190,5
8/5/2022,2862.714286,157.7142857,13.85714286,8804190,5
8/6/2022,2842.714286,155.1428571,14,8804190,5
8/7/2022,2796.857143,152.8571429,14.28571429,8804190,5
8/8/2022,2727.142857,152.1428571,15,8804190,5
8/9/2022,2611.571429,152.2857143,15.57142857,8804190,5
8/10/2022,2519.285714,150.1428571,15.42857143,8804190,5
8/11/2022,2427.142857,149.8571429,14.28571429,8804190,5
8/12/2022,2325.571429,145.7142857,14,8804190,5
8/13/2022,2271.285714,142.5714286,13.57142857,8804190,5
8/14/2022,2230.714286,140.4285714,13.57142857,8804190,5
8/15/2022,2132.142857,138.5714286,13,8804190,5
8/16/2022,2081,135.2857143,12.42857143,8804190,5
8/17/2022,2031.428571,134.1428571,13.71428571,8804190,5
8/18/2022,2001.714286,130.5714286,14.57142857,8804190,5
8/19/2022,1989,126.7142857,14.14285714,8804190,5
8/20/2022,1983.714286,129,14.85714286,8804190,5
8/21/2022,1974.571429,128,15,8804190,5
8/22/2022,1919,127.8571429,15.42857143,8804190,5
8/23/2022,1872.285714,125.2857143,14.85714286,8804190,5
8/24/2022,1830.428571,124.5714286,14.14285714,8804190,5
8/25/2022,1792.714286,123.7142857,14,8804190,5
8/26/2022,1758.571429,125.2857143,15.14285714,8804190,5
8/27/2022,1737.714286,124.7142857,14.14285714,8804190,5
8/28/2022,1716.142857,123.2857143,13.85714286,8804190,5
8/29/2022,1701.428571,123,12.14285714,8804190,5
8/30/2022,1674.428571,125.1428571,12.85714286,8804190,5
8/31/2022,1663.571429,119.5714286,12.42857143,8804190,5
9/1/2022,1637,117.7142857,11.85714286,8804190,NA
9/2/2022,1606.857143,115.2857143,11.14285714,8804190,NA
9/3/2022,1579.285714,112.5714286,10.57142857,8804190,NA
9/4/2022,1556.857143,110.2857143,11.28571429,8804190,NA
9/5/2022,1386.142857,102.7142857,12,8804190,NA
9/6/2022,1412.571429,98.85714286,10.85714286,8804190,NA
9/7/2022,1407.142857,99.28571429,10.71428571,8804190,NA
9/8/2022,1403.857143,99.42857143,11.28571429,8804190,NA
9/9/2022,1408.285714,97.28571429,10.85714286,8804190,NA
9/10/2022,1422.857143,97.71428571,11.28571429,8804190,NA
9/11/2022,1420.857143,100.8571429,10,8804190,NA
9/12/2022,1575.142857,103.8571429,9.428571429,8804190,NA
9/13/2022,1530.142857,105.7142857,10.28571429,8804190,NA
9/14/2022,1533.142857,107.8571429,9.857142857,8804190,NA
9/15/2022,1535.571429,108.1428571,10.28571429,8804190,NA
9/16/2022,1548.571429,106.7142857,11.57142857,8804190,NA
9/17/2022,1557,105.7142857,11.57142857,8804190,NA
9/18/2022,1587.142857,105.1428571,12,8804190,NA
9/19/2022,1639.285714,102.4285714,12.71428571,8804190,NA
9/20/2022,1711.285714,101.7142857,12.14285714,8804190,NA
9/21/2022,1742.142857,102.8571429,13,8804190,NA
9/22/2022,1740.714286,101.5714286,12,8804190,NA
9/23/2022,1727.571429,105.5714286,10.28571429,8804190,NA
9/24/2022,1714.285714,106.5714286,9.571428571,8804190,NA
9/25/2022,1700.285714,110.1428571,8.714285714,8804190,NA
9/26/2022,1641.285714,116.4285714,8,8804190,NA
9/27/2022,1593.142857,118.2857143,8,8804190,NA
9/28/2022,1593.142857,119.8571429,7.142857143,8804190,NA
9/29/2022,1622.142857,121.4285714,7.428571429,8804190,NA
9/30/2022,1631,122.8571429,8.571428571,8804190,NA
10/1/2022,1616.285714,125.4285714,8.857142857,8804190,NA
10/2/2022,1600.285714,123.4285714,9.142857143,8804190,NA
10/3/2022,1590,122.1428571,9.714285714,8804190,NA
10/4/2022,1551.142857,123.4285714,9.285714286,8804190,NA
10/5/2022,1473.857143,122.8571429,10.57142857,8804190,NA
10/6/2022,1479.571429,125,10.42857143,8804190,NA
10/7/2022,1480.571429,123.7142857,9.714285714,8804190,NA
10/8/2022,1490.285714,121,10.28571429,8804190,NA
10/9/2022,1492.857143,118.4285714,10.71428571,8804190,NA
10/10/2022,1453.285714,115.2857143,11,8804190,NA
10/11/2022,1504.857143,109.1428571,12,8804190,NA
10/12/2022,1569,104.8571429,10.85714286,8804190,NA
10/13/2022,1561,103.5714286,11.28571429,8804190,NA
10/14/2022,1567.857143,102.8571429,11.42857143,8804190,NA
10/15/2022,1577.857143,104,11,8804190,NA
10/16/2022,1581.285714,102.4285714,10.42857143,8804190,NA
10/17/2022,1638,102.4285714,11,8804190,NA
10/18/2022,1619.285714,104.7142857,10.85714286,8804190,NA
10/19/2022,1604.714286,110.5714286,11.57142857,8804190,NA
10/20/2022,1575.857143,112.7142857,11.14285714,8804190,NA
10/21/2022,1566.142857,113.4285714,12,8804190,NA
10/22/2022,1584.571429,116,12.28571429,8804190,NA
10/23/2022,1601.714286,119.5714286,13.28571429,8804190,NA
10/24/2022,1638.285714,122.8571429,14,8804190,NA
10/25/2022,1692.285714,126.4285714,14.42857143,8804190,NA
10/26/2022,1749.428571,126.2857143,15,8804190,NA
10/27/2022,1797.142857,123.4285714,15,8804190,NA
10/28/2022,1824.285714,122.2857143,14.14285714,8804190,NA
10/29/2022,1822.285714,119.2857143,14.14285714,8804190,NA
10/30/2022,1837.714286,122.2857143,13.71428571,8804190,NA
10/31/2022,1849.714286,124.8571429,12.57142857,8804190,NA
11/1/2022,1853,125.8571429,12.28571429,8804190,NA
11/2/2022,1877.428571,125.5714286,12,8804190,NA
11/3/2022,1922.285714,129.8571429,12.57142857,8804190,NA
11/4/2022,1973.857143,132.8571429,12,8804190,NA
11/5/2022,2008.285714,137.7142857,12.57142857,8804190,NA
11/6/2022,2037.428571,135.7142857,12.57142857,8804190,NA
11/7/2022,2088.285714,135.1428571,12.42857143,8804190,NA
11/8/2022,2086,134,12.85714286,8804190,NA
11/9/2022,2057.857143,128.7142857,13.14285714,8804190,NA
11/10/2022,2011.428571,126,12.57142857,8804190,NA
11/11/2022,1934.142857,125.4285714,13.85714286,8804190,NA
11/12/2022,1946.571429,120.4285714,13.57142857,8804190,NA
11/13/2022,1931.142857,111.5714286,12.85714286,8804190,NA
11/14/2022,1905,92.57142857,11.71428571,8804190,NA
